{
"type": "FeatureCollection",
"crs": { "type": "name", "properties": { "name": "urn:ogc:def:crs:OGC:1.3:CRS84" } },
"features": [
{ "type": "Feature", "properties": { "shapeName": "Al Harth", "shapeISO": "None", "shapeID": "SAU-ADM2-3_0_0-B1", "shapeGroup": "SAU", "shapeType": "ADM2" }, "geometry": { "type": "MultiPolygon", "coordinates": [ [ [ [ 43.1426069, 16.9232355 ], [ 43.1381007, 16.9176041 ], [ 43.1375029, 16.9105999 ], [ 43.139516, 16.9019947 ], [ 43.145415, 16.9000866 ], [ 43.1498006, 16.8902909 ], [ 43.1515988, 16.8800997 ], [ 43.159707, 16.8760936 ], [ 43.167804, 16.8708932 ], [ 43.1760001, 16.8669005 ], [ 43.1751014, 16.8579011 ], [ 43.1800036, 16.8491004 ], [ 43.1900019, 16.8483025 ], [ 43.1939, 16.8516009 ], [ 43.1993019, 16.8533 ], [ 43.2023026, 16.8496992 ], [ 43.2213012, 16.8380945 ], [ 43.2245999, 16.8232989 ], [ 43.2313264, 16.8078082 ], [ 43.2323706, 16.8068175 ], [ 43.2420941, 16.8053889 ], [ 43.2463858, 16.8072498 ], [ 43.2545731, 16.8034242 ], [ 43.2561233, 16.8010167 ], [ 43.2594552, 16.8003389 ], [ 43.2666, 16.7948995 ], [ 43.2565609, 16.7906826 ], [ 43.2525085, 16.7864317 ], [ 43.253116, 16.781696 ], [ 43.2502071, 16.7763771 ], [ 43.2484397, 16.7751623 ], [ 43.251397, 16.7681161 ], [ 43.255615, 16.7601852 ], [ 43.2614847, 16.7578868 ], [ 43.2611019, 16.7543431 ], [ 43.2522901, 16.7488379 ], [ 43.2503325, 16.7483984 ], [ 43.2451616, 16.7442008 ], [ 43.2417293, 16.7429749 ], [ 43.2379324, 16.7459938 ], [ 43.2321069, 16.7440565 ], [ 43.228944, 16.748258 ], [ 43.2229507, 16.7484692 ], [ 43.2212453, 16.7473913 ], [ 43.2206372, 16.7424404 ], [ 43.2240007, 16.7371989 ], [ 43.2215627, 16.7317312 ], [ 43.2254689, 16.7315292 ], [ 43.2279309, 16.7275899 ], [ 43.2218703, 16.724579 ], [ 43.2162309, 16.7208163 ], [ 43.2117248, 16.7133011 ], [ 43.2105083, 16.7097774 ], [ 43.2131492, 16.7059331 ], [ 43.2188122, 16.6998133 ], [ 43.2247231, 16.6994182 ], [ 43.22818, 16.6942897 ], [ 43.2275698, 16.6918642 ], [ 43.2320025, 16.6843182 ], [ 43.2318732, 16.6797568 ], [ 43.2332841, 16.6741026 ], [ 43.2334265, 16.6694205 ], [ 43.2317696, 16.6624497 ], [ 43.233369, 16.6577329 ], [ 43.2336974, 16.6505683 ], [ 43.2290818, 16.6489357 ], [ 43.224717, 16.6503981 ], [ 43.1954484, 16.655085 ], [ 43.1909835, 16.6568822 ], [ 43.1833301, 16.6585128 ], [ 43.1773009, 16.6621703 ], [ 43.1711218, 16.6635942 ], [ 43.1645652, 16.6666085 ], [ 43.1604239, 16.6718561 ], [ 43.1555693, 16.676386 ], [ 43.1503645, 16.6785 ], [ 43.1486904, 16.6982778 ], [ 43.129463, 16.7620168 ], [ 43.074739, 16.741245 ], [ 43.0201551, 16.8686336 ], [ 43.0155233, 16.882353 ], [ 43.0048197, 16.8905978 ], [ 42.9946904, 16.9169036 ], [ 43.0042722, 16.9206743 ], [ 43.0340923, 16.9620079 ], [ 43.0961669, 16.9637542 ], [ 43.1426069, 16.9232355 ] ] ] ] } },
{ "type": "Feature", "properties": { "shapeName": "Al Dayer", "shapeISO": "None", "shapeID": "SAU-ADM2-3_0_0-B2", "shapeGroup": "SAU", "shapeType": "ADM2" }, "geometry": { "type": "MultiPolygon", "coordinates": [ [ [ [ 43.2290388, 17.4298092 ], [ 43.2254991, 17.4261998 ], [ 43.2471, 17.4015037 ], [ 43.2349952, 17.3905907 ], [ 43.2348004, 17.3891959 ], [ 43.2279994, 17.3855006 ], [ 43.2462746, 17.3710276 ], [ 43.2587862, 17.3622923 ], [ 43.2767842, 17.3582118 ], [ 43.3259974, 17.3284015 ], [ 43.3365018, 17.3039985 ], [ 43.328383, 17.3033716 ], [ 43.3101403, 17.2995876 ], [ 43.3023996, 17.2931992 ], [ 43.2922737, 17.2922967 ], [ 43.2722036, 17.2910982 ], [ 43.2671943, 17.2921934 ], [ 43.2558996, 17.2784992 ], [ 43.2448374, 17.2757172 ], [ 43.2324013, 17.2688979 ], [ 43.2040853, 17.2602166 ], [ 43.2021687, 17.2558178 ], [ 43.2039664, 17.2475836 ], [ 43.1998996, 17.2428007 ], [ 43.2163008, 17.2103987 ], [ 43.2109963, 17.2070963 ], [ 43.1893076, 17.188896 ], [ 43.1903099, 17.1854975 ], [ 43.1816017, 17.1825008 ], [ 43.1731991, 17.1748738 ], [ 43.1549941, 17.1857443 ], [ 43.1386488, 17.1914225 ], [ 43.1424112, 17.1776437 ], [ 43.1453377, 17.146886 ], [ 43.1281969, 17.1464865 ], [ 43.078447, 17.144489 ], [ 43.0771928, 17.1620658 ], [ 43.0717579, 17.1704541 ], [ 43.0625604, 17.1812385 ], [ 43.0558714, 17.1904247 ], [ 43.0402269, 17.1981877 ], [ 43.0374764, 17.2036041 ], [ 43.0362222, 17.2111919 ], [ 43.0387306, 17.2163833 ], [ 43.0366403, 17.2235712 ], [ 43.0378945, 17.2291616 ], [ 43.0416571, 17.2407411 ], [ 43.0464689, 17.2495559 ], [ 43.039366, 17.2490788 ], [ 43.0225141, 17.2471463 ], [ 43.0225138, 17.2471475 ], [ 43.0394797, 17.2913955 ], [ 43.0426602, 17.3161217 ], [ 43.0478236, 17.3463709 ], [ 43.0549683, 17.409881 ], [ 43.0406789, 17.4313058 ], [ 43.0202655, 17.4673328 ], [ 43.0049554, 17.4877774 ], [ 42.98148, 17.5130866 ], [ 42.9661699, 17.5393654 ], [ 42.9529012, 17.5559094 ], [ 42.9335084, 17.5666135 ], [ 42.9537656, 17.5844229 ], [ 42.9963788, 17.5934894 ], [ 43.00097, 17.5974018 ], [ 43.0029141, 17.5977492 ], [ 43.0294515, 17.6113694 ], [ 43.0441191, 17.6327457 ], [ 43.0661957, 17.607478 ], [ 43.0978365, 17.5967763 ], [ 43.1162086, 17.582182 ], [ 43.1213119, 17.5559094 ], [ 43.1376426, 17.5218466 ], [ 43.14887, 17.4906979 ], [ 43.151932, 17.4575965 ], [ 43.151932, 17.4313058 ], [ 43.1917382, 17.4215676 ], [ 43.2290388, 17.4298092 ] ] ] ] } },
{ "type": "Feature", "properties": { "shapeName": "Al Reeth", "shapeISO": "None", "shapeID": "SAU-ADM2-3_0_0-B3", "shapeGroup": "SAU", "shapeType": "ADM2" }, "geometry": { "type": "MultiPolygon", "coordinates": [ [ [ [ 43.0268198, 17.6845355 ], [ 43.0256903, 17.6716211 ], [ 43.0441192, 17.6327456 ], [ 43.0294515, 17.6113694 ], [ 43.0029141, 17.5977492 ], [ 43.00097, 17.5974018 ], [ 42.9963788, 17.5934894 ], [ 42.953766, 17.584423 ], [ 42.9335084, 17.5666135 ], [ 42.9127372, 17.5710626 ], [ 42.8908557, 17.5762469 ], [ 42.814801, 17.5566093 ], [ 42.7832054, 17.5417236 ], [ 42.7558169, 17.5060119 ], [ 42.6698871, 17.54545 ], [ 42.6444204, 17.6275119 ], [ 42.7185903, 17.7469525 ], [ 42.7475201, 17.7430682 ], [ 42.8111787, 17.7518878 ], [ 42.8230295, 17.7530165 ], [ 42.8704329, 17.7620455 ], [ 42.9071705, 17.7620455 ], [ 42.9296871, 17.7530165 ], [ 42.9640546, 17.7349572 ], [ 42.9865712, 17.6977041 ], [ 43.0268198, 17.6845355 ] ] ] ] } },
{ "type": "Feature", "properties": { "shapeName": "Abu Areesh", "shapeISO": "None", "shapeID": "SAU-ADM2-3_0_0-B4", "shapeGroup": "SAU", "shapeType": "ADM2" }, "geometry": { "type": "MultiPolygon", "coordinates": [ [ [ [ 42.9946904, 16.9169036 ], [ 42.9860917, 16.9176403 ], [ 42.8947762, 16.9195395 ], [ 42.8623526, 16.9122592 ], [ 42.780393, 16.8959514 ], [ 42.7779941, 16.8991646 ], [ 42.7736267, 16.883295 ], [ 42.7380962, 16.9150836 ], [ 42.7312754, 16.9194341 ], [ 42.7159286, 16.9536902 ], [ 42.7551483, 16.9982683 ], [ 42.7341174, 17.0221838 ], [ 42.7499917, 17.0341096 ], [ 42.7742472, 17.0549113 ], [ 42.8281072, 17.060135 ], [ 42.9288021, 17.1451862 ], [ 42.9863542, 17.1365351 ], [ 42.9797491, 17.1167941 ], [ 42.9575386, 17.0483844 ], [ 42.9538368, 17.0188897 ], [ 42.9600064, 16.9492639 ], [ 42.9916495, 16.9248002 ], [ 42.9946904, 16.9169036 ] ] ] ] } },
{ "type": "Feature", "properties": { "shapeName": "Al Darb", "shapeISO": "None", "shapeID": "SAU-ADM2-3_0_0-B5", "shapeGroup": "SAU", "shapeType": "ADM2" }, "geometry": { "type": "MultiPolygon", "coordinates": [ [ [ [ 42.2958052, 17.8145191 ], [ 42.303455, 17.8177871 ], [ 42.3232256, 17.8228921 ], [ 42.3425163, 17.820666 ], [ 42.357715, 17.8212225 ], [ 42.375252, 17.807309 ], [ 42.4003884, 17.7989604 ], [ 42.46899, 17.7995945 ], [ 42.5317157, 17.8008548 ], [ 42.5697582, 17.7939878 ], [ 42.7185903, 17.7469525 ], [ 42.6444204, 17.6275119 ], [ 42.6698871, 17.54545 ], [ 42.6138948, 17.50081 ], [ 42.5595076, 17.4614347 ], [ 42.4996616, 17.5122596 ], [ 42.3635735, 17.486458 ], [ 42.2685651, 17.4669909 ], [ 42.2649492, 17.4707069 ], [ 42.2602257, 17.4727009 ], [ 42.2574057, 17.4819273 ], [ 42.2568863, 17.4897695 ], [ 42.2512687, 17.4887916 ], [ 42.2391687, 17.4996905 ], [ 42.2383938, 17.5066286 ], [ 42.2347691, 17.5068354 ], [ 42.2328141, 17.5119554 ], [ 42.2294081, 17.5179871 ], [ 42.227256, 17.5199626 ], [ 42.2204637, 17.5215627 ], [ 42.2174392, 17.5264101 ], [ 42.2096321, 17.52823 ], [ 42.202144, 17.5354597 ], [ 42.1987267, 17.5396573 ], [ 42.1967781, 17.5442623 ], [ 42.1921767, 17.5468998 ], [ 42.187325, 17.548375 ], [ 42.1824037, 17.5543525 ], [ 42.1802559, 17.5544509 ], [ 42.1793753, 17.5593283 ], [ 42.1621166, 17.5650004 ], [ 42.1599204, 17.5681854 ], [ 42.1550559, 17.5704316 ], [ 42.1457127, 17.5680829 ], [ 42.1410639, 17.56444 ], [ 42.136106, 17.5726033 ], [ 42.1390943, 17.5873154 ], [ 42.138817, 17.5952414 ], [ 42.1360286, 17.6030975 ], [ 42.1311546, 17.6058574 ], [ 42.1188326, 17.6213758 ], [ 42.1098409, 17.6298657 ], [ 42.0991308, 17.6366565 ], [ 42.0940889, 17.6414716 ], [ 42.088136, 17.6444718 ], [ 42.0847273, 17.6477669 ], [ 42.0809531, 17.6537825 ], [ 42.0746586, 17.6572823 ], [ 42.069186, 17.6584775 ], [ 42.0590022, 17.656797 ], [ 42.0538646, 17.6595689 ], [ 42.0519822, 17.6619329 ], [ 42.0514119, 17.6663132 ], [ 42.0474953, 17.6760329 ], [ 42.043092, 17.6826574 ], [ 42.0380792, 17.6873347 ], [ 42.0296595, 17.6914614 ], [ 42.0280111, 17.6937523 ], [ 42.0199041, 17.6969747 ], [ 42.0145299, 17.6972786 ], [ 42.0105006, 17.6955395 ], [ 42.0082709, 17.6974782 ], [ 42.0011836, 17.7002635 ], [ 41.996945, 17.7046954 ], [ 41.9932086, 17.706039 ], [ 41.9927272, 17.7093914 ], [ 41.9872668, 17.7100999 ], [ 41.9844405, 17.7115761 ], [ 41.980135, 17.7181596 ], [ 41.974924, 17.7205978 ], [ 41.9700879, 17.7204137 ], [ 41.96689, 17.7218779 ], [ 41.9591058, 17.7302298 ], [ 41.9582175, 17.7333311 ], [ 41.9524338, 17.7408809 ], [ 41.949508, 17.742597 ], [ 41.9430688, 17.7429512 ], [ 41.9380371, 17.7472731 ], [ 41.9509914, 17.7595448 ], [ 41.9635836, 17.7733813 ], [ 41.9679425, 17.7821439 ], [ 41.9800504, 17.7964398 ], [ 41.9829563, 17.8088902 ], [ 41.9882837, 17.8259504 ], [ 42.0046985, 17.8380554 ], [ 42.0187957, 17.8494632 ], [ 42.0386526, 17.8559171 ], [ 42.0502762, 17.8522292 ], [ 42.057541, 17.8485412 ], [ 42.0628685, 17.8310221 ], [ 42.0691646, 17.8185732 ], [ 42.0817568, 17.8176511 ], [ 42.1267982, 17.8287168 ], [ 42.1306727, 17.8218008 ], [ 42.1287355, 17.8005901 ], [ 42.1224394, 17.7826051 ], [ 42.1292198, 17.7738425 ], [ 42.160216, 17.7743037 ], [ 42.1887907, 17.760006 ], [ 42.2110692, 17.7627734 ], [ 42.2449714, 17.7779932 ], [ 42.2759676, 17.796901 ], [ 42.2958052, 17.8145191 ] ] ] ] } },
{ "type": "Feature", "properties": { "shapeName": "Al Eidabi", "shapeISO": "None", "shapeID": "SAU-ADM2-3_0_0-B6", "shapeGroup": "SAU", "shapeType": "ADM2" }, "geometry": { "type": "MultiPolygon", "coordinates": [ [ [ [ 43.0063743, 17.1963572 ], [ 42.9863542, 17.1365351 ], [ 42.9314087, 17.1447944 ], [ 42.8968311, 17.2022643 ], [ 42.8950679, 17.2049505 ], [ 42.8772481, 17.2331941 ], [ 42.8751639, 17.2397301 ], [ 42.8328194, 17.3023128 ], [ 42.7530187, 17.4294938 ], [ 42.7558169, 17.5060119 ], [ 42.7832054, 17.5417236 ], [ 42.814801, 17.5566093 ], [ 42.8908557, 17.5762469 ], [ 42.9127372, 17.5710626 ], [ 42.9335084, 17.5666135 ], [ 42.9529012, 17.5559094 ], [ 42.9661699, 17.5393654 ], [ 42.98148, 17.5130866 ], [ 43.0049554, 17.4877774 ], [ 43.0202655, 17.4673328 ], [ 43.0406789, 17.4313058 ], [ 43.0549683, 17.409881 ], [ 43.0478236, 17.3463709 ], [ 43.0426602, 17.3161217 ], [ 43.0394797, 17.2913955 ], [ 43.0225138, 17.2471475 ], [ 43.0225141, 17.2471463 ], [ 43.0176044, 17.232977 ], [ 43.0063743, 17.1963572 ] ] ] ] } },
{ "type": "Feature", "properties": { "shapeName": "Najran", "shapeISO": "None", "shapeID": "SAU-ADM2-3_0_0-B7", "shapeGroup": "SAU", "shapeType": "ADM2" }, "geometry": { "type": "MultiPolygon", "coordinates": [ [ [ [ 44.4883414, 17.6914586 ], [ 44.5425167, 17.6883217 ], [ 44.5782476, 17.6138887 ], [ 44.5454302, 17.4135164 ], [ 44.5335343, 17.4156626 ], [ 44.5299805, 17.4172957 ], [ 44.516344, 17.421449 ], [ 44.4676028, 17.4350063 ], [ 44.4377893, 17.435148 ], [ 44.4226049, 17.4347946 ], [ 44.4203569, 17.4351115 ], [ 44.3886289, 17.435148 ], [ 44.366096, 17.4333548 ], [ 44.2907652, 17.4243963 ], [ 44.2396896, 17.4192994 ], [ 44.2270118, 17.4178998 ], [ 44.2082981, 17.4138998 ], [ 44.1905787, 17.4144395 ], [ 44.1796033, 17.4137928 ], [ 44.1380134, 17.4088972 ], [ 44.1308022, 17.3836029 ], [ 44.1108073, 17.3663987 ], [ 44.1005557, 17.366072 ], [ 44.066693, 17.4057998 ], [ 44.0494694, 17.4048397 ], [ 44.0232417, 17.3912938 ], [ 44.0112954, 17.4024274 ], [ 43.9666616, 17.3305504 ], [ 43.9055979, 17.3416999 ], [ 43.8319492, 17.3388828 ], [ 43.8058015, 17.3565989 ], [ 43.7888948, 17.3749999 ], [ 43.7677717, 17.3743961 ], [ 43.7466347, 17.3724692 ], [ 43.7477302, 17.3902424 ], [ 43.7389341, 17.3991026 ], [ 43.7192073, 17.5430036 ], [ 43.7375737, 17.55246 ], [ 43.7951309, 17.579369 ], [ 43.9360392, 17.6428136 ], [ 44.1023578, 17.7237786 ], [ 44.2881005, 17.7284041 ], [ 44.3347781, 17.727036 ], [ 44.401003, 17.7295604 ], [ 44.4883414, 17.6914586 ] ] ] ] } },
{ "type": "Feature", "properties": { "shapeName": "Najran", "shapeISO": "None", "shapeID": "SAU-ADM2-3_0_0-B8", "shapeGroup": "SAU", "shapeType": "ADM2" }, "geometry": { "type": "MultiPolygon", "coordinates": [ [ [ [ 47.6445888, 19.3667215 ], [ 47.6483103, 19.0206274 ], [ 47.6197038, 18.6032139 ], [ 47.6272575, 18.3094423 ], [ 47.6307023, 18.1300331 ], [ 47.4705234, 18.1077397 ], [ 47.1966869, 18.0955352 ], [ 47.0471357, 18.0924217 ], [ 46.9017632, 18.1386469 ], [ 46.7660674, 18.2571086 ], [ 46.6414081, 18.0750536 ], [ 46.6007189, 17.9984803 ], [ 46.420764, 17.9857938 ], [ 46.2904012, 17.9766029 ], [ 46.1796992, 17.9687978 ], [ 46.0217414, 17.9592434 ], [ 46.0047754, 18.0345147 ], [ 45.975947, 18.1167317 ], [ 45.9565487, 18.217848 ], [ 45.8979878, 18.315983 ], [ 45.8600954, 18.3715681 ], [ 45.7739764, 18.3879133 ], [ 45.7154155, 18.4075255 ], [ 45.6396308, 18.3813754 ], [ 45.550067, 18.3748373 ], [ 45.4915061, 18.3486823 ], [ 45.450169, 18.4042569 ], [ 45.4122766, 18.4434753 ], [ 45.3537157, 18.4434753 ], [ 45.2835253, 18.4567916 ], [ 45.3025695, 18.5130032 ], [ 45.3958528, 18.5677669 ], [ 45.3862184, 18.6469177 ], [ 45.405153, 19.1008019 ], [ 45.4344015, 19.4390215 ], [ 46.9483167, 19.3903972 ], [ 46.9738846, 19.392498 ], [ 47.6445888, 19.3667215 ] ] ] ] } },
{ "type": "Feature", "properties": { "shapeName": "Thaar", "shapeISO": "None", "shapeID": "SAU-ADM2-3_0_0-B9", "shapeGroup": "SAU", "shapeType": "ADM2" }, "geometry": { "type": "MultiPolygon", "coordinates": [ [ [ [ 45.3857608, 18.3410088 ], [ 45.4110763, 18.2553827 ], [ 45.3950528, 18.2374794 ], [ 45.4246346, 18.1611126 ], [ 45.4386418, 18.1213006 ], [ 45.4536952, 18.0759901 ], [ 45.3993358, 18.0139673 ], [ 45.2270228, 17.9700214 ], [ 44.6158153, 17.9775847 ], [ 44.4954091, 17.9599394 ], [ 44.4522649, 17.9462583 ], [ 44.3825085, 17.903855 ], [ 44.3350458, 17.8636284 ], [ 44.3007913, 17.8754788 ], [ 44.0413118, 17.8628886 ], [ 44.0041963, 17.8281675 ], [ 43.9806342, 17.8045547 ], [ 43.951247, 17.7793712 ], [ 43.9141159, 17.7960486 ], [ 43.9120808, 17.8125187 ], [ 43.8665571, 18.0622728 ], [ 43.8399285, 18.2712829 ], [ 43.8554647, 18.2802624 ], [ 43.9070843, 18.2907241 ], [ 44.1254547, 18.2163047 ], [ 44.3825676, 18.1537282 ], [ 44.4982517, 18.3271085 ], [ 44.6345315, 18.385828 ], [ 44.7701962, 18.3647086 ], [ 44.9664165, 18.3913103 ], [ 45.1333372, 18.4155351 ], [ 45.1651465, 18.4104754 ], [ 45.3857608, 18.3410088 ] ] ] ] } },
{ "type": "Feature", "properties": { "shapeName": "Badr Janoub", "shapeISO": "None", "shapeID": "SAU-ADM2-3_0_0-B10", "shapeGroup": "SAU", "shapeType": "ADM2" }, "geometry": { "type": "MultiPolygon", "coordinates": [ [ [ [ 43.8399285, 18.2712829 ], [ 43.8665571, 18.0622728 ], [ 43.9120808, 17.8125187 ], [ 43.9141159, 17.7960486 ], [ 43.9161482, 17.7407845 ], [ 43.9180621, 17.6347206 ], [ 43.7951309, 17.579369 ], [ 43.7375737, 17.55246 ], [ 43.7192073, 17.5430036 ], [ 43.7190258, 17.5443276 ], [ 43.6951752, 17.5706028 ], [ 43.6670841, 17.601142 ], [ 43.6358347, 17.6575162 ], [ 43.5737517, 17.776689 ], [ 43.613259, 17.8868307 ], [ 43.6332674, 17.8987199 ], [ 43.6475134, 17.9422889 ], [ 43.6761035, 17.9886812 ], [ 43.7055147, 18.0245565 ], [ 43.7034796, 18.043908 ], [ 43.7380768, 18.1396666 ], [ 43.7601453, 18.1978579 ], [ 43.7623504, 18.2151733 ], [ 43.7794602, 18.2113036 ], [ 43.7829049, 18.2603799 ], [ 43.8102218, 18.2958748 ], [ 43.8483554, 18.2930898 ], [ 43.8554654, 18.2802628 ], [ 43.8399285, 18.2712829 ] ] ] ] } },
{ "type": "Feature", "properties": { "shapeName": "Sarat Abaida", "shapeISO": "None", "shapeID": "SAU-ADM2-3_0_0-B11", "shapeGroup": "SAU", "shapeType": "ADM2" }, "geometry": { "type": "MultiPolygon", "coordinates": [ [ [ [ 43.975832, 18.4818485 ], [ 43.9682795, 18.4669412 ], [ 43.9738691, 18.4523606 ], [ 43.9165751, 18.3754603 ], [ 43.8411147, 18.314446 ], [ 43.8203641, 18.2951341 ], [ 43.8102218, 18.2958748 ], [ 43.7829049, 18.2603799 ], [ 43.7794602, 18.2113036 ], [ 43.7623503, 18.2151732 ], [ 43.7601453, 18.1978579 ], [ 43.7380768, 18.1396666 ], [ 43.7034796, 18.043908 ], [ 43.7055147, 18.0245565 ], [ 43.6761035, 17.9886812 ], [ 43.6475134, 17.9422889 ], [ 43.6332674, 17.8987199 ], [ 43.613259, 17.8868307 ], [ 43.4486452, 17.8707167 ], [ 43.4157224, 17.8563919 ], [ 43.3526633, 17.8301737 ], [ 43.2729852, 17.7978471 ], [ 43.2491559, 17.7052527 ], [ 43.2091228, 17.6262374 ], [ 43.176715, 17.5517315 ], [ 43.1711249, 17.5371267 ], [ 43.1498342, 17.480276 ], [ 43.14887, 17.4906979 ], [ 43.1376426, 17.5218466 ], [ 43.1213119, 17.5559094 ], [ 43.1162086, 17.582182 ], [ 43.0978365, 17.5967763 ], [ 43.0661957, 17.607478 ], [ 43.0441192, 17.6327456 ], [ 43.0256902, 17.6716212 ], [ 43.0268198, 17.6845355 ], [ 42.9865712, 17.6977041 ], [ 42.9640546, 17.7349572 ], [ 42.9296871, 17.7530165 ], [ 42.9071705, 17.7620455 ], [ 42.8704329, 17.7620455 ], [ 42.8230295, 17.7530165 ], [ 42.8111787, 17.7518878 ], [ 42.828955, 17.771074 ], [ 42.8389038, 17.7934314 ], [ 42.871618, 17.8753203 ], [ 42.8822364, 17.8969742 ], [ 43.0009443, 17.9455601 ], [ 43.0296063, 17.9590738 ], [ 43.0601327, 17.9590738 ], [ 43.1148698, 17.9861081 ], [ 43.0772139, 18.0992601 ], [ 43.0427117, 18.2047547 ], [ 43.0578383, 18.227807 ], [ 43.0663947, 18.2571086 ], [ 43.0925014, 18.3064177 ], [ 43.1467955, 18.3700809 ], [ 43.2004632, 18.4378041 ], [ 43.2277044, 18.4690657 ], [ 43.2483206, 18.5118243 ], [ 43.2645193, 18.5524984 ], [ 43.2946212, 18.6139529 ], [ 43.330574, 18.6951824 ], [ 43.3316413, 18.6949128 ], [ 43.3483487, 18.7362384 ], [ 43.3982095, 18.8412428 ], [ 43.4714025, 18.9999781 ], [ 43.5107688, 18.9596552 ], [ 43.6139337, 18.8576137 ], [ 43.7207782, 18.7478017 ], [ 43.9402391, 18.5213058 ], [ 43.975832, 18.4818485 ] ] ] ] } },
{ "type": "Feature", "properties": { "shapeName": "Uhd Rofidah", "shapeISO": "None", "shapeID": "SAU-ADM2-3_0_0-B12", "shapeGroup": "SAU", "shapeType": "ADM2" }, "geometry": { "type": "MultiPolygon", "coordinates": [ [ [ [ 42.692755, 18.2060294 ], [ 42.6945844, 18.1917585 ], [ 42.712399, 18.1917585 ], [ 42.7770407, 18.1632268 ], [ 42.7760227, 18.1811201 ], [ 42.81267, 18.1883736 ], [ 42.8192869, 18.1994951 ], [ 42.8233588, 18.2023963 ], [ 42.8314489, 18.2015179 ], [ 42.8406645, 18.2028798 ], [ 42.8554252, 18.1999786 ], [ 42.863569, 18.1743499 ], [ 43.0427117, 18.2047547 ], [ 43.0772139, 18.0992601 ], [ 43.1148698, 17.9861081 ], [ 43.0601327, 17.9590738 ], [ 43.0296063, 17.9590738 ], [ 43.0009443, 17.9455601 ], [ 42.8822364, 17.8969742 ], [ 42.87875, 17.8898648 ], [ 42.787477, 17.9041916 ], [ 42.7578499, 17.9357642 ], [ 42.7578499, 17.9819853 ], [ 42.6997807, 17.9921298 ], [ 42.6251204, 18.0980484 ], [ 42.6085292, 18.1746305 ], [ 42.692755, 18.2060294 ] ] ] ] } },
{ "type": "Feature", "properties": { "shapeName": "Sabya", "shapeISO": "None", "shapeID": "SAU-ADM2-3_0_0-B13", "shapeGroup": "SAU", "shapeType": "ADM2" }, "geometry": { "type": "MultiPolygon", "coordinates": [ [ [ [ 42.7530187, 17.4294938 ], [ 42.8328194, 17.3023128 ], [ 42.8751639, 17.2397301 ], [ 42.8772481, 17.2331941 ], [ 42.8950679, 17.2049505 ], [ 42.8968311, 17.2022643 ], [ 42.8198973, 17.1876537 ], [ 42.7912594, 17.1486865 ], [ 42.7822075, 17.1361155 ], [ 42.7635288, 17.1302413 ], [ 42.7437866, 17.1243279 ], [ 42.7093653, 17.0970848 ], [ 42.67043, 17.0653586 ], [ 42.6384262, 17.0392393 ], [ 42.6259369, 17.031776 ], [ 42.5533712, 17.0051799 ], [ 42.5491718, 17.0092481 ], [ 42.5397651, 17.0124812 ], [ 42.5430648, 17.0158677 ], [ 42.536945, 17.0235165 ], [ 42.531872, 17.0226826 ], [ 42.5285005, 17.0247011 ], [ 42.526797, 17.0321459 ], [ 42.5152622, 17.0343218 ], [ 42.5148392, 17.0359895 ], [ 42.5022047, 17.0403399 ], [ 42.499371, 17.0421071 ], [ 42.4941475, 17.0425575 ], [ 42.4909093, 17.0445768 ], [ 42.4737895, 17.0441071 ], [ 42.4713556, 17.0460071 ], [ 42.4657387, 17.0458088 ], [ 42.4627417, 17.0497608 ], [ 42.4578997, 17.0516314 ], [ 42.4525841, 17.0587722 ], [ 42.4505552, 17.0604195 ], [ 42.4505079, 17.0638944 ], [ 42.4461811, 17.0671865 ], [ 42.4459419, 17.0749058 ], [ 42.4405058, 17.081015 ], [ 42.4364531, 17.0837954 ], [ 42.4337773, 17.0837616 ], [ 42.4319923, 17.0870851 ], [ 42.4286151, 17.089359 ], [ 42.4284429, 17.0921883 ], [ 42.42495, 17.0931736 ], [ 42.4246505, 17.0954866 ], [ 42.4189702, 17.0997901 ], [ 42.4156968, 17.1042526 ], [ 42.4146263, 17.1138919 ], [ 42.4163345, 17.1162304 ], [ 42.4150228, 17.123936 ], [ 42.4147933, 17.1308829 ], [ 42.4171757, 17.1328435 ], [ 42.4186945, 17.1391697 ], [ 42.4210717, 17.1415167 ], [ 42.4209615, 17.149495 ], [ 42.4249449, 17.1518624 ], [ 42.4248455, 17.1590686 ], [ 42.4224131, 17.1607103 ], [ 42.41869, 17.1588609 ], [ 42.4120887, 17.1613503 ], [ 42.434466, 17.3444264 ], [ 42.5285358, 17.3257983 ], [ 42.5445477, 17.3401278 ], [ 42.5599665, 17.3454262 ], [ 42.6320622, 17.3722146 ], [ 42.670889, 17.3916428 ], [ 42.6937857, 17.4026173 ], [ 42.7530187, 17.4294938 ] ] ] ] } },
{ "type": "Feature", "properties": { "shapeName": "Rejal Almaa", "shapeISO": "None", "shapeID": "SAU-ADM2-3_0_0-B14", "shapeGroup": "SAU", "shapeType": "ADM2" }, "geometry": { "type": "MultiPolygon", "coordinates": [ [ [ [ 41.9120781, 18.1272049 ], [ 41.9433126, 18.147579 ], [ 42.0943414, 18.2415816 ], [ 42.1161348, 18.2435781 ], [ 42.2370132, 18.2443754 ], [ 42.3485608, 18.2443754 ], [ 42.3157419, 18.0364578 ], [ 42.2952839, 17.924976 ], [ 42.2846049, 17.8713935 ], [ 42.2962635, 17.8147149 ], [ 42.2958052, 17.8145191 ], [ 42.2759676, 17.796901 ], [ 42.2449714, 17.7779932 ], [ 42.2110692, 17.7627734 ], [ 42.1887907, 17.760006 ], [ 42.160216, 17.7743037 ], [ 42.1292198, 17.7738425 ], [ 42.1224394, 17.7826051 ], [ 42.1287355, 17.8005901 ], [ 42.1306727, 17.8218008 ], [ 42.1267982, 17.8287168 ], [ 42.0817568, 17.8176511 ], [ 42.0691646, 17.8185732 ], [ 42.0628685, 17.8310221 ], [ 42.057541, 17.8485412 ], [ 42.0502762, 17.8522292 ], [ 42.0386526, 17.8559171 ], [ 42.0187957, 17.8494632 ], [ 42.0046985, 17.8380554 ], [ 41.9882837, 17.8259504 ], [ 41.9829563, 17.8088902 ], [ 41.9800504, 17.7964398 ], [ 41.9679425, 17.7821439 ], [ 41.9635836, 17.7733813 ], [ 41.9509914, 17.7595448 ], [ 41.9380371, 17.7472731 ], [ 41.9337708, 17.7491383 ], [ 41.9315929, 17.7556042 ], [ 41.9280358, 17.7597747 ], [ 41.9262191, 17.7636618 ], [ 41.9219605, 17.7660414 ], [ 41.9163238, 17.7662536 ], [ 41.9138906, 17.7652606 ], [ 41.9096381, 17.7680262 ], [ 41.9085973, 17.7701003 ], [ 41.9040345, 17.7702963 ], [ 41.8982038, 17.775144 ], [ 41.8976772, 17.7841585 ], [ 41.8965149, 17.7870066 ], [ 41.8891334, 17.7904043 ], [ 41.8875812, 17.7941518 ], [ 41.882037, 17.7976803 ], [ 41.8855888, 17.8013625 ], [ 41.8908285, 17.8008578 ], [ 41.8923652, 17.8045669 ], [ 41.891459, 17.8066389 ], [ 41.8876905, 17.80618 ], [ 41.8847857, 17.809311 ], [ 41.880664, 17.8035811 ], [ 41.878224, 17.8022022 ], [ 41.8641003, 17.8093579 ], [ 41.859489, 17.8065947 ], [ 41.8442366, 17.8104201 ], [ 41.8415322, 17.809301 ], [ 41.8353708, 17.8104199 ], [ 41.8327518, 17.8147045 ], [ 41.8269236, 17.819936 ], [ 41.823979, 17.8206215 ], [ 41.8160034, 17.8260128 ], [ 41.8127919, 17.8268311 ], [ 41.8089487, 17.830232 ], [ 41.8038176, 17.8371252 ], [ 41.7984749, 17.8391326 ], [ 41.7947078, 17.8388001 ], [ 41.7877348, 17.8396718 ], [ 41.7769227, 17.8355801 ], [ 41.7721546, 17.8400229 ], [ 41.7716611, 17.842861 ], [ 41.778161, 17.846114 ], [ 41.7800896, 17.8491749 ], [ 41.7806003, 17.8561163 ], [ 41.7773421, 17.8625967 ], [ 41.7725196, 17.8635655 ], [ 41.7714906, 17.8665404 ], [ 41.7648171, 17.8694661 ], [ 41.7611864, 17.8780104 ], [ 41.750027, 17.8864039 ], [ 41.7468537, 17.8897944 ], [ 41.7409849, 17.8927082 ], [ 41.7335704, 17.9000187 ], [ 41.7180161, 17.9113034 ], [ 41.7135449, 17.9178 ], [ 41.7134599, 17.9210178 ], [ 41.7097007, 17.9213277 ], [ 41.7071877, 17.9240656 ], [ 41.7052582, 17.9297545 ], [ 41.6996211, 17.9303477 ], [ 41.6964421, 17.9334802 ], [ 41.6974293, 17.9365549 ], [ 41.6965434, 17.9401705 ], [ 41.6877149, 17.943124 ], [ 41.6822617, 17.9470599 ], [ 41.6846036, 17.950759 ], [ 41.6870231, 17.9507255 ], [ 41.692345, 17.9559283 ], [ 41.6906563, 17.9598123 ], [ 41.6844766, 17.9601553 ], [ 41.684792, 17.9632394 ], [ 41.6806669, 17.9661275 ], [ 41.6789585, 17.968725 ], [ 41.6788139, 17.9769627 ], [ 41.6734303, 17.9766507 ], [ 41.6691436, 17.9777391 ], [ 41.6647701, 17.9820464 ], [ 41.6636185, 17.985923 ], [ 41.6703721, 17.987889 ], [ 41.6728349, 17.9906862 ], [ 41.6727852, 17.996349 ], [ 41.6740075, 17.9971043 ], [ 41.6744083, 18.0058495 ], [ 41.6693142, 18.0069493 ], [ 41.6681012, 18.0157166 ], [ 41.6619039, 18.0150298 ], [ 41.6601283, 18.0132526 ], [ 41.6612732, 18.0088616 ], [ 41.6584101, 17.997319 ], [ 41.654624, 17.9959549 ], [ 41.6536342, 17.9927518 ], [ 41.6486406, 17.9915331 ], [ 41.6481526, 17.9948858 ], [ 41.6400888, 17.9952532 ], [ 41.637326, 17.9994089 ], [ 41.6384974, 18.0058274 ], [ 41.6365191, 18.0084282 ], [ 41.6325155, 18.0105418 ], [ 41.6344804, 18.0160481 ], [ 41.6371508, 18.0147249 ], [ 41.6420188, 18.0164601 ], [ 41.6516896, 18.0155558 ], [ 41.6522719, 18.0185079 ], [ 41.6480474, 18.0238417 ], [ 41.6429812, 18.0268712 ], [ 41.6412825, 18.0302403 ], [ 41.6465008, 18.0373756 ], [ 41.64614, 18.0402117 ], [ 41.6434694, 18.0415351 ], [ 41.6452598, 18.0443418 ], [ 41.6454524, 18.0481996 ], [ 41.6430353, 18.0484901 ], [ 41.6431045, 18.053122 ], [ 41.6361045, 18.0528313 ], [ 41.6339754, 18.0544045 ], [ 41.6294059, 18.0547241 ], [ 41.6270289, 18.0577167 ], [ 41.6211334, 18.0593412 ], [ 41.6187465, 18.0616901 ], [ 41.6139325, 18.0636852 ], [ 41.608817, 18.0634969 ], [ 41.6028737, 18.0619046 ], [ 41.6039627, 18.071928 ], [ 41.6018034, 18.0805789 ], [ 41.5961854, 18.0828428 ], [ 41.5938244, 18.0869928 ], [ 41.586347, 18.0909539 ], [ 41.5817883, 18.1013105 ], [ 41.583856, 18.1046288 ], [ 41.5811733, 18.1144455 ], [ 41.5820524, 18.1193239 ], [ 41.5807882, 18.1249007 ], [ 41.6568786, 18.2494953 ], [ 41.8266558, 18.0644188 ], [ 41.9120781, 18.1272049 ] ] ] ] } },
{ "type": "Feature", "properties": { "shapeName": "Al Birk", "shapeISO": "None", "shapeID": "SAU-ADM2-3_0_0-B15", "shapeGroup": "SAU", "shapeType": "ADM2" }, "geometry": { "type": "MultiPolygon", "coordinates": [ [ [ [ 41.9120781, 18.1272049 ], [ 41.8266558, 18.0644188 ], [ 41.6568786, 18.2494953 ], [ 41.5807882, 18.1249007 ], [ 41.5811268, 18.1296318 ], [ 41.5801068, 18.1335063 ], [ 41.575928, 18.1330476 ], [ 41.5764217, 18.1392183 ], [ 41.5779252, 18.1407424 ], [ 41.5757161, 18.1461771 ], [ 41.5768418, 18.149508 ], [ 41.570592, 18.1547395 ], [ 41.5693102, 18.1591321 ], [ 41.5707371, 18.1646463 ], [ 41.5648278, 18.1656267 ], [ 41.5632465, 18.1679642 ], [ 41.5570361, 18.1667601 ], [ 41.5514109, 18.1687648 ], [ 41.5484852, 18.1712494 ], [ 41.5495994, 18.1738085 ], [ 41.5573673, 18.1710022 ], [ 41.5606014, 18.1712165 ], [ 41.5631903, 18.1733702 ], [ 41.559897, 18.1783044 ], [ 41.5537575, 18.1819897 ], [ 41.5540792, 18.1855888 ], [ 41.5517647, 18.193084 ], [ 41.5482571, 18.1926157 ], [ 41.5463045, 18.1972747 ], [ 41.5423971, 18.1970691 ], [ 41.5402879, 18.2001857 ], [ 41.5370792, 18.2017725 ], [ 41.5341993, 18.2074733 ], [ 41.5315066, 18.2075089 ], [ 41.5281936, 18.2018899 ], [ 41.5246895, 18.2016786 ], [ 41.5237986, 18.205294 ], [ 41.5242919, 18.2114648 ], [ 41.5314533, 18.2131723 ], [ 41.5350583, 18.2203316 ], [ 41.5355187, 18.2241862 ], [ 41.5277612, 18.2278923 ], [ 41.5284262, 18.2366347 ], [ 41.5260377, 18.2391112 ], [ 41.5187901, 18.24088 ], [ 41.5177871, 18.2460411 ], [ 41.5158222, 18.2499278 ], [ 41.5154743, 18.2537935 ], [ 41.5114229, 18.2530745 ], [ 41.5120439, 18.2494627 ], [ 41.504407, 18.252265 ], [ 41.5010195, 18.2508942 ], [ 41.501717, 18.2431632 ], [ 41.500293, 18.2377765 ], [ 41.5008859, 18.2321059 ], [ 41.5030109, 18.230019 ], [ 41.4986449, 18.2260859 ], [ 41.491332, 18.2327453 ], [ 41.4895274, 18.2384315 ], [ 41.4901687, 18.2456304 ], [ 41.4914142, 18.2479307 ], [ 41.4995404, 18.2510416 ], [ 41.5037171, 18.2605107 ], [ 41.5134824, 18.2651448 ], [ 41.5156136, 18.2728386 ], [ 41.5098372, 18.2739441 ], [ 41.5062503, 18.2680711 ], [ 41.4997965, 18.2689278 ], [ 41.4995935, 18.2735636 ], [ 41.5014885, 18.2741818 ], [ 41.5081821, 18.2806581 ], [ 41.5067638, 18.2850526 ], [ 41.5016527, 18.2856343 ], [ 41.4979712, 18.2825937 ], [ 41.4973645, 18.2872347 ], [ 41.4890315, 18.2886305 ], [ 41.4936627, 18.2921737 ], [ 41.4883114, 18.2948174 ], [ 41.4863777, 18.2914965 ], [ 41.4790908, 18.2906899 ], [ 41.4763749, 18.2891807 ], [ 41.4728087, 18.2942466 ], [ 41.4726195, 18.2999117 ], [ 41.4713309, 18.3040469 ], [ 41.4725949, 18.3076341 ], [ 41.4812571, 18.310353 ], [ 41.4775217, 18.3129756 ], [ 41.4786728, 18.3181087 ], [ 41.472785, 18.3210164 ], [ 41.4692309, 18.3269826 ], [ 41.4687504, 18.3311073 ], [ 41.4656849, 18.3334636 ], [ 41.4600549, 18.3355955 ], [ 41.4559975, 18.3441421 ], [ 41.4552798, 18.3505862 ], [ 41.4516049, 18.3575834 ], [ 41.4520016, 18.3665873 ], [ 41.4476966, 18.3766815 ], [ 41.4479, 18.3815696 ], [ 41.4466066, 18.3854471 ], [ 41.4439546, 18.3885701 ], [ 41.4418958, 18.3955465 ], [ 41.4419068, 18.4058423 ], [ 41.4465354, 18.4089999 ], [ 41.4511039, 18.4079112 ], [ 41.4549238, 18.41108 ], [ 41.4525851, 18.4172877 ], [ 41.4533169, 18.4213968 ], [ 41.4524467, 18.4265559 ], [ 41.4498125, 18.4309658 ], [ 41.4450083, 18.4345022 ], [ 41.4434721, 18.4307901 ], [ 41.4412967, 18.4295311 ], [ 41.4415885, 18.4405956 ], [ 41.4429476, 18.4413503 ], [ 41.4422114, 18.4465079 ], [ 41.4377363, 18.4542875 ], [ 41.4403632, 18.4558857 ], [ 41.4383555, 18.4599424 ], [ 41.4327104, 18.4613019 ], [ 41.4308769, 18.4651864 ], [ 41.432921, 18.4667046 ], [ 41.4340542, 18.4705511 ], [ 41.4365178, 18.4730934 ], [ 41.4387773, 18.4802716 ], [ 41.4384023, 18.4823357 ], [ 41.4338227, 18.4827802 ], [ 41.4313789, 18.4816538 ], [ 41.4303653, 18.4862999 ], [ 41.4279578, 18.4877462 ], [ 41.4203874, 18.486556 ], [ 41.4182115, 18.4852969 ], [ 41.4205596, 18.4796041 ], [ 41.4175078, 18.4735944 ], [ 41.4137012, 18.4811077 ], [ 41.4143379, 18.4880495 ], [ 41.4192725, 18.4936494 ], [ 41.4243139, 18.4971884 ], [ 41.4181822, 18.502415 ], [ 41.4202699, 18.5070215 ], [ 41.4194058, 18.5126955 ], [ 41.4147857, 18.519962 ], [ 41.4109283, 18.5238722 ], [ 41.3983453, 18.5309824 ], [ 41.3924349, 18.5328591 ], [ 41.3852056, 18.5369398 ], [ 41.3777488, 18.5441132 ], [ 41.3707082, 18.5521814 ], [ 41.3664759, 18.5584123 ], [ 41.3654994, 18.5658895 ], [ 41.3638381, 18.572603 ], [ 41.3608086, 18.5780466 ], [ 41.3572045, 18.5809232 ], [ 41.3521676, 18.582186 ], [ 41.4025755, 18.6426966 ], [ 41.4783602, 18.678597 ], [ 41.5334764, 18.678597 ], [ 41.6333744, 18.62964 ], [ 41.7160487, 18.5741384 ], [ 41.8101495, 18.511895 ], [ 41.8105545, 18.5108299 ], [ 41.8141632, 18.4913864 ], [ 41.8138885, 18.4702759 ], [ 41.8061066, 18.4366646 ], [ 41.7999954, 18.4177742 ], [ 41.7964309, 18.4006629 ], [ 41.84006, 18.3519519 ], [ 41.8957191, 18.3180843 ], [ 41.8882867, 18.2669224 ], [ 41.898621, 18.2145758 ], [ 41.9120781, 18.1272049 ] ] ] ] } },
{ "type": "Feature", "properties": { "shapeName": "Mahail", "shapeISO": "None", "shapeID": "SAU-ADM2-3_0_0-B16", "shapeGroup": "SAU", "shapeType": "ADM2" }, "geometry": { "type": "MultiPolygon", "coordinates": [ [ [ [ 41.9159931, 18.6644874 ], [ 42.0198484, 18.7199365 ], [ 42.0922158, 18.6853705 ], [ 42.1394091, 18.5691777 ], [ 42.2874894, 18.5142869 ], [ 42.3970515, 18.3742022 ], [ 42.4233355, 18.3078751 ], [ 42.3925514, 18.3013808 ], [ 42.3569371, 18.30001 ], [ 42.3486981, 18.2452448 ], [ 42.3485608, 18.2443754 ], [ 42.2370132, 18.2443754 ], [ 42.1161348, 18.2435781 ], [ 42.0943414, 18.2415816 ], [ 41.9433126, 18.147579 ], [ 41.9120781, 18.1272049 ], [ 41.898621, 18.2145758 ], [ 41.8882867, 18.2669224 ], [ 41.8957191, 18.3180843 ], [ 41.84006, 18.3519519 ], [ 41.7964308, 18.4006629 ], [ 41.7999954, 18.4177742 ], [ 41.8061066, 18.4366646 ], [ 41.8138885, 18.4702759 ], [ 41.8141632, 18.4913864 ], [ 41.8105545, 18.5108299 ], [ 41.8101495, 18.511895 ], [ 41.7160487, 18.5741384 ], [ 41.6333744, 18.62964 ], [ 41.5334764, 18.678597 ], [ 41.4887929, 18.678597 ], [ 41.509363, 18.7144897 ], [ 41.5472554, 18.7503749 ], [ 41.593471, 18.7870752 ], [ 41.601387, 18.7866631 ], [ 41.6236038, 18.7844429 ], [ 41.6374116, 18.7822154 ], [ 41.7746096, 18.7764684 ], [ 41.7781121, 18.7758466 ], [ 41.9159931, 18.6644874 ] ] ] ] } },
{ "type": "Feature", "properties": { "shapeName": "Abha", "shapeISO": "None", "shapeID": "SAU-ADM2-3_0_0-B17", "shapeGroup": "SAU", "shapeType": "ADM2" }, "geometry": { "type": "MultiPolygon", "coordinates": [ [ [ [ 42.1394091, 18.5691777 ], [ 42.0542168, 18.7788685 ], [ 42.0433009, 18.7797298 ], [ 42.0144826, 18.7769073 ], [ 42.0397331, 18.8123779 ], [ 42.0236249, 18.8352479 ], [ 41.9433731, 18.9647671 ], [ 41.9660324, 19.0111909 ], [ 42.1509426, 19.0117063 ], [ 42.1635598, 18.9961978 ], [ 42.1815047, 19.0154266 ], [ 42.269984, 19.0327328 ], [ 42.2869219, 19.0097099 ], [ 42.4265121, 18.8289621 ], [ 42.4393821, 18.7333586 ], [ 42.5595995, 18.6459875 ], [ 42.5712678, 18.4369395 ], [ 42.5737857, 18.3449532 ], [ 42.6179909, 18.3031696 ], [ 42.6463875, 18.277504 ], [ 42.6463875, 18.265318 ], [ 42.6583028, 18.2691856 ], [ 42.7021509, 18.2095318 ], [ 42.6085292, 18.1746305 ], [ 42.6251204, 18.0980484 ], [ 42.6997807, 17.9921298 ], [ 42.7578499, 17.9819853 ], [ 42.7578499, 17.9357642 ], [ 42.787477, 17.9041916 ], [ 42.87875, 17.8898648 ], [ 42.871618, 17.8753203 ], [ 42.8389038, 17.7934314 ], [ 42.828955, 17.771074 ], [ 42.8111787, 17.7518878 ], [ 42.7475201, 17.7430682 ], [ 42.7185903, 17.7469525 ], [ 42.5697582, 17.7939878 ], [ 42.5317148, 17.8008548 ], [ 42.4689902, 17.7995945 ], [ 42.4003884, 17.7989604 ], [ 42.375252, 17.807309 ], [ 42.357715, 17.8212225 ], [ 42.3425163, 17.820666 ], [ 42.3232256, 17.8228921 ], [ 42.303455, 17.8177871 ], [ 42.2962635, 17.8147149 ], [ 42.2846049, 17.8713935 ], [ 42.2952839, 17.924976 ], [ 42.3157419, 18.0364578 ], [ 42.3486981, 18.2452448 ], [ 42.3569371, 18.30001 ], [ 42.3925514, 18.3013808 ], [ 42.4233355, 18.3078751 ], [ 42.3970515, 18.3742022 ], [ 42.2874894, 18.5142869 ], [ 42.1394091, 18.5691777 ] ] ] ] } },
{ "type": "Feature", "properties": { "shapeName": "Al Majardah", "shapeISO": "None", "shapeID": "SAU-ADM2-3_0_0-B18", "shapeGroup": "SAU", "shapeType": "ADM2" }, "geometry": { "type": "MultiPolygon", "coordinates": [ [ [ [ 41.9660324, 19.0111909 ], [ 41.9433731, 18.9647671 ], [ 42.0236249, 18.8352479 ], [ 42.0397331, 18.8123779 ], [ 42.0144826, 18.7769073 ], [ 42.0433009, 18.7797298 ], [ 42.0542168, 18.7788686 ], [ 42.0922158, 18.6853705 ], [ 42.0198484, 18.7199365 ], [ 41.9159931, 18.6644874 ], [ 41.7781121, 18.7758466 ], [ 41.7746096, 18.7764684 ], [ 41.6374116, 18.7822154 ], [ 41.6236038, 18.7844429 ], [ 41.601387, 18.7866631 ], [ 41.5799942, 18.7877769 ], [ 41.5577774, 18.7880554 ], [ 41.4952774, 18.783886 ], [ 41.4719391, 18.7833328 ], [ 41.4499969, 18.78722 ], [ 41.430275, 18.7966652 ], [ 41.4108276, 18.8161087 ], [ 41.4005508, 18.8374977 ], [ 41.3938828, 18.8580551 ], [ 41.3883286, 18.8786087 ], [ 41.3847198, 18.8999977 ], [ 41.3827744, 18.9194412 ], [ 41.3824997, 18.9644432 ], [ 41.3840772, 18.991645 ], [ 41.4447738, 19.0227298 ], [ 41.5524225, 19.0532579 ], [ 41.560304, 19.0656736 ], [ 41.5862466, 19.1836317 ], [ 41.8779459, 19.351364 ], [ 41.9212492, 19.2271241 ], [ 41.9716347, 19.1299632 ], [ 41.9685698, 19.011198 ], [ 41.9660324, 19.0111909 ] ] ] ] } },
{ "type": "Feature", "properties": { "shapeName": "Al Baha", "shapeISO": "None", "shapeID": "SAU-ADM2-3_0_0-B19", "shapeGroup": "SAU", "shapeType": "ADM2" }, "geometry": { "type": "MultiPolygon", "coordinates": [ [ [ [ 41.2856591, 20.2518972 ], [ 41.3368885, 20.2136388 ], [ 41.4017094, 20.2106954 ], [ 41.4205283, 20.1724268 ], [ 41.4508021, 20.1535264 ], [ 41.5297429, 20.1192499 ], [ 41.5673083, 20.1291701 ], [ 41.5623911, 20.0818355 ], [ 41.5594276, 20.0675204 ], [ 41.5537242, 20.0086437 ], [ 41.5392593, 19.9521204 ], [ 41.5068828, 19.9299729 ], [ 41.4840359, 19.9246301 ], [ 41.4419938, 19.9132512 ], [ 41.3808417, 19.9324153 ], [ 41.3634711, 19.9646137 ], [ 41.3397789, 20.0080024 ], [ 41.2723474, 20.0907504 ], [ 41.2580408, 20.1398902 ], [ 41.2610565, 20.1379437 ], [ 41.2657947, 20.1665385 ], [ 41.2584762, 20.2165821 ], [ 41.2747009, 20.2373267 ], [ 41.2856591, 20.2518972 ] ] ] ] } },
{ "type": "Feature", "properties": { "shapeName": "Taif", "shapeISO": "None", "shapeID": "SAU-ADM2-3_0_0-B20", "shapeGroup": "SAU", "shapeType": "ADM2" }, "geometry": { "type": "MultiPolygon", "coordinates": [ [ [ [ 41.1560174, 20.1949966 ], [ 41.125044, 20.2424921 ], [ 41.1355515, 20.2472191 ], [ 41.1483307, 20.265831 ], [ 41.1533279, 20.2849998 ], [ 41.1554415, 20.2913374 ], [ 41.0946139, 20.3173028 ], [ 41.0789364, 20.4018168 ], [ 41.0671783, 20.4789412 ], [ 40.9848715, 20.5266655 ], [ 40.9300003, 20.5780443 ], [ 40.8868872, 20.6073958 ], [ 40.8555322, 20.6917499 ], [ 40.737951, 20.7613984 ], [ 40.6360474, 20.7797216 ], [ 40.5811762, 20.7943786 ], [ 40.5733374, 20.8529922 ], [ 40.5302243, 20.9225663 ], [ 40.4675144, 20.9811299 ], [ 40.326417, 21.028696 ], [ 40.2731597, 21.028696 ], [ 40.2676264, 21.0725897 ], [ 40.2676264, 21.1091578 ], [ 40.2715458, 21.2115007 ], [ 40.263707, 21.2882114 ], [ 40.2245133, 21.3283772 ], [ 40.2088358, 21.3794815 ], [ 40.2597877, 21.5035174 ], [ 40.3068201, 21.532687 ], [ 40.3616913, 21.5545603 ], [ 40.3616913, 21.6201606 ], [ 40.3891269, 21.7002982 ], [ 40.4854974, 21.8717798 ], [ 40.5537406, 21.9113562 ], [ 40.5900042, 21.9592114 ], [ 40.6563246, 22.0167894 ], [ 40.6805632, 22.06796 ], [ 40.7155746, 22.199926 ], [ 40.7101883, 22.2214715 ], [ 40.6455518, 22.2510966 ], [ 40.5997677, 22.286108 ], [ 40.3921365, 22.2928058 ], [ 40.3493014, 22.2941875 ], [ 40.3304491, 22.3561308 ], [ 40.3358355, 22.4019149 ], [ 40.3062105, 22.4476991 ], [ 40.293207, 22.4588451 ], [ 40.2847214, 22.5219421 ], [ 40.3527756, 22.5819435 ], [ 40.3719406, 22.6041641 ], [ 40.3958282, 22.623333 ], [ 40.4191666, 22.6324997 ], [ 40.4571945, 22.6400539 ], [ 40.501307, 22.654858 ], [ 40.5734912, 22.660409 ], [ 40.6207917, 22.6232214 ], [ 40.6240063, 22.6092902 ], [ 40.6455518, 22.6039038 ], [ 40.6552117, 22.607124 ], [ 40.6838256, 22.5960014 ], [ 40.7006752, 22.6222785 ], [ 40.7101883, 22.6254493 ], [ 40.7667452, 22.649688 ], [ 40.8098361, 22.6685403 ], [ 40.8825521, 22.7170176 ], [ 40.9202567, 22.7412563 ], [ 40.9310295, 22.8139723 ], [ 40.9418022, 22.8516769 ], [ 40.9506982, 22.8654268 ], [ 41.0166626, 22.9077759 ], [ 41.0380632, 22.9243929 ], [ 41.054916, 22.9243929 ], [ 41.0953138, 22.9163133 ], [ 41.1113815, 22.9852753 ], [ 41.1294403, 23.0038872 ], [ 41.152771, 23.0249977 ], [ 41.1752777, 23.0477753 ], [ 41.2492344, 23.0504256 ], [ 41.2953324, 23.0447354 ], [ 41.3975932, 23.0705644 ], [ 41.4885188, 23.1048363 ], [ 41.4642801, 23.1613932 ], [ 41.418496, 23.2206432 ], [ 41.3969505, 23.2637342 ], [ 41.3996437, 23.376848 ], [ 41.4131096, 23.449564 ], [ 41.4211892, 23.4953481 ], [ 41.4992915, 23.5303595 ], [ 41.5089581, 23.6632829 ], [ 41.5118936, 23.6622746 ], [ 41.5894604, 23.6434671 ], [ 41.6282438, 23.6601851 ], [ 41.6559397, 23.6988775 ], [ 41.696685, 23.7562716 ], [ 41.7126546, 23.7959388 ], [ 41.7923381, 23.796074 ], [ 41.8416326, 23.7631671 ], [ 41.9065715, 23.781326 ], [ 41.9248225, 23.8502007 ], [ 41.9744174, 23.8661369 ], [ 42.0702468, 23.8643145 ], [ 42.1294969, 23.8373827 ], [ 42.1200121, 23.7386976 ], [ 42.104238, 23.701347 ], [ 42.0586817, 23.5934172 ], [ 42.2071429, 23.6023746 ], [ 42.3721603, 23.3890503 ], [ 42.4246279, 23.3211512 ], [ 42.4403572, 23.2293575 ], [ 42.6231689, 23.0178399 ], [ 42.6492873, 23.0050997 ], [ 42.739807, 22.9503506 ], [ 42.8892801, 22.8230831 ], [ 42.9288799, 22.6873674 ], [ 42.8662348, 22.6493807 ], [ 42.7917019, 22.6041718 ], [ 42.7799438, 22.5245463 ], [ 42.7681857, 22.3651577 ], [ 42.7642663, 22.249124 ], [ 42.6819595, 22.2092151 ], [ 42.5134265, 22.1947 ], [ 42.3958453, 22.2092151 ], [ 42.3252966, 22.1874419 ], [ 42.2469092, 22.1584056 ], [ 42.2116349, 22.1257327 ], [ 42.1489249, 22.0785251 ], [ 42.0744568, 22.0131346 ], [ 42.0078275, 21.9804281 ], [ 41.9607951, 21.9149924 ], [ 41.9411982, 21.8640772 ], [ 41.9059239, 21.7913096 ], [ 41.8902464, 21.7367097 ], [ 41.8157783, 21.6529495 ], [ 41.7138746, 21.6344678 ], [ 41.7138746, 21.682089 ], [ 41.717794, 21.7876703 ], [ 41.6981971, 21.8313364 ], [ 41.6041322, 21.8313364 ], [ 41.4826317, 21.7949489 ], [ 41.4277605, 21.7403504 ], [ 41.30626, 21.7367097 ], [ 41.2553081, 21.7913096 ], [ 41.2396306, 21.7403504 ], [ 41.1925982, 21.689373 ], [ 41.1769207, 21.6274477 ], [ 41.212195, 21.5764304 ], [ 41.2317919, 21.532687 ], [ 41.2474694, 21.474342 ], [ 41.2945018, 21.4342162 ], [ 41.3563611, 21.3974548 ], [ 41.3297762, 21.3940794 ], [ 41.2905825, 21.3429802 ], [ 41.2592275, 21.2553403 ], [ 41.2984212, 21.2224619 ], [ 41.3650505, 21.2005388 ], [ 41.4042443, 21.1895761 ], [ 41.3924861, 21.1237826 ], [ 41.4042443, 21.0689324 ], [ 41.412083, 21.0250376 ], [ 41.4160024, 20.9628313 ], [ 41.3689699, 20.929888 ], [ 41.3689699, 20.8896142 ], [ 41.3964055, 20.8420039 ], [ 41.3768087, 20.7943786 ], [ 41.3728893, 20.7064154 ], [ 41.4008257, 20.6743848 ], [ 41.3884516, 20.6640656 ], [ 41.3719778, 20.6438334 ], [ 41.3148342, 20.5749273 ], [ 41.3052972, 20.5074107 ], [ 41.2930232, 20.4489609 ], [ 41.2765301, 20.3972798 ], [ 41.2520248, 20.3048777 ], [ 41.25099, 20.2937167 ], [ 41.2492832, 20.2938538 ], [ 41.2304356, 20.2573761 ], [ 41.2062013, 20.2312977 ], [ 41.1560174, 20.1949966 ] ] ] ] } },
{ "type": "Feature", "properties": { "shapeName": "Al Qora", "shapeISO": "None", "shapeID": "SAU-ADM2-3_0_0-B21", "shapeGroup": "SAU", "shapeType": "ADM2" }, "geometry": { "type": "MultiPolygon", "coordinates": [ [ [ [ 41.3684633, 20.4198702 ], [ 41.4004891, 20.4237428 ], [ 41.4163463, 20.2715133 ], [ 41.4017094, 20.2106954 ], [ 41.3368885, 20.2136388 ], [ 41.2856591, 20.2518972 ], [ 41.2845683, 20.2504469 ], [ 41.2676306, 20.2790951 ], [ 41.2583997, 20.2931216 ], [ 41.25099, 20.2937167 ], [ 41.2520248, 20.3048777 ], [ 41.2765301, 20.3972798 ], [ 41.2930232, 20.4489609 ], [ 41.3052972, 20.5074107 ], [ 41.3148342, 20.5749273 ], [ 41.3719778, 20.6438334 ], [ 41.3884516, 20.6640656 ], [ 41.4008257, 20.6743848 ], [ 41.4181538, 20.6545138 ], [ 41.397605, 20.5958571 ], [ 41.3821934, 20.5400642 ], [ 41.3750014, 20.4852134 ], [ 41.3684633, 20.4198702 ] ] ] ] } },
{ "type": "Feature", "properties": { "shapeName": "Baljurashi", "shapeISO": "None", "shapeID": "SAU-ADM2-3_0_0-B22", "shapeGroup": "SAU", "shapeType": "ADM2" }, "geometry": { "type": "MultiPolygon", "coordinates": [ [ [ [ 41.3762879, 19.4780334 ], [ 41.4195628, 19.6355131 ], [ 41.4691745, 19.7995134 ], [ 41.3731977, 19.8803075 ], [ 41.3808417, 19.9324153 ], [ 41.4419938, 19.9132512 ], [ 41.4840359, 19.9246301 ], [ 41.5068828, 19.9299729 ], [ 41.5392593, 19.9521204 ], [ 41.5537242, 20.0086437 ], [ 41.5594276, 20.0675204 ], [ 41.5623911, 20.0818355 ], [ 41.5673083, 20.1291701 ], [ 41.5802214, 20.1875766 ], [ 41.6083955, 20.1710487 ], [ 41.6271782, 20.1765582 ], [ 41.6307, 20.1930856 ], [ 41.6706132, 20.2107128 ], [ 41.7281353, 20.2911116 ], [ 41.7645268, 20.3274427 ], [ 41.8502229, 20.3879754 ], [ 42.0051802, 20.3384504 ], [ 42.0093823, 20.341674 ], [ 41.9893186, 20.3106942 ], [ 41.9841614, 20.2736092 ], [ 41.9742171, 20.2678079 ], [ 41.9830176, 20.1989957 ], [ 41.9184283, 20.0777147 ], [ 41.8684449, 19.9693475 ], [ 41.8353752, 19.8760758 ], [ 41.8021506, 19.8147397 ], [ 41.7031308, 19.6524947 ], [ 41.6385416, 19.5510845 ], [ 41.471686, 19.4851337 ], [ 41.3762879, 19.4780334 ] ] ] ] } },
{ "type": "Feature", "properties": { "shapeName": "Bishah", "shapeISO": "None", "shapeID": "SAU-ADM2-3_0_0-B23", "shapeGroup": "SAU", "shapeType": "ADM2" }, "geometry": { "type": "MultiPolygon", "coordinates": [ [ [ [ 42.1172281, 19.5256229 ], [ 42.0390468, 19.5256229 ], [ 42.01276, 19.6130292 ], [ 41.9669357, 19.7221756 ], [ 41.9723268, 19.9364437 ], [ 41.8788377, 19.991886 ], [ 41.9184283, 20.0777147 ], [ 41.9830176, 20.1989957 ], [ 41.9742171, 20.2678079 ], [ 41.9841614, 20.2736092 ], [ 41.9893186, 20.3106942 ], [ 42.0093823, 20.341674 ], [ 42.0180933, 20.3483567 ], [ 42.0732675, 20.347256 ], [ 42.1354853, 20.3571617 ], [ 42.1500885, 20.3312864 ], [ 42.2537419, 20.3401685 ], [ 42.3167288, 20.2898946 ], [ 42.4136126, 20.284846 ], [ 42.467437, 20.2999912 ], [ 42.5697034, 20.335324 ], [ 42.6719697, 20.3908308 ], [ 42.7257941, 20.4210988 ], [ 42.8172955, 20.4311868 ], [ 42.8980321, 20.4765747 ], [ 42.9895335, 20.4715323 ], [ 43.0702701, 20.4261429 ], [ 43.0917999, 20.3706488 ], [ 43.118712, 20.2696994 ], [ 43.1617715, 20.2394018 ], [ 43.1779189, 20.1888926 ], [ 43.1833013, 20.09288 ], [ 43.081035, 20.006924 ], [ 43.0595052, 19.9209211 ], [ 43.0595052, 19.8652472 ], [ 43.0541228, 19.7335767 ], [ 43.0164457, 19.6879731 ], [ 42.946474, 19.606868 ], [ 43.0002984, 19.5561565 ], [ 43.0433579, 19.4648357 ], [ 43.0002984, 19.3886957 ], [ 42.9926222, 19.3711098 ], [ 42.9121895, 19.3297924 ], [ 42.8778079, 19.2374273 ], [ 42.8845857, 19.1832943 ], [ 42.8876456, 19.0069962 ], [ 42.8879635, 18.9685139 ], [ 42.7555545, 18.9575966 ], [ 42.7024923, 18.9877043 ], [ 42.6840263, 18.9883279 ], [ 42.6583708, 18.982263 ], [ 42.5806835, 19.089274 ], [ 42.5393464, 19.1120598 ], [ 42.5083436, 19.1999183 ], [ 42.4879158, 19.1772314 ], [ 42.4807855, 19.2324466 ], [ 42.4360036, 19.3039862 ], [ 42.3946665, 19.3462448 ], [ 42.3860542, 19.3685887 ], [ 42.3085475, 19.3624953 ], [ 42.2808805, 19.3865877 ], [ 42.2830673, 19.52339 ], [ 42.1172281, 19.5256229 ] ] ] ] } },
{ "type": "Feature", "properties": { "shapeName": "Al Aqiq", "shapeISO": "None", "shapeID": "SAU-ADM2-3_0_0-B24", "shapeGroup": "SAU", "shapeType": "ADM2" }, "geometry": { "type": "MultiPolygon", "coordinates": [ [ [ [ 42.1131808, 20.5529437 ], [ 42.1354853, 20.3571617 ], [ 42.0732675, 20.347256 ], [ 42.0180933, 20.3483567 ], [ 42.0051802, 20.3384504 ], [ 41.8502229, 20.3879754 ], [ 41.7645268, 20.3274427 ], [ 41.7281353, 20.2911116 ], [ 41.6706132, 20.2107128 ], [ 41.6307, 20.1930856 ], [ 41.6271782, 20.1765582 ], [ 41.6083955, 20.1710487 ], [ 41.5802214, 20.1875766 ], [ 41.5673083, 20.1291701 ], [ 41.5297429, 20.1192499 ], [ 41.4508021, 20.1535264 ], [ 41.4205283, 20.1724268 ], [ 41.4017094, 20.2106954 ], [ 41.4163463, 20.2715133 ], [ 41.4004891, 20.4237428 ], [ 41.3684633, 20.4198702 ], [ 41.3750014, 20.4852134 ], [ 41.3821934, 20.5400642 ], [ 41.397605, 20.5958571 ], [ 41.4181538, 20.6545138 ], [ 41.4335544, 20.6869343 ], [ 41.4361217, 20.6788545 ], [ 41.5162526, 20.718416 ], [ 41.5748135, 20.6990828 ], [ 41.6368192, 20.6475157 ], [ 41.827959, 20.6312546 ], [ 41.8569348, 20.634447 ], [ 41.9497826, 20.6212536 ], [ 42.0050687, 20.620278 ], [ 42.0366592, 20.6197205 ], [ 42.0499954, 20.5977745 ], [ 42.0552111, 20.5882538 ], [ 42.089691, 20.5887759 ], [ 42.1131808, 20.5529437 ] ] ] ] } },
{ "type": "Feature", "properties": { "shapeName": "Leeth", "shapeISO": "None", "shapeID": "SAU-ADM2-3_0_0-B25", "shapeGroup": "SAU", "shapeType": "ADM2" }, "geometry": { "type": "MultiPolygon", "coordinates": [ [ [ [ 40.2086389, 20.168832 ], [ 40.2127232, 20.1680314 ], [ 40.2181378, 20.1629724 ], [ 40.2211454, 20.1639815 ], [ 40.2282178, 20.1617441 ], [ 40.2268282, 20.1584064 ], [ 40.2230099, 20.1583038 ], [ 40.2085824, 20.1614933 ], [ 40.2025965, 20.1632085 ], [ 40.1990713, 20.1658076 ], [ 40.2026309, 20.1677141 ], [ 40.2086389, 20.168832 ] ] ], [ [ [ 39.9992308, 20.2589865 ], [ 40.0027763, 20.2587089 ], [ 40.0060108, 20.25251 ], [ 40.0111832, 20.2506779 ], [ 40.0168878, 20.2467822 ], [ 40.0242376, 20.2441644 ], [ 40.0337808, 20.2432067 ], [ 40.0356819, 20.2419079 ], [ 40.0504069, 20.240662 ], [ 40.0514895, 20.2393681 ], [ 40.0618541, 20.2389189 ], [ 40.0653893, 20.2372241 ], [ 40.0727482, 20.2361493 ], [ 40.0773667, 20.2332886 ], [ 40.089625, 20.2306378 ], [ 40.0928807, 20.2280425 ], [ 40.105934, 20.2221665 ], [ 40.1146255, 20.2168333 ], [ 40.1192562, 20.2159021 ], [ 40.1290149, 20.2073421 ], [ 40.1379774, 20.2020058 ], [ 40.1466771, 20.1980869 ], [ 40.1613307, 20.1879482 ], [ 40.1683908, 20.1837813 ], [ 40.1828077, 20.1787925 ], [ 40.1849717, 20.1764604 ], [ 40.1885227, 20.177209 ], [ 40.1895843, 20.1733395 ], [ 40.1960993, 20.1694328 ], [ 40.193348, 20.1662323 ], [ 40.1892734, 20.1683198 ], [ 40.1846436, 20.1691236 ], [ 40.1661717, 20.1787743 ], [ 40.1629079, 20.1799552 ], [ 40.1607472, 20.1828019 ], [ 40.1536813, 20.186196 ], [ 40.148508, 20.1873882 ], [ 40.1362802, 20.1936477 ], [ 40.1300455, 20.1989671 ], [ 40.1210587, 20.2009554 ], [ 40.1173899, 20.2029106 ], [ 40.1064103, 20.2123784 ], [ 40.0998937, 20.2166687 ], [ 40.0977278, 20.2189996 ], [ 40.0941888, 20.2200518 ], [ 40.0903914, 20.2231653 ], [ 40.0795046, 20.2268378 ], [ 40.0746262, 20.2315027 ], [ 40.0650989, 20.2346509 ], [ 40.0590979, 20.2348155 ], [ 40.0462637, 20.2330899 ], [ 40.0416292, 20.2336325 ], [ 40.0328942, 20.2329117 ], [ 40.0271745, 20.2343619 ], [ 40.0149454, 20.2417716 ], [ 40.011135, 20.2432103 ], [ 40.0073403, 20.2470948 ], [ 40.002448, 20.2500837 ], [ 39.9981114, 20.2546153 ], [ 39.9963603, 20.2582303 ], [ 39.9992308, 20.2589865 ] ] ], [ [ [ 41.1560174, 20.1949966 ], [ 41.0574582, 20.131357 ], [ 41.0468449, 20.1295116 ], [ 40.986077, 20.092124 ], [ 40.9822063, 20.0630427 ], [ 41.0097987, 19.9805549 ], [ 41.0574582, 19.9357576 ], [ 41.0549498, 19.8508438 ], [ 41.0148155, 19.7989297 ], [ 40.9923907, 19.7600581 ], [ 40.953018, 19.7612534 ], [ 40.841736, 19.7351937 ], [ 40.7932643, 19.7199848 ], [ 40.7900766, 19.7311042 ], [ 40.7868887, 19.7378298 ], [ 40.784873, 19.7399095 ], [ 40.7810189, 19.7479292 ], [ 40.7760464, 19.7531276 ], [ 40.7741802, 19.7564932 ], [ 40.7692915, 19.7570564 ], [ 40.7660655, 19.7604351 ], [ 40.7653119, 19.7661066 ], [ 40.7626408, 19.7705098 ], [ 40.7567092, 19.7752025 ], [ 40.7559299, 19.778557 ], [ 40.7523975, 19.7788492 ], [ 40.7506856, 19.7840151 ], [ 40.7443259, 19.7869093 ], [ 40.743813, 19.7897464 ], [ 40.7402968, 19.7915829 ], [ 40.7384546, 19.7972648 ], [ 40.7267066, 19.7924871 ], [ 40.7193537, 19.7916564 ], [ 40.7125597, 19.7922365 ], [ 40.7024488, 19.787828 ], [ 40.6866514, 19.7857889 ], [ 40.6765617, 19.783309 ], [ 40.6681455, 19.7848044 ], [ 40.6657325, 19.7881739 ], [ 40.6630247, 19.7893572 ], [ 40.6562825, 19.794956 ], [ 40.6551759, 19.7931639 ], [ 40.649735, 19.7930851 ], [ 40.6470006, 19.7916946 ], [ 40.6454646, 19.7878467 ], [ 40.6479932, 19.7824166 ], [ 40.6505577, 19.7805907 ], [ 40.6516999, 19.7725986 ], [ 40.6570829, 19.767142 ], [ 40.6608822, 19.7663342 ], [ 40.6693004, 19.7603688 ], [ 40.6734167, 19.7556614 ], [ 40.6805772, 19.7512172 ], [ 40.6778149, 19.7469169 ], [ 40.6724118, 19.7505213 ], [ 40.6659633, 19.7580481 ], [ 40.659834, 19.7570751 ], [ 40.6583814, 19.7612081 ], [ 40.6545717, 19.7609859 ], [ 40.6491544, 19.7630957 ], [ 40.6464587, 19.7654378 ], [ 40.6443387, 19.7708641 ], [ 40.6375662, 19.7735009 ], [ 40.6340597, 19.7763652 ], [ 40.6307199, 19.7823175 ], [ 40.6318473, 19.7861692 ], [ 40.631382, 19.7938976 ], [ 40.6258301, 19.7962654 ], [ 40.6251707, 19.7983311 ], [ 40.6244931, 19.8119834 ], [ 40.6178864, 19.8177078 ], [ 40.6148927, 19.8176055 ], [ 40.6089507, 19.8219079 ], [ 40.6027029, 19.8228649 ], [ 40.5986041, 19.8210994 ], [ 40.5956438, 19.8243447 ], [ 40.5869819, 19.8287991 ], [ 40.5871582, 19.832917 ], [ 40.5843404, 19.8368042 ], [ 40.5834312, 19.8411893 ], [ 40.5863242, 19.8447683 ], [ 40.5884412, 19.8524736 ], [ 40.5876735, 19.8573725 ], [ 40.5855376, 19.861511 ], [ 40.5855888, 19.8666599 ], [ 40.5837096, 19.8692515 ], [ 40.5828037, 19.8738941 ], [ 40.5782055, 19.8767671 ], [ 40.575039, 19.8868366 ], [ 40.5718061, 19.8902124 ], [ 40.560427, 19.8955902 ], [ 40.5574206, 19.8943292 ], [ 40.55172, 19.8959237 ], [ 40.5492879, 19.8977474 ], [ 40.5449381, 19.8983 ], [ 40.5370859, 19.902617 ], [ 40.5427627, 19.9126094 ], [ 40.5486444, 19.9295516 ], [ 40.5492617, 19.9370129 ], [ 40.5488026, 19.9457712 ], [ 40.5472418, 19.9532516 ], [ 40.5418939, 19.9633395 ], [ 40.5352879, 19.9700911 ], [ 40.5249874, 19.975072 ], [ 40.5244651, 19.9773939 ], [ 40.5201154, 19.9782036 ], [ 40.5173751, 19.9764247 ], [ 40.5152322, 19.980176 ], [ 40.5043649, 19.9829726 ], [ 40.502483, 19.9855632 ], [ 40.4989476, 19.9861081 ], [ 40.4954435, 19.9899998 ], [ 40.4919128, 19.9910595 ], [ 40.4759548, 20.0030372 ], [ 40.4729624, 20.0034479 ], [ 40.450752, 20.0171495 ], [ 40.4488688, 20.0197397 ], [ 40.4382945, 20.025233 ], [ 40.4369499, 20.0271746 ], [ 40.4334084, 20.0272033 ], [ 40.4279962, 20.0312385 ], [ 40.4261474, 20.0376906 ], [ 40.4207207, 20.0401799 ], [ 40.4145775, 20.0456282 ], [ 40.4149354, 20.0483373 ], [ 40.419705, 20.0484275 ], [ 40.4201329, 20.0506131 ], [ 40.4172723, 20.0539199 ], [ 40.4104807, 20.0528784 ], [ 40.4077802, 20.055604 ], [ 40.402877, 20.0557713 ], [ 40.3928502, 20.0620304 ], [ 40.3868659, 20.0632366 ], [ 40.3855215, 20.0653069 ], [ 40.3800842, 20.0667652 ], [ 40.373032, 20.0705541 ], [ 40.3725297, 20.0754503 ], [ 40.3670817, 20.0757501 ], [ 40.3559334, 20.0786682 ], [ 40.3469404, 20.0787372 ], [ 40.3355329, 20.0833293 ], [ 40.3289958, 20.0837654 ], [ 40.319814, 20.0938763 ], [ 40.3160092, 20.0951923 ], [ 40.3116741, 20.0983144 ], [ 40.3075656, 20.0958982 ], [ 40.3043078, 20.0974673 ], [ 40.297758, 20.0964856 ], [ 40.2934143, 20.0985775 ], [ 40.2863362, 20.0996591 ], [ 40.2830981, 20.1036744 ], [ 40.2827306, 20.108827 ], [ 40.2793564, 20.1128421 ], [ 40.2747403, 20.1150647 ], [ 40.2731319, 20.1184236 ], [ 40.2704207, 20.1202458 ], [ 40.2692413, 20.1261766 ], [ 40.2650289, 20.1277517 ], [ 40.2611293, 20.1344746 ], [ 40.2616993, 20.1375604 ], [ 40.2596861, 20.1414372 ], [ 40.2538126, 20.1446541 ], [ 40.2497331, 20.1508682 ], [ 40.2516684, 20.1529599 ], [ 40.2492366, 20.1582547 ], [ 40.2428877, 20.1548171 ], [ 40.2387908, 20.1539452 ], [ 40.2341637, 20.1550076 ], [ 40.2309201, 20.1586353 ], [ 40.230547, 20.1632728 ], [ 40.2342408, 20.1647919 ], [ 40.237004, 20.1694075 ], [ 40.2377522, 20.1778995 ], [ 40.2375568, 20.1876857 ], [ 40.2360898, 20.1918159 ], [ 40.2314606, 20.1927492 ], [ 40.2235376, 20.1910021 ], [ 40.2227105, 20.1898496 ], [ 40.216189, 20.1929847 ], [ 40.2104629, 20.1931525 ], [ 40.207451, 20.1916282 ], [ 40.201458, 20.192571 ], [ 40.1963008, 20.1958244 ], [ 40.1842486, 20.1933235 ], [ 40.1800097, 20.1884004 ], [ 40.1749697, 20.1882432 ], [ 40.1684463, 20.1912485 ], [ 40.1632099, 20.2023557 ], [ 40.157125, 20.2093483 ], [ 40.1541284, 20.209883 ], [ 40.1522513, 20.2142729 ], [ 40.1476671, 20.2215129 ], [ 40.1417026, 20.2265726 ], [ 40.1354246, 20.2260982 ], [ 40.1324305, 20.2270192 ], [ 40.1261952, 20.232467 ], [ 40.1271848, 20.237353 ], [ 40.126273, 20.2432814 ], [ 40.120885, 20.2528434 ], [ 40.118212, 20.2605856 ], [ 40.1156543, 20.2654943 ], [ 40.116903, 20.268319 ], [ 40.1117514, 20.2729867 ], [ 40.1082069, 20.2733949 ], [ 40.1016741, 20.2757536 ], [ 40.0951313, 20.2766964 ], [ 40.0910561, 20.2792968 ], [ 40.0907959, 20.281101 ], [ 40.0853506, 20.2829373 ], [ 40.0815309, 20.2830893 ], [ 40.0782687, 20.2849118 ], [ 40.0695439, 20.2861246 ], [ 40.0643727, 20.2882161 ], [ 40.0569947, 20.2868442 ], [ 40.0498741, 20.2831536 ], [ 40.0460293, 20.2795714 ], [ 40.0383875, 20.2794877 ], [ 40.0282947, 20.2801916 ], [ 40.0252902, 20.2798224 ], [ 40.0124792, 20.2822144 ], [ 40.0092002, 20.2815902 ], [ 40.0073843, 20.2751628 ], [ 40.0109118, 20.2720525 ], [ 40.0125225, 20.267923 ], [ 40.0093714, 20.2658812 ], [ 40.0058283, 20.2665448 ], [ 40.0038959, 20.2630801 ], [ 39.9935425, 20.2655849 ], [ 39.9883507, 20.264456 ], [ 39.9856332, 20.2662738 ], [ 39.9840301, 20.2716905 ], [ 39.9783293, 20.2764858 ], [ 39.9756238, 20.2802352 ], [ 39.9690967, 20.2838767 ], [ 39.9643155, 20.2831305 ], [ 39.9643299, 20.285448 ], [ 39.9594427, 20.2895951 ], [ 39.9508778, 20.294792 ], [ 39.9476019, 20.2946805 ], [ 39.939446, 20.3000039 ], [ 39.9364598, 20.3027232 ], [ 39.9258144, 20.3026516 ], [ 39.9200612, 20.2990768 ], [ 39.9129799, 20.301689 ], [ 39.9097272, 20.3055686 ], [ 39.9039953, 20.3055983 ], [ 39.9045256, 20.3028912 ], [ 39.9140574, 20.2992365 ], [ 39.9156656, 20.294207 ], [ 39.9110153, 20.2924287 ], [ 39.9110032, 20.2903688 ], [ 39.9148127, 20.288417 ], [ 39.9180909, 20.288915 ], [ 39.9263967, 20.2859103 ], [ 39.9266512, 20.2828188 ], [ 39.9308703, 20.2808646 ], [ 39.9417826, 20.280163 ], [ 39.9426921, 20.2726903 ], [ 39.9471687, 20.2682885 ], [ 39.9523377, 20.2656852 ], [ 39.9495917, 20.2628676 ], [ 39.9463125, 20.2621128 ], [ 39.9359612, 20.2651294 ], [ 39.9277949, 20.2685204 ], [ 39.916897, 20.2715395 ], [ 39.9081929, 20.2764777 ], [ 39.9060113, 20.2767465 ], [ 39.8967741, 20.2840044 ], [ 39.8880629, 20.2879114 ], [ 39.8790856, 20.2931071 ], [ 39.8698174, 20.2952135 ], [ 39.8673869, 20.2998608 ], [ 39.859227, 20.3050513 ], [ 39.847283, 20.3172127 ], [ 39.8415672, 20.3203304 ], [ 39.834496, 20.3252571 ], [ 39.831245, 20.329908 ], [ 39.8236309, 20.3356094 ], [ 39.8170991, 20.3395028 ], [ 39.8094641, 20.3413408 ], [ 39.7999275, 20.3451183 ], [ 39.7963815, 20.3457787 ], [ 39.7947578, 20.3486188 ], [ 39.791215, 20.3499225 ], [ 39.7874081, 20.3530299 ], [ 39.7759674, 20.358489 ], [ 39.7699922, 20.3649533 ], [ 39.7571946, 20.3724774 ], [ 39.7509362, 20.3771397 ], [ 39.7498538, 20.3792045 ], [ 39.740885, 20.3882559 ], [ 39.7373426, 20.3899444 ], [ 39.7324279, 20.3902226 ], [ 39.7305227, 20.3916473 ], [ 39.7289215, 20.3996371 ], [ 39.7223791, 20.402368 ], [ 39.7184428, 20.4076637 ], [ 39.7112334, 20.4138737 ], [ 39.7074422, 20.4210997 ], [ 39.7041746, 20.4234305 ], [ 39.6992623, 20.4244804 ], [ 39.7011954, 20.4291081 ], [ 39.6954714, 20.4319637 ], [ 39.6941147, 20.4340292 ], [ 39.6878263, 20.4328949 ], [ 39.6829157, 20.4344594 ], [ 39.681021, 20.4384588 ], [ 39.6829401, 20.4399963 ], [ 39.6835048, 20.4441145 ], [ 39.67233, 20.4503384 ], [ 39.6690548, 20.4511237 ], [ 39.6655162, 20.4542275 ], [ 39.6699102, 20.4593609 ], [ 39.6702293, 20.4699179 ], [ 39.6650369, 20.4698086 ], [ 39.6612185, 20.4714975 ], [ 39.660278, 20.4753639 ], [ 39.6620715, 20.4792199 ], [ 39.6601673, 20.4812874 ], [ 39.6527878, 20.4810575 ], [ 39.6513115, 20.4875011 ], [ 39.6488725, 20.4924032 ], [ 39.6486198, 20.497297 ], [ 39.649739, 20.5034731 ], [ 39.6477092, 20.5081161 ], [ 39.65209, 20.5099023 ], [ 39.6529263, 20.5137619 ], [ 39.6441796, 20.5137946 ], [ 39.6400717, 20.511878 ], [ 39.6332352, 20.5111305 ], [ 39.6324274, 20.5140953 ], [ 39.6254797, 20.5197859 ], [ 39.6252191, 20.5228772 ], [ 39.6220927, 20.5270087 ], [ 39.6138971, 20.5283255 ], [ 39.6128169, 20.531677 ], [ 39.617197, 20.5332066 ], [ 39.6199617, 20.5409223 ], [ 39.6247549, 20.5432229 ], [ 39.6240845, 20.5463155 ], [ 39.6147865, 20.5457044 ], [ 39.6115176, 20.548678 ], [ 39.6100063, 20.5468806 ], [ 39.6146272, 20.5401688 ], [ 39.6151617, 20.5370766 ], [ 39.6133667, 20.5324476 ], [ 39.6057306, 20.5371098 ], [ 39.6000088, 20.5420227 ], [ 39.5976986, 20.5456358 ], [ 39.5941762, 20.5538885 ], [ 39.5896843, 20.5587968 ], [ 39.5880557, 20.5618925 ], [ 39.5832849, 20.5657715 ], [ 39.5815325, 20.5722153 ], [ 39.5808739, 20.578913 ], [ 39.5867678, 20.5826267 ], [ 39.5897635, 20.579398 ], [ 39.6001547, 20.5793623 ], [ 39.6035561, 20.5752302 ], [ 39.6047678, 20.570333 ], [ 39.6115903, 20.5669614 ], [ 39.6163594, 20.5630817 ], [ 39.6111138, 20.5623737 ], [ 39.6164733, 20.5572867 ], [ 39.6198984, 20.5592064 ], [ 39.6190957, 20.563587 ], [ 39.6151532, 20.5690089 ], [ 39.6075074, 20.571611 ], [ 39.6057427, 20.574965 ], [ 39.6049528, 20.5826932 ], [ 39.6071598, 20.5875783 ], [ 39.6062123, 20.5898994 ], [ 39.6007293, 20.5864415 ], [ 39.59581, 20.5872311 ], [ 39.5930827, 20.5891723 ], [ 39.5887077, 20.5893156 ], [ 39.5859646, 20.5871364 ], [ 39.5851305, 20.5835341 ], [ 39.5813059, 20.584577 ], [ 39.5735512, 20.5951612 ], [ 39.5741145, 20.5995371 ], [ 39.5715312, 20.6034084 ], [ 39.5674412, 20.6067696 ], [ 39.5632328, 20.6152814 ], [ 39.5629667, 20.6173424 ], [ 39.7071562, 20.6587473 ], [ 39.7620275, 20.7137476 ], [ 39.820818, 20.7797216 ], [ 39.8482536, 20.8163614 ], [ 39.9462379, 20.8603173 ], [ 39.9854316, 20.8676421 ], [ 40.0873353, 20.9079218 ], [ 40.1422065, 20.9445303 ], [ 40.2009971, 20.9994264 ], [ 40.2715458, 21.028696 ], [ 40.326417, 21.028696 ], [ 40.4675144, 20.9811299 ], [ 40.5302243, 20.9225663 ], [ 40.5733374, 20.8529922 ], [ 40.5811762, 20.7943786 ], [ 40.6360474, 20.7797216 ], [ 40.737951, 20.7613984 ], [ 40.8555322, 20.6917499 ], [ 40.8868872, 20.6073958 ], [ 40.9300003, 20.5780443 ], [ 40.9848715, 20.5266655 ], [ 41.0671783, 20.4789412 ], [ 41.0789364, 20.4018168 ], [ 41.0946139, 20.3173028 ], [ 41.1554416, 20.2913374 ], [ 41.1533279, 20.2849998 ], [ 41.1483307, 20.265831 ], [ 41.1355515, 20.2472191 ], [ 41.1250441, 20.2424921 ], [ 41.1560174, 20.1949966 ] ] ] ] } },
{ "type": "Feature", "properties": { "shapeName": "Mekkah", "shapeISO": "None", "shapeID": "SAU-ADM2-3_0_0-B26", "shapeGroup": "SAU", "shapeType": "ADM2" }, "geometry": { "type": "MultiPolygon", "coordinates": [ [ [ [ 40.2715458, 21.028696 ], [ 40.2009971, 20.9994264 ], [ 40.1422065, 20.9445303 ], [ 40.0873353, 20.9079218 ], [ 39.9854316, 20.8676421 ], [ 39.9462379, 20.8603173 ], [ 39.8482536, 20.8163614 ], [ 39.820818, 20.7797216 ], [ 39.7620275, 20.7137476 ], [ 39.7071562, 20.6587473 ], [ 39.5629667, 20.6173424 ], [ 39.5612295, 20.6208695 ], [ 39.5547033, 20.6199173 ], [ 39.5528155, 20.6209898 ], [ 39.5488371, 20.627491 ], [ 39.5395011, 20.634938 ], [ 39.5339216, 20.6417741 ], [ 39.5342834, 20.6501426 ], [ 39.5335992, 20.6564611 ], [ 39.5300166, 20.6630672 ], [ 39.5232882, 20.673234 ], [ 39.5213616, 20.6742317 ], [ 39.5184128, 20.6800095 ], [ 39.5111011, 20.6893514 ], [ 39.5067295, 20.6914244 ], [ 39.5049648, 20.6958073 ], [ 39.4988263, 20.7014907 ], [ 39.4906715, 20.7187678 ], [ 39.4864542, 20.7267626 ], [ 39.4876901, 20.7279176 ], [ 39.4907037, 20.7286816 ], [ 39.4915281, 20.7297093 ], [ 39.5011126, 20.7309692 ], [ 39.4981096, 20.7334249 ], [ 39.496073, 20.738581 ], [ 39.4967662, 20.7411542 ], [ 39.5029293, 20.7424239 ], [ 39.5037658, 20.7470567 ], [ 39.5017259, 20.7509253 ], [ 39.4948915, 20.7539063 ], [ 39.4976481, 20.7596929 ], [ 39.4957433, 20.7633035 ], [ 39.4891792, 20.7653825 ], [ 39.4859051, 20.768997 ], [ 39.4828874, 20.7670737 ], [ 39.4801531, 20.7682406 ], [ 39.4867356, 20.7718272 ], [ 39.4738755, 20.7745668 ], [ 39.4675754, 20.7738115 ], [ 39.4649836, 20.777038 ], [ 39.4635081, 20.7868276 ], [ 39.4569403, 20.788261 ], [ 39.4522813, 20.7869858 ], [ 39.4470675, 20.7832659 ], [ 39.4489717, 20.7790115 ], [ 39.4548434, 20.7739748 ], [ 39.4579647, 20.7646959 ], [ 39.4628787, 20.7600474 ], [ 39.4664332, 20.7584927 ], [ 39.4697014, 20.7529469 ], [ 39.4743391, 20.7476555 ], [ 39.4819851, 20.7415821 ], [ 39.4838919, 20.7386158 ], [ 39.4907214, 20.7342187 ], [ 39.4896082, 20.7285564 ], [ 39.4868709, 20.7285642 ], [ 39.4846861, 20.7301155 ], [ 39.4814217, 20.7365625 ], [ 39.4795105, 20.738113 ], [ 39.4715738, 20.7387783 ], [ 39.4666513, 20.7403368 ], [ 39.4611775, 20.7407382 ], [ 39.4562601, 20.744099 ], [ 39.4540862, 20.7495128 ], [ 39.449455, 20.7572504 ], [ 39.4471342, 20.7595742 ], [ 39.4455113, 20.7662738 ], [ 39.4436045, 20.7696265 ], [ 39.4422548, 20.7763254 ], [ 39.4364017, 20.7879287 ], [ 39.4331161, 20.7880654 ], [ 39.4310717, 20.7915473 ], [ 39.4308111, 20.7961833 ], [ 39.4271746, 20.8019628 ], [ 39.4261983, 20.8113883 ], [ 39.4236061, 20.8182315 ], [ 39.4289538, 20.8205061 ], [ 39.4353749, 20.811751 ], [ 39.441245, 20.8056849 ], [ 39.4454839, 20.8034845 ], [ 39.4506752, 20.7993507 ], [ 39.4545075, 20.7988257 ], [ 39.461637, 20.8018968 ], [ 39.4649331, 20.8051073 ], [ 39.4624756, 20.8074316 ], [ 39.456455, 20.8089928 ], [ 39.4512614, 20.8123543 ], [ 39.4499052, 20.8167355 ], [ 39.4573062, 20.8187762 ], [ 39.4564984, 20.8234135 ], [ 39.4521257, 20.8266437 ], [ 39.4469167, 20.8249839 ], [ 39.440342, 20.8246142 ], [ 39.4387018, 20.8257777 ], [ 39.4387194, 20.8318287 ], [ 39.428994, 20.8314675 ], [ 39.4345911, 20.8250156 ], [ 39.4272892, 20.820862 ], [ 39.4225295, 20.8214405 ], [ 39.4215826, 20.8258206 ], [ 39.4086143, 20.8413029 ], [ 39.4061528, 20.8427247 ], [ 39.3993068, 20.8436425 ], [ 39.3987637, 20.8454465 ], [ 39.3930224, 20.8498376 ], [ 39.3905662, 20.8534484 ], [ 39.3771655, 20.8627489 ], [ 39.3627953, 20.8684454 ], [ 39.3636289, 20.8733365 ], [ 39.3604845, 20.8759182 ], [ 39.3591281, 20.8815863 ], [ 39.3616065, 20.8867315 ], [ 39.361072, 20.8923979 ], [ 39.3668159, 20.888008 ], [ 39.3717448, 20.8865805 ], [ 39.3744883, 20.8879914 ], [ 39.374906, 20.8908231 ], [ 39.3709381, 20.8928919 ], [ 39.3699848, 20.8954691 ], [ 39.3739097, 20.8984398 ], [ 39.3713575, 20.9019551 ], [ 39.36302, 20.9047545 ], [ 39.3626182, 20.9088757 ], [ 39.3561852, 20.9117218 ], [ 39.3496305, 20.9215209 ], [ 39.3477159, 20.9233276 ], [ 39.3436059, 20.9238509 ], [ 39.3427715, 20.9184447 ], [ 39.338942, 20.9218001 ], [ 39.3329142, 20.9227127 ], [ 39.3293474, 20.9210463 ], [ 39.3271482, 20.9179603 ], [ 39.3224884, 20.9177116 ], [ 39.3181081, 20.9200374 ], [ 39.3156479, 20.9231323 ], [ 39.3131814, 20.9232652 ], [ 39.309076, 20.9261053 ], [ 39.3083996, 20.9306135 ], [ 39.2959582, 20.9456997 ], [ 39.29076, 20.9509881 ], [ 39.2883003, 20.954855 ], [ 39.2852871, 20.9561476 ], [ 39.2806402, 20.9633659 ], [ 39.278732, 20.9692918 ], [ 39.2727135, 20.976512 ], [ 39.2712119, 20.980377 ], [ 39.2725978, 20.9886152 ], [ 39.2769951, 20.994016 ], [ 39.2759076, 20.999168 ], [ 39.2767551, 21.0125573 ], [ 39.273543, 21.0148577 ], [ 39.346574, 21.0506445 ], [ 39.4288808, 21.1201265 ], [ 39.4955102, 21.2151545 ], [ 39.6170107, 21.2772552 ], [ 39.6444463, 21.317424 ], [ 39.6601238, 21.3721819 ], [ 39.6718819, 21.4305679 ], [ 39.7564875, 21.4501941 ], [ 39.7737856, 21.474342 ], [ 39.8443343, 21.5071639 ], [ 39.9372441, 21.5858798 ], [ 39.9857214, 21.6262776 ], [ 39.9974851, 21.6346808 ], [ 40.0335433, 21.6965469 ], [ 40.1344714, 21.7592398 ], [ 40.2480296, 21.8058661 ], [ 40.2833039, 21.8458888 ], [ 40.3610206, 21.855841 ], [ 40.4854974, 21.8717798 ], [ 40.3891269, 21.7002982 ], [ 40.3616913, 21.6201606 ], [ 40.3616913, 21.5545603 ], [ 40.3068201, 21.532687 ], [ 40.2597877, 21.5035174 ], [ 40.2088358, 21.3794815 ], [ 40.2245133, 21.3283772 ], [ 40.263707, 21.2882114 ], [ 40.2715458, 21.2115007 ], [ 40.2676264, 21.1091578 ], [ 40.2676264, 21.0725897 ], [ 40.2731597, 21.028696 ], [ 40.2715458, 21.028696 ] ] ] ] } },
{ "type": "Feature", "properties": { "shapeName": "Torbah", "shapeISO": "None", "shapeID": "SAU-ADM2-3_0_0-B27", "shapeGroup": "SAU", "shapeType": "ADM2" }, "geometry": { "type": "MultiPolygon", "coordinates": [ [ [ [ 41.7138746, 21.6092293 ], [ 41.6903584, 21.5727856 ], [ 41.6394066, 21.5290411 ], [ 41.6101793, 21.4746546 ], [ 41.6158903, 21.474342 ], [ 41.6433259, 21.3940794 ], [ 41.7295521, 21.3356789 ], [ 41.7883427, 21.3137727 ], [ 41.8079396, 21.2772552 ], [ 41.7883427, 21.2151545 ], [ 41.749149, 21.1384059 ], [ 41.7295521, 21.0762469 ], [ 41.6237291, 21.0250376 ], [ 41.6041322, 20.9408699 ], [ 41.6433259, 20.8676421 ], [ 41.6041322, 20.8126978 ], [ 41.5727772, 20.7760571 ], [ 41.5491487, 20.7075561 ], [ 41.5162526, 20.718416 ], [ 41.4361217, 20.6788545 ], [ 41.4335543, 20.6869341 ], [ 41.4181538, 20.6545138 ], [ 41.3728893, 20.7064154 ], [ 41.3768087, 20.7943786 ], [ 41.3964055, 20.8420039 ], [ 41.3689699, 20.8896142 ], [ 41.3689699, 20.929888 ], [ 41.4160024, 20.9628313 ], [ 41.412083, 21.0250376 ], [ 41.4042443, 21.0689324 ], [ 41.3924861, 21.1237826 ], [ 41.4042443, 21.1895761 ], [ 41.3650505, 21.2005388 ], [ 41.2984212, 21.2224619 ], [ 41.2592275, 21.2553403 ], [ 41.2905825, 21.3429802 ], [ 41.3297762, 21.3940794 ], [ 41.4160024, 21.4050269 ], [ 41.3563611, 21.3974548 ], [ 41.2945018, 21.4342162 ], [ 41.2474694, 21.474342 ], [ 41.2317919, 21.532687 ], [ 41.212195, 21.5764304 ], [ 41.1769207, 21.6274477 ], [ 41.1925982, 21.689373 ], [ 41.2396306, 21.7403504 ], [ 41.2553081, 21.7913096 ], [ 41.30626, 21.7367097 ], [ 41.4277605, 21.7403504 ], [ 41.4826317, 21.7949489 ], [ 41.6041322, 21.8313364 ], [ 41.6981971, 21.8313364 ], [ 41.717794, 21.7876703 ], [ 41.7138746, 21.682089 ], [ 41.7138746, 21.6092293 ] ] ] ] } },
{ "type": "Feature", "properties": { "shapeName": "Khormah", "shapeISO": "None", "shapeID": "SAU-ADM2-3_0_0-B28", "shapeGroup": "SAU", "shapeType": "ADM2" }, "geometry": { "type": "MultiPolygon", "coordinates": [ [ [ [ 42.9288799, 22.6873674 ], [ 43.0490807, 22.6284633 ], [ 43.1410742, 22.620634 ], [ 43.242105, 22.5077976 ], [ 43.3189906, 22.4188465 ], [ 43.3242429, 22.2083926 ], [ 43.327512, 22.201293 ], [ 43.3952852, 22.0603641 ], [ 43.4522866, 22.00139 ], [ 43.3051396, 21.8931738 ], [ 43.2502684, 21.8458888 ], [ 43.2032359, 21.8058661 ], [ 43.171881, 21.7621923 ], [ 43.1522841, 21.7112226 ], [ 43.0425417, 21.7002982 ], [ 42.9641543, 21.7185051 ], [ 42.8583312, 21.7476314 ], [ 42.7838632, 21.7876703 ], [ 42.7329113, 21.7621923 ], [ 42.7015563, 21.7221462 ], [ 42.6310076, 21.6784469 ], [ 42.603572, 21.6274477 ], [ 42.5839752, 21.5691407 ], [ 42.5643783, 21.5217491 ], [ 42.4938296, 21.4889304 ], [ 42.4467972, 21.4597521 ], [ 42.2469092, 21.4561044 ], [ 42.086215, 21.4378645 ], [ 41.9607951, 21.4451607 ], [ 41.8745689, 21.3831311 ], [ 41.78969, 21.3112624 ], [ 41.7883427, 21.3137727 ], [ 41.7295521, 21.3356789 ], [ 41.6433259, 21.3940794 ], [ 41.6158903, 21.474342 ], [ 41.6101793, 21.4746546 ], [ 41.6394066, 21.5290411 ], [ 41.6903584, 21.5727856 ], [ 41.7138746, 21.6092293 ], [ 41.7138746, 21.6344678 ], [ 41.8157783, 21.6529495 ], [ 41.8902464, 21.7367097 ], [ 41.9059239, 21.7913096 ], [ 41.9411982, 21.8640772 ], [ 41.9607951, 21.9149924 ], [ 42.0078275, 21.9804281 ], [ 42.0744568, 22.0131346 ], [ 42.1489249, 22.0785251 ], [ 42.2116349, 22.1257327 ], [ 42.2469092, 22.1584056 ], [ 42.3252966, 22.1874419 ], [ 42.3958453, 22.2092151 ], [ 42.5134265, 22.1947 ], [ 42.6819595, 22.2092151 ], [ 42.7642663, 22.249124 ], [ 42.7681857, 22.3651577 ], [ 42.7799438, 22.5245463 ], [ 42.7917019, 22.6041718 ], [ 42.9288799, 22.6873674 ] ] ] ] } },
{ "type": "Feature", "properties": { "shapeName": "Raniah", "shapeISO": "None", "shapeID": "SAU-ADM2-3_0_0-B29", "shapeGroup": "SAU", "shapeType": "ADM2" }, "geometry": { "type": "MultiPolygon", "coordinates": [ [ [ [ 42.2537419, 20.3401685 ], [ 42.1500885, 20.3312864 ], [ 42.1354853, 20.3571617 ], [ 42.1131808, 20.5529437 ], [ 42.089691, 20.5887759 ], [ 42.0552111, 20.5882538 ], [ 42.0499954, 20.5977745 ], [ 42.0366592, 20.6197205 ], [ 42.0050687, 20.620278 ], [ 41.9497826, 20.6212536 ], [ 41.8569348, 20.634447 ], [ 41.827959, 20.6312546 ], [ 41.6368192, 20.6475157 ], [ 41.5748135, 20.6990828 ], [ 41.5491487, 20.7075561 ], [ 41.5727772, 20.7760571 ], [ 41.6041322, 20.8126978 ], [ 41.6433259, 20.8676421 ], [ 41.6041322, 20.9408699 ], [ 41.6237291, 21.0250376 ], [ 41.7295521, 21.0762469 ], [ 41.749149, 21.1384059 ], [ 41.7883427, 21.2151545 ], [ 41.8079396, 21.2772552 ], [ 41.78969, 21.3112624 ], [ 41.8745689, 21.3831311 ], [ 41.9607951, 21.4451607 ], [ 42.086215, 21.4378645 ], [ 42.2469092, 21.4561044 ], [ 42.4467972, 21.4597521 ], [ 42.4938296, 21.4889304 ], [ 42.5643783, 21.5217491 ], [ 42.5839752, 21.5691407 ], [ 42.603572, 21.6274477 ], [ 42.6310076, 21.6784469 ], [ 42.7015563, 21.7221462 ], [ 42.7329113, 21.7621923 ], [ 42.7838632, 21.7876703 ], [ 42.8583312, 21.7476314 ], [ 42.9641543, 21.7185051 ], [ 43.0425417, 21.7002982 ], [ 43.1522841, 21.7112226 ], [ 43.171881, 21.7621923 ], [ 43.2032359, 21.8058661 ], [ 43.2502684, 21.8458888 ], [ 43.3051396, 21.8931738 ], [ 43.4522866, 22.00139 ], [ 43.5080401, 21.9472383 ], [ 43.4815113, 21.7403504 ], [ 43.4879009, 21.6532733 ], [ 43.5023713, 21.4558779 ], [ 43.4932695, 21.3831311 ], [ 43.4176662, 21.3241363 ], [ 43.3482527, 21.2699506 ], [ 43.312887, 21.2192394 ], [ 43.3725021, 21.1928581 ], [ 43.4836606, 21.143655 ], [ 43.6144465, 21.1056666 ], [ 43.6674957, 20.9761086 ], [ 43.5128663, 20.9591713 ], [ 43.4809537, 20.9481334 ], [ 43.3129784, 20.9884488 ], [ 43.2620265, 20.9408699 ], [ 43.1891632, 20.8663864 ], [ 43.212589, 20.8677055 ], [ 43.1886837, 20.7687512 ], [ 43.1402418, 20.7033122 ], [ 43.0541228, 20.6176954 ], [ 42.9841511, 20.5773885 ], [ 42.8980321, 20.4765747 ], [ 42.8172955, 20.4311868 ], [ 42.7257941, 20.4210988 ], [ 42.6719697, 20.3908308 ], [ 42.5697034, 20.335324 ], [ 42.467437, 20.2999912 ], [ 42.4136126, 20.284846 ], [ 42.3167288, 20.2898946 ], [ 42.2537419, 20.3401685 ] ] ] ] } },
{ "type": "Feature", "properties": { "shapeName": "Qunfudhah", "shapeISO": "None", "shapeID": "SAU-ADM2-3_0_0-B30", "shapeGroup": "SAU", "shapeType": "ADM2" }, "geometry": { "type": "MultiPolygon", "coordinates": [ [ [ [ 40.8940247, 19.2840034 ], [ 40.8947803, 19.2789756 ], [ 40.8974513, 19.2754719 ], [ 40.8963239, 19.2717509 ], [ 40.8930576, 19.2706258 ], [ 40.8892876, 19.2728535 ], [ 40.8886507, 19.2764645 ], [ 40.8889404, 19.2898493 ], [ 40.8940247, 19.2840034 ] ] ], [ [ [ 40.743523, 19.687923 ], [ 40.7546147, 19.6830525 ], [ 40.7562102, 19.6798181 ], [ 40.7523983, 19.6792122 ], [ 40.7505281, 19.6821908 ], [ 40.7453698, 19.6827559 ], [ 40.741555, 19.6818924 ], [ 40.7367364, 19.6887612 ], [ 40.743523, 19.687923 ] ] ], [ [ [ 41.532909, 19.5093356 ], [ 41.5986105, 19.3832923 ], [ 41.7894829, 19.4760208 ], [ 41.829971, 19.4023878 ], [ 41.8779459, 19.351364 ], [ 41.5862466, 19.1836317 ], [ 41.560304, 19.0656736 ], [ 41.5524225, 19.0532579 ], [ 41.4447738, 19.0227298 ], [ 41.3840773, 18.9916451 ], [ 41.3824997, 18.9644432 ], [ 41.3827744, 18.9194412 ], [ 41.3847198, 18.8999977 ], [ 41.3883286, 18.8786087 ], [ 41.3938828, 18.8580551 ], [ 41.4005508, 18.8374977 ], [ 41.4108276, 18.8161087 ], [ 41.430275, 18.7966652 ], [ 41.4499969, 18.78722 ], [ 41.4719391, 18.7833328 ], [ 41.4952774, 18.783886 ], [ 41.5577774, 18.7880554 ], [ 41.5799942, 18.7877769 ], [ 41.593471, 18.7870752 ], [ 41.5472554, 18.7503749 ], [ 41.509363, 18.7144897 ], [ 41.4887929, 18.678597 ], [ 41.4783602, 18.678597 ], [ 41.4025755, 18.6426966 ], [ 41.3521676, 18.582186 ], [ 41.3388645, 18.5820523 ], [ 41.3367457, 18.5850392 ], [ 41.3367844, 18.5878702 ], [ 41.3256835, 18.5854335 ], [ 41.3240309, 18.583008 ], [ 41.3078336, 18.5829496 ], [ 41.3062367, 18.5846429 ], [ 41.299641, 18.5860105 ], [ 41.2934297, 18.5858289 ], [ 41.2879606, 18.5906572 ], [ 41.2831073, 18.5911027 ], [ 41.2804271, 18.5925505 ], [ 41.2804819, 18.5966686 ], [ 41.2777843, 18.5968304 ], [ 41.2744611, 18.6007319 ], [ 41.2702878, 18.6015544 ], [ 41.2651931, 18.60419 ], [ 41.2622851, 18.6088587 ], [ 41.2593292, 18.6099239 ], [ 41.2566739, 18.6133023 ], [ 41.255672, 18.619235 ], [ 41.2531409, 18.6218396 ], [ 41.2548015, 18.6249088 ], [ 41.2519096, 18.6308642 ], [ 41.2556433, 18.6375126 ], [ 41.249744, 18.6406723 ], [ 41.2467554, 18.6392919 ], [ 41.2445023, 18.642537 ], [ 41.2465921, 18.6474032 ], [ 41.2466904, 18.6548672 ], [ 41.2452217, 18.656172 ], [ 41.2451583, 18.6615785 ], [ 41.2426331, 18.664698 ], [ 41.2371177, 18.6766054 ], [ 41.2292793, 18.6864808 ], [ 41.2236749, 18.6916959 ], [ 41.2191236, 18.694839 ], [ 41.2107356, 18.7042054 ], [ 41.2067775, 18.7114602 ], [ 41.2055069, 18.7176533 ], [ 41.2060973, 18.721508 ], [ 41.209298, 18.7286783 ], [ 41.2114109, 18.7353464 ], [ 41.2153855, 18.7396756 ], [ 41.2205583, 18.7530005 ], [ 41.2173933, 18.7589589 ], [ 41.2199397, 18.7676811 ], [ 41.2217403, 18.7710063 ], [ 41.2247397, 18.77303 ], [ 41.2245776, 18.7812694 ], [ 41.2291001, 18.7861067 ], [ 41.2294179, 18.7897067 ], [ 41.2332963, 18.7968683 ], [ 41.2351485, 18.8040539 ], [ 41.2370501, 18.8196167 ], [ 41.2372052, 18.8248715 ], [ 41.2360933, 18.8302943 ], [ 41.2377832, 18.83461 ], [ 41.2339692, 18.837533 ], [ 41.2363039, 18.8403366 ], [ 41.2418096, 18.8391715 ], [ 41.2434276, 18.8454723 ], [ 41.2425199, 18.8503015 ], [ 41.2379584, 18.8529305 ], [ 41.2385297, 18.8552404 ], [ 41.2326095, 18.857371 ], [ 41.2340792, 18.8530078 ], [ 41.2290566, 18.8506763 ], [ 41.2214424, 18.8525397 ], [ 41.2190548, 18.8547014 ], [ 41.2106921, 18.8574083 ], [ 41.1987857, 18.857942 ], [ 41.1928978, 18.8601599 ], [ 41.1896502, 18.8599407 ], [ 41.1842964, 18.8641225 ], [ 41.1803039, 18.8690605 ], [ 41.1733208, 18.8727464 ], [ 41.1725444, 18.8754579 ], [ 41.1677056, 18.8777031 ], [ 41.1604676, 18.8826785 ], [ 41.1593196, 18.8880979 ], [ 41.1586173, 18.8966012 ], [ 41.1559201, 18.9077021 ], [ 41.1535323, 18.9113339 ], [ 41.14965, 18.9250228 ], [ 41.1473885, 18.9385637 ], [ 41.1452229, 18.9384605 ], [ 41.1442132, 18.9441356 ], [ 41.1407394, 18.9475225 ], [ 41.1398283, 18.9503647 ], [ 41.136208, 18.9528517 ], [ 41.1305417, 18.9540759 ], [ 41.1296139, 18.955631 ], [ 41.1317678, 18.9653889 ], [ 41.1358619, 18.9681734 ], [ 41.1369802, 18.9709921 ], [ 41.1421273, 18.9714476 ], [ 41.1431494, 18.9773567 ], [ 41.1408731, 18.9791851 ], [ 41.1397241, 18.9846045 ], [ 41.142318, 18.9863764 ], [ 41.1425056, 18.9904932 ], [ 41.1464525, 18.9922495 ], [ 41.1519337, 18.9975918 ], [ 41.1497258, 19.0048256 ], [ 41.1508545, 19.0084164 ], [ 41.1499541, 19.0120308 ], [ 41.1540333, 19.0135279 ], [ 41.1565385, 19.0189048 ], [ 41.1574567, 19.0271318 ], [ 41.163464, 19.0311803 ], [ 41.1666961, 19.0404098 ], [ 41.1670972, 19.0504447 ], [ 41.1660513, 19.0532888 ], [ 41.1661414, 19.0602381 ], [ 41.1654397, 19.0687414 ], [ 41.1628865, 19.0806131 ], [ 41.1597579, 19.0899172 ], [ 41.1580286, 19.0922544 ], [ 41.1488798, 19.0967376 ], [ 41.1423835, 19.0969416 ], [ 41.1385782, 19.0958278 ], [ 41.1326695, 19.0996286 ], [ 41.1240364, 19.1021744 ], [ 41.1218589, 19.101298 ], [ 41.1115731, 19.1016737 ], [ 41.1002173, 19.1030909 ], [ 41.0916093, 19.1076943 ], [ 41.0849398, 19.1157506 ], [ 41.0832989, 19.1144821 ], [ 41.0728205, 19.1222185 ], [ 41.0697646, 19.1259621 ], [ 41.071502, 19.1345526 ], [ 41.0677898, 19.1424281 ], [ 41.06058, 19.1445667 ], [ 41.0589063, 19.1472019 ], [ 41.0613203, 19.1508608 ], [ 41.0559344, 19.1592727 ], [ 41.0521257, 19.167674 ], [ 41.0488212, 19.1708966 ], [ 41.0458276, 19.1777563 ], [ 41.0474712, 19.1799984 ], [ 41.0484175, 19.1868565 ], [ 41.0453083, 19.1874948 ], [ 41.0439925, 19.1941711 ], [ 41.0403953, 19.1958763 ], [ 41.0415177, 19.2003992 ], [ 41.0413706, 19.2066009 ], [ 41.043264, 19.2063223 ], [ 41.0449756, 19.213254 ], [ 41.0422542, 19.2233245 ], [ 41.0477407, 19.2286695 ], [ 41.0507822, 19.2335268 ], [ 41.0513785, 19.2378964 ], [ 41.0488493, 19.2415288 ], [ 41.0494679, 19.2477004 ], [ 41.045576, 19.2508333 ], [ 41.0471502, 19.257509 ], [ 41.0450521, 19.2631962 ], [ 41.0377, 19.2715163 ], [ 41.0353494, 19.2787507 ], [ 41.0317414, 19.28291 ], [ 41.0268826, 19.2846369 ], [ 41.0225802, 19.2875163 ], [ 41.0170399, 19.2889941 ], [ 41.0158866, 19.2944131 ], [ 41.0141491, 19.2964917 ], [ 41.013018, 19.3037125 ], [ 41.0126553, 19.3183906 ], [ 41.0099722, 19.3207372 ], [ 41.0048456, 19.3228531 ], [ 41.0019352, 19.3288062 ], [ 40.9987095, 19.3311587 ], [ 40.9821796, 19.3322398 ], [ 40.9757351, 19.3375879 ], [ 40.9759322, 19.3427345 ], [ 40.973409, 19.3471384 ], [ 40.966953, 19.3515848 ], [ 40.9582762, 19.3518067 ], [ 40.9616368, 19.3606529 ], [ 40.9611497, 19.3652921 ], [ 40.9574295, 19.3717683 ], [ 40.9547294, 19.3728271 ], [ 40.9520968, 19.3795489 ], [ 40.9522565, 19.3816067 ], [ 40.9488742, 19.393743 ], [ 40.9508744, 19.4022174 ], [ 40.951204, 19.4071053 ], [ 40.9503378, 19.4140656 ], [ 40.9476801, 19.418728 ], [ 40.947723, 19.4223319 ], [ 40.9527328, 19.4328333 ], [ 40.95383, 19.4451788 ], [ 40.9589709, 19.4551637 ], [ 40.9597264, 19.4615915 ], [ 40.9616786, 19.465947 ], [ 40.9609296, 19.4713613 ], [ 40.9616491, 19.4860279 ], [ 40.9632386, 19.4939912 ], [ 40.9621885, 19.4969629 ], [ 40.9592352, 19.4996985 ], [ 40.9538232, 19.5011725 ], [ 40.9481227, 19.5012339 ], [ 40.9454529, 19.504996 ], [ 40.9412879, 19.508645 ], [ 40.9408063, 19.513799 ], [ 40.9378908, 19.5197516 ], [ 40.9356098, 19.5219638 ], [ 40.9326204, 19.5217383 ], [ 40.9269604, 19.5252747 ], [ 40.9270366, 19.53171 ], [ 40.9202932, 19.5355144 ], [ 40.9137633, 19.5344255 ], [ 40.9075289, 19.5353921 ], [ 40.8991438, 19.5381842 ], [ 40.8934764, 19.5412038 ], [ 40.8839818, 19.5420755 ], [ 40.8782768, 19.5418774 ], [ 40.8709899, 19.5458149 ], [ 40.8642133, 19.5469146 ], [ 40.856656, 19.5509836 ], [ 40.8459083, 19.5611344 ], [ 40.8442612, 19.5596066 ], [ 40.8361669, 19.5643232 ], [ 40.8349705, 19.5666525 ], [ 40.8307906, 19.5692696 ], [ 40.8267851, 19.5753599 ], [ 40.8229739, 19.5746262 ], [ 40.8156757, 19.5777893 ], [ 40.8099633, 19.5770743 ], [ 40.8064527, 19.5789116 ], [ 40.8016111, 19.5832087 ], [ 40.7895963, 19.6021229 ], [ 40.7841962, 19.6051367 ], [ 40.7801257, 19.6055636 ], [ 40.7765313, 19.6122931 ], [ 40.7789033, 19.6179339 ], [ 40.7848957, 19.6192901 ], [ 40.786883, 19.6147653 ], [ 40.7918394, 19.6084079 ], [ 40.7970023, 19.6084856 ], [ 40.8010526, 19.6062563 ], [ 40.7988581, 19.6043478 ], [ 40.7978411, 19.5984362 ], [ 40.8031499, 19.5994132 ], [ 40.8043627, 19.610729 ], [ 40.8067662, 19.6192011 ], [ 40.8035436, 19.6225802 ], [ 40.8044735, 19.6328692 ], [ 40.8027568, 19.6372633 ], [ 40.7995137, 19.6388405 ], [ 40.7994347, 19.6439903 ], [ 40.8043657, 19.6475454 ], [ 40.8051752, 19.6591228 ], [ 40.806869, 19.6647698 ], [ 40.810688, 19.6660187 ], [ 40.8085776, 19.6717038 ], [ 40.8031567, 19.6730457 ], [ 40.8063393, 19.6781629 ], [ 40.8063999, 19.6835686 ], [ 40.8053561, 19.6874411 ], [ 40.8003304, 19.6998495 ], [ 40.7991711, 19.705525 ], [ 40.7970138, 19.7070914 ], [ 40.7932643, 19.7199848 ], [ 40.841736, 19.7351937 ], [ 40.953018, 19.7612534 ], [ 41.030326, 19.7589064 ], [ 41.1056802, 19.6879731 ], [ 41.1164451, 19.6271481 ], [ 41.1541221, 19.5612284 ], [ 41.1810343, 19.5105026 ], [ 41.2671533, 19.4800594 ], [ 41.3718975, 19.4452033 ], [ 41.3738861, 19.454998 ], [ 41.3762879, 19.4780334 ], [ 41.471686, 19.4851337 ], [ 41.532909, 19.5093356 ] ] ] ] } },
{ "type": "Feature", "properties": { "shapeName": "Turaif", "shapeISO": "None", "shapeID": "SAU-ADM2-3_0_0-B31", "shapeGroup": "SAU", "shapeType": "ADM2" }, "geometry": { "type": "MultiPolygon", "coordinates": [ [ [ [ 40.0618475, 31.997681 ], [ 40.0580965, 31.7275992 ], [ 39.9551096, 31.6932702 ], [ 39.9093376, 31.6322409 ], [ 39.8711943, 31.5673973 ], [ 39.8635656, 31.5101824 ], [ 39.7796504, 31.4911107 ], [ 39.7529501, 31.4796677 ], [ 39.7109924, 31.4529674 ], [ 39.6728491, 31.4071954 ], [ 39.5622335, 31.3461662 ], [ 39.5622335, 31.3080228 ], [ 39.5927482, 31.2546222 ], [ 39.6156342, 31.2012216 ], [ 39.6461488, 31.1668926 ], [ 39.7071781, 31.1821499 ], [ 39.7567644, 31.1516353 ], [ 39.7567644, 31.1401923 ], [ 39.7605787, 31.0829774 ], [ 39.7720217, 31.0410197 ], [ 39.8025364, 30.9914334 ], [ 39.821608, 30.9227755 ], [ 39.8202925, 30.9227755 ], [ 39.7491357, 30.9227755 ], [ 39.6957351, 30.9342185 ], [ 39.6690348, 30.9723618 ], [ 39.6347058, 30.9723618 ], [ 39.6003769, 30.9609188 ], [ 39.5317189, 30.9532901 ], [ 39.463061, 30.9571045 ], [ 39.4134747, 30.9723618 ], [ 39.3219307, 31.0143194 ], [ 39.2227582, 31.0524627 ], [ 39.1541002, 31.0410197 ], [ 39.1159569, 31.0333911 ], [ 39.0549276, 30.9838048 ], [ 38.9977127, 30.9761761 ], [ 38.9519407, 31.0181337 ], [ 38.9023544, 30.9685475 ], [ 38.8489538, 30.9227755 ], [ 38.7443028, 30.9452008 ], [ 38.7421525, 30.9456615 ], [ 38.7307096, 30.9838048 ], [ 38.2920616, 30.9914334 ], [ 38.2195893, 30.9380328 ], [ 38.1776317, 30.9799904 ], [ 38.1509313, 31.0257624 ], [ 38.124231, 31.06772 ], [ 38.1051594, 31.1173063 ], [ 38.0899021, 31.159264 ], [ 38.0441301, 31.2050359 ], [ 37.9907295, 31.2317362 ], [ 37.9258859, 31.2736939 ], [ 37.9297002, 31.5368827 ], [ 37.9258859, 31.563583 ], [ 37.9258859, 31.6169836 ], [ 37.9792865, 31.6780129 ], [ 37.9603401, 31.7575878 ], [ 37.9602148, 31.7581138 ], [ 38.9938983, 31.9946023 ], [ 39.1693575, 32.1471755 ], [ 39.4211033, 32.1090322 ], [ 39.8864516, 32.0174883 ], [ 40.0619108, 32.002231 ], [ 40.0618475, 31.997681 ] ] ] ] } },
{ "type": "Feature", "properties": { "shapeName": "Arar", "shapeISO": "None", "shapeID": "SAU-ADM2-3_0_0-B32", "shapeGroup": "SAU", "shapeType": "ADM2" }, "geometry": { "type": "MultiPolygon", "coordinates": [ [ [ [ 41.6498885, 29.2930776 ], [ 41.6366189, 29.330674 ], [ 41.6244131, 29.3672916 ], [ 41.6073249, 29.3843798 ], [ 41.5707073, 29.4478503 ], [ 41.5755896, 29.5796735 ], [ 41.4315605, 29.6040852 ], [ 41.3925018, 29.6626733 ], [ 41.3925018, 29.7139379 ], [ 41.4340017, 29.7700849 ], [ 41.4559722, 29.828673 ], [ 41.524325, 29.8677317 ], [ 41.5780308, 29.9092317 ], [ 41.6317366, 29.9458492 ], [ 41.7098541, 29.9507316 ], [ 41.7537951, 29.9800256 ], [ 41.780648, 29.9824668 ], [ 41.8026186, 30.0581431 ], [ 41.8270303, 30.1020842 ], [ 41.9100301, 30.0923195 ], [ 41.9417653, 30.1094077 ], [ 41.9588535, 30.1313782 ], [ 41.9466477, 30.1655546 ], [ 41.9027066, 30.1972899 ], [ 41.8343538, 30.2827309 ], [ 41.7293834, 30.370613 ], [ 41.6292954, 30.3828189 ], [ 41.580472, 30.4145541 ], [ 41.5755896, 30.4707011 ], [ 41.5511779, 30.4999951 ], [ 41.5707073, 30.5366127 ], [ 41.5780308, 30.5805538 ], [ 41.4925898, 30.6074067 ], [ 41.4266782, 30.6318184 ], [ 41.3436784, 30.6367007 ], [ 41.2582374, 30.6098478 ], [ 41.1898846, 30.5683479 ], [ 41.1361788, 30.5634656 ], [ 41.0727083, 30.5952008 ], [ 41.0849142, 30.7514358 ], [ 41.0092379, 30.8173474 ], [ 40.9701791, 30.8515238 ], [ 40.9237969, 30.8197886 ], [ 40.5112389, 30.8271121 ], [ 40.4404449, 30.8808179 ], [ 40.28421, 30.8857002 ], [ 40.2158572, 30.8027004 ], [ 39.8936226, 30.9125531 ], [ 39.8203874, 30.9223178 ], [ 39.8202925, 30.9227755 ], [ 39.821608, 30.9227755 ], [ 39.8025364, 30.9914334 ], [ 39.7720217, 31.0410197 ], [ 39.7605787, 31.0829774 ], [ 39.7567644, 31.1401923 ], [ 39.7567644, 31.1516353 ], [ 39.7071781, 31.1821499 ], [ 39.6461488, 31.1668926 ], [ 39.6156342, 31.2012216 ], [ 39.5927482, 31.2546222 ], [ 39.5622335, 31.3080228 ], [ 39.5622335, 31.3461662 ], [ 39.6728491, 31.4071954 ], [ 39.7109924, 31.4529674 ], [ 39.7529501, 31.4796677 ], [ 39.7796504, 31.4911107 ], [ 39.8635656, 31.5101824 ], [ 39.8711943, 31.5673973 ], [ 39.9093376, 31.6322409 ], [ 39.9551096, 31.6932702 ], [ 40.0580965, 31.7275992 ], [ 40.0618475, 31.997681 ], [ 40.4038274, 31.9549333 ], [ 41.3510019, 31.4129932 ], [ 41.5438544, 31.3031405 ], [ 41.6634718, 31.2640818 ], [ 41.8172656, 31.2079348 ], [ 42.0247652, 31.1151703 ], [ 42.2054119, 31.039494 ], [ 42.4104702, 30.8710532 ], [ 42.6472639, 30.7245829 ], [ 42.7522342, 30.6342595 ], [ 42.9572926, 30.4877893 ], [ 42.9542576, 30.4877893 ], [ 42.9475279, 30.4877893 ], [ 42.7522342, 30.3217896 ], [ 42.5935581, 30.1728782 ], [ 42.4177938, 30.0557019 ], [ 42.4031467, 30.0093197 ], [ 42.4275584, 29.9238787 ], [ 42.4129114, 29.7334673 ], [ 42.3567645, 29.6822027 ], [ 42.2225001, 29.6309381 ], [ 42.1248532, 29.6187323 ], [ 42.0394122, 29.6114087 ], [ 41.9710594, 29.6114087 ], [ 41.9490889, 29.5699088 ], [ 41.9075889, 29.5284089 ], [ 41.8758537, 29.4991149 ], [ 41.8490008, 29.4649385 ], [ 41.8245891, 29.4478503 ], [ 41.8075009, 29.4307621 ], [ 41.8026186, 29.4087915 ], [ 41.7855304, 29.3672916 ], [ 41.7537951, 29.3282329 ], [ 41.7367069, 29.2989388 ], [ 41.6927659, 29.2989388 ], [ 41.651266, 29.2891741 ], [ 41.6498885, 29.2930776 ] ] ] ] } },
{ "type": "Feature", "properties": { "shapeName": "Qurayyat", "shapeISO": "None", "shapeID": "SAU-ADM2-3_0_0-B33", "shapeGroup": "SAU", "shapeType": "ADM2" }, "geometry": { "type": "MultiPolygon", "coordinates": [ [ [ [ 38.7443028, 30.9452008 ], [ 38.7512715, 30.5290626 ], [ 38.6832781, 30.473068 ], [ 38.5132944, 30.463069 ], [ 38.4732983, 30.494066 ], [ 38.4652991, 30.6590501 ], [ 38.4553, 30.6940468 ], [ 38.4313023, 30.7060456 ], [ 38.1783267, 30.7130449 ], [ 38.1693275, 30.7390424 ], [ 38.0763365, 30.744042 ], [ 38.0723369, 30.4620691 ], [ 38.0423397, 30.4230728 ], [ 37.9913447, 30.432072 ], [ 37.9733464, 30.4690684 ], [ 37.9738342, 30.4749223 ], [ 37.9753462, 30.4930661 ], [ 37.9683469, 30.525063 ], [ 37.0154386, 31.4779713 ], [ 37.0344367, 31.4969695 ], [ 37.0554347, 31.5209672 ], [ 37.5443877, 31.6469551 ], [ 37.9603401, 31.7575878 ], [ 37.9792865, 31.6780129 ], [ 37.9258859, 31.6169836 ], [ 37.9258859, 31.563583 ], [ 37.9297002, 31.5368827 ], [ 37.9258859, 31.2736939 ], [ 37.9907295, 31.2317362 ], [ 38.0441301, 31.2050359 ], [ 38.0899021, 31.159264 ], [ 38.1051594, 31.1173063 ], [ 38.124231, 31.06772 ], [ 38.1509313, 31.0257624 ], [ 38.1776317, 30.9799904 ], [ 38.2195893, 30.9380328 ], [ 38.2920616, 30.9914334 ], [ 38.7307096, 30.9838048 ], [ 38.7421525, 30.9456615 ], [ 38.7443028, 30.9452008 ] ] ] ] } },
{ "type": "Feature", "properties": { "shapeName": "Rafha", "shapeISO": "None", "shapeID": "SAU-ADM2-3_0_0-B34", "shapeGroup": "SAU", "shapeType": "ADM2" }, "geometry": { "type": "MultiPolygon", "coordinates": [ [ [ [ 46.0379235, 29.0759856 ], [ 46.0307274, 29.03041 ], [ 45.6816399, 28.7716458 ], [ 45.2617584, 28.7862928 ], [ 45.1738762, 28.7545576 ], [ 45.1396998, 28.7228224 ], [ 45.1177293, 28.6764401 ], [ 45.127494, 28.5934403 ], [ 45.242229, 28.4909111 ], [ 45.3252289, 28.4420877 ], [ 45.3301112, 28.3053821 ], [ 45.3618464, 28.2370293 ], [ 45.3545229, 28.2150587 ], [ 45.1299352, 28.2174999 ], [ 45.0664647, 28.1735588 ], [ 44.9907884, 28.119853 ], [ 44.9590532, 28.0148827 ], [ 44.8907004, 27.9880298 ], [ 44.6490244, 27.9416475 ], [ 44.5538187, 27.9270005 ], [ 44.4830247, 27.8757359 ], [ 44.3048192, 27.9562946 ], [ 44.258437, 27.9685004 ], [ 44.1412607, 27.9685004 ], [ 44.0851138, 27.9587357 ], [ 44.0338492, 27.9587357 ], [ 43.9825846, 27.990471 ], [ 43.9654964, 28.0734708 ], [ 43.9972316, 28.1076472 ], [ 44.0045552, 28.1345001 ], [ 43.9679376, 28.1515883 ], [ 43.9288788, 28.1979705 ], [ 43.9142318, 28.3029409 ], [ 43.945967, 28.3297938 ], [ 43.9484082, 28.3834995 ], [ 43.9435259, 28.4103524 ], [ 43.9410847, 28.44697 ], [ 43.845879, 28.4640582 ], [ 43.7726439, 28.4664994 ], [ 43.7335851, 28.4811464 ], [ 43.6774382, 28.4957934 ], [ 43.66035, 28.4762641 ], [ 43.6334971, 28.4713817 ], [ 43.5822325, 28.4664994 ], [ 43.5212032, 28.4225583 ], [ 43.5114385, 28.4054701 ], [ 43.4479681, 28.4372053 ], [ 43.4368831, 28.4649189 ], [ 43.4333211, 28.4738229 ], [ 43.2624391, 28.4811464 ], [ 43.2136156, 28.4347641 ], [ 43.1672334, 28.4201171 ], [ 43.1306158, 28.4079113 ], [ 43.07691, 28.4079113 ], [ 43.0402925, 28.4640582 ], [ 43.0134396, 28.4567347 ], [ 42.9939102, 28.4542935 ], [ 42.9743808, 28.4396465 ], [ 42.9524103, 28.4347641 ], [ 42.8523223, 28.4982346 ], [ 42.8352341, 28.5543815 ], [ 42.8401164, 28.5690286 ], [ 42.8181459, 28.6007638 ], [ 42.7668813, 28.6422637 ], [ 42.7180578, 28.6666754 ], [ 42.6472639, 28.6813225 ], [ 42.5984404, 28.6813225 ], [ 42.5789111, 28.7203812 ], [ 42.564264, 28.7667634 ], [ 42.549617, 28.8058222 ], [ 42.5105583, 28.8277927 ], [ 42.4617348, 28.8277927 ], [ 42.3909409, 28.8204692 ], [ 42.3518821, 28.803381 ], [ 42.3103822, 28.8082634 ], [ 42.2591176, 28.8351162 ], [ 42.2054119, 28.8644103 ], [ 42.1443826, 28.8961455 ], [ 42.1004415, 28.903469 ], [ 42.0516181, 28.8839397 ], [ 42.007677, 28.8619691 ], [ 41.9661771, 28.8375574 ], [ 41.9637052, 28.8377928 ], [ 41.8123833, 28.8522044 ], [ 41.7122952, 28.8473221 ], [ 41.6463836, 28.8448809 ], [ 41.6170896, 28.8790573 ], [ 41.5536191, 28.888822 ], [ 41.524325, 28.8985867 ], [ 41.4755016, 28.9132337 ], [ 41.4071488, 28.9205572 ], [ 41.3876194, 28.9864689 ], [ 41.4047076, 29.0426158 ], [ 41.4071488, 29.115851 ], [ 41.4340017, 29.159792 ], [ 41.4877075, 29.1793214 ], [ 41.5780308, 29.1793214 ], [ 41.651266, 29.1842038 ], [ 41.665913, 29.2232625 ], [ 41.651266, 29.2403507 ], [ 41.6299946, 29.2731835 ], [ 41.6498885, 29.2930776 ], [ 41.651266, 29.2891741 ], [ 41.6927659, 29.2989388 ], [ 41.7367069, 29.2989388 ], [ 41.7537951, 29.3282329 ], [ 41.7855304, 29.3672916 ], [ 41.8026186, 29.4087915 ], [ 41.8075009, 29.4307621 ], [ 41.8245891, 29.4478503 ], [ 41.8490008, 29.4649385 ], [ 41.8758537, 29.4991149 ], [ 41.9075889, 29.5284089 ], [ 41.9490889, 29.5699088 ], [ 41.9710594, 29.6114087 ], [ 42.0394122, 29.6114087 ], [ 42.1248532, 29.6187323 ], [ 42.2225001, 29.6309381 ], [ 42.3567645, 29.6822027 ], [ 42.4129114, 29.7334673 ], [ 42.4275584, 29.9238787 ], [ 42.4031467, 30.0093197 ], [ 42.4177938, 30.0557019 ], [ 42.5935581, 30.1728782 ], [ 42.7522342, 30.3217896 ], [ 42.9475279, 30.4877893 ], [ 42.9542576, 30.4877893 ], [ 44.7306511, 29.2177699 ], [ 45.0200824, 29.1866449 ], [ 45.0689059, 29.1573509 ], [ 45.6523458, 29.130498 ], [ 46.0380509, 29.0767922 ], [ 46.0379235, 29.0759856 ] ] ] ] } },
{ "type": "Feature", "properties": { "shapeName": "Hafar Al-Batin", "shapeISO": "None", "shapeID": "SAU-ADM2-3_0_0-B35", "shapeGroup": "SAU", "shapeType": "ADM2" }, "geometry": { "type": "MultiPolygon", "coordinates": [ [ [ [ 44.6954067, 27.6218541 ], [ 44.6661126, 27.6950892 ], [ 44.6661126, 27.748795 ], [ 44.5806716, 27.7756479 ], [ 44.5098776, 27.7878537 ], [ 44.4830247, 27.819589 ], [ 44.4830247, 27.8757359 ], [ 44.5538187, 27.9270005 ], [ 44.6490244, 27.9416475 ], [ 44.8907004, 27.9880298 ], [ 44.9590532, 28.0148827 ], [ 44.9907884, 28.119853 ], [ 45.0664647, 28.1735588 ], [ 45.1299352, 28.2174999 ], [ 45.3545229, 28.2150587 ], [ 45.3618464, 28.2370293 ], [ 45.3301112, 28.3053821 ], [ 45.3252289, 28.4420877 ], [ 45.242229, 28.4909111 ], [ 45.127494, 28.5934403 ], [ 45.1177293, 28.6764401 ], [ 45.1396998, 28.7228224 ], [ 45.1738762, 28.7545576 ], [ 45.2617584, 28.7862928 ], [ 45.6816399, 28.7716458 ], [ 46.0307274, 29.03041 ], [ 46.0379235, 29.0759856 ], [ 46.4628147, 29.0548217 ], [ 46.5140793, 29.0645864 ], [ 47.0340488, 29.0426158 ], [ 47.0999605, 29.0035571 ], [ 47.4807832, 28.9913512 ], [ 47.5174008, 28.9522925 ], [ 47.5369301, 28.8985867 ], [ 47.6248123, 28.7716458 ], [ 47.61993, 28.6666754 ], [ 47.619213, 28.6661498 ], [ 47.5466948, 28.6129697 ], [ 47.534489, 28.5641462 ], [ 47.6077241, 28.4738229 ], [ 47.6882828, 28.4347641 ], [ 47.705371, 28.4079113 ], [ 47.6809592, 28.3127056 ], [ 47.6077241, 28.2321469 ], [ 47.5808712, 28.1979705 ], [ 47.563783, 28.1686765 ], [ 47.5589007, 28.1491471 ], [ 47.5759889, 28.1271765 ], [ 47.5808712, 28.0539414 ], [ 47.634577, 28.0026768 ], [ 47.6127926, 27.8090389 ], [ 47.6126064, 27.8073831 ], [ 47.4295186, 27.8098243 ], [ 46.8534021, 28.0466179 ], [ 46.8216669, 28.0368532 ], [ 46.8070199, 27.9001476 ], [ 46.7874905, 27.8610889 ], [ 46.7508729, 27.8073831 ], [ 46.6703143, 27.763442 ], [ 46.6214909, 27.763442 ], [ 46.6117262, 27.7219421 ], [ 46.5555792, 27.7317068 ], [ 46.5067558, 27.7585597 ], [ 46.4872264, 27.7805302 ], [ 46.4579324, 27.7732067 ], [ 46.3041386, 27.7732067 ], [ 46.2577563, 27.7878537 ], [ 46.238227, 27.8025008 ], [ 46.196727, 27.8122654 ], [ 46.1503448, 27.7951772 ], [ 46.1576683, 27.763442 ], [ 46.2016094, 27.7292656 ], [ 46.2186976, 27.692648 ], [ 46.2260211, 27.6413834 ], [ 46.1894035, 27.5950012 ], [ 46.152786, 27.5559424 ], [ 46.1161684, 27.4900308 ], [ 45.9550511, 27.4802661 ], [ 45.8989041, 27.4534133 ], [ 45.8549631, 27.4338839 ], [ 45.8232278, 27.407031 ], [ 45.7963749, 27.3752958 ], [ 45.7841691, 27.32159 ], [ 45.7768456, 27.2556784 ], [ 45.7426692, 27.2141785 ], [ 45.7133751, 27.0628258 ], [ 45.7128978, 27.0629798 ], [ 45.6376988, 27.0872375 ], [ 45.3740523, 27.1897667 ], [ 45.3252289, 27.236149 ], [ 45.1787586, 27.306943 ], [ 45.1665527, 27.3337959 ], [ 45.1445822, 27.3484429 ], [ 45.142141, 27.5412954 ], [ 45.1030823, 27.6291776 ], [ 45.0469353, 27.6828834 ], [ 44.9737002, 27.678001 ], [ 44.9151121, 27.6438246 ], [ 44.8638475, 27.6047659 ], [ 44.7979358, 27.59256 ], [ 44.7173772, 27.5242072 ], [ 44.6954067, 27.6218541 ] ] ] ] } },
{ "type": "Feature", "properties": { "shapeName": "Khafji", "shapeISO": "None", "shapeID": "SAU-ADM2-3_0_0-B36", "shapeGroup": "SAU", "shapeType": "ADM2" }, "geometry": { "type": "MultiPolygon", "coordinates": [ [ [ [ 48.8546744, 27.7160833 ], [ 48.817178, 27.6473399 ], [ 48.7046889, 27.6285917 ], [ 48.5562656, 27.7754526 ], [ 48.4781482, 27.8098243 ], [ 48.4047177, 27.8098243 ], [ 48.3437861, 27.8676312 ], [ 48.2469204, 27.9379369 ], [ 48.1844264, 27.9348122 ], [ 48.1375559, 27.90669 ], [ 48.1172454, 27.8254478 ], [ 48.1063089, 27.7535797 ], [ 48.1018081, 27.7534453 ], [ 48.0016315, 27.750455 ], [ 47.9297634, 27.7707655 ], [ 47.856333, 27.7723279 ], [ 47.7797779, 27.8301348 ], [ 47.6875992, 27.8301348 ], [ 47.6532275, 27.7973255 ], [ 47.6126989, 27.8066046 ], [ 47.6127926, 27.8090389 ], [ 47.634577, 28.0026768 ], [ 47.5808712, 28.0539414 ], [ 47.5759889, 28.1271765 ], [ 47.5589007, 28.1491471 ], [ 47.563783, 28.1686765 ], [ 47.5808712, 28.1979705 ], [ 47.6077241, 28.2321469 ], [ 47.6809592, 28.3127056 ], [ 47.705371, 28.4079113 ], [ 47.6882828, 28.4347641 ], [ 47.6077241, 28.4738229 ], [ 47.534489, 28.5641462 ], [ 47.5466948, 28.6129697 ], [ 47.619213, 28.6661498 ], [ 47.7044101, 28.519256 ], [ 48.038378, 28.4892589 ], [ 48.0923728, 28.5072572 ], [ 48.4613373, 28.4862592 ], [ 48.5140822, 28.4394512 ], [ 48.5250187, 28.4003924 ], [ 48.5078328, 28.3347738 ], [ 48.5468915, 28.2863409 ], [ 48.6062608, 28.2160352 ], [ 48.6359455, 28.1769764 ], [ 48.6234467, 28.1129201 ], [ 48.6421949, 28.0269909 ], [ 48.682816, 27.9926192 ], [ 48.7546841, 27.978558 ], [ 48.7859311, 27.9301252 ], [ 48.8359262, 27.8941912 ], [ 48.8827967, 27.8285725 ], [ 48.8827967, 27.7754526 ], [ 48.8546744, 27.7160833 ] ] ] ] } },
{ "type": "Feature", "properties": { "shapeName": "Kharkheer", "shapeISO": "None", "shapeID": "SAU-ADM2-3_0_0-B37", "shapeGroup": "SAU", "shapeType": "ADM2" }, "geometry": { "type": "MultiPolygon", "coordinates": [ [ [ [ 51.1624914, 18.8661673 ], [ 51.1559846, 18.8759268 ], [ 51.1419789, 18.8824387 ], [ 51.1195215, 18.8815248 ], [ 51.0977885, 18.8737562 ], [ 51.0929589, 18.8645019 ], [ 51.0904389, 18.854473 ], [ 50.4873867, 18.7600168 ], [ 49.9622168, 18.7165817 ], [ 49.0856174, 18.6494547 ], [ 48.599934, 18.3927927 ], [ 48.3235287, 18.2624874 ], [ 48.141891, 18.1045415 ], [ 47.7351805, 17.5833203 ], [ 47.731008, 17.591177 ], [ 47.6680535, 17.7096769 ], [ 47.6562076, 17.8162904 ], [ 47.6167211, 18.0334659 ], [ 47.6298993, 18.1495121 ], [ 47.6272575, 18.3094423 ], [ 47.6197038, 18.6032139 ], [ 47.6316795, 18.7780843 ], [ 47.6483103, 19.0206274 ], [ 47.6476735, 19.1455028 ], [ 47.6445888, 19.3667215 ], [ 51.9720776, 19.3444164 ], [ 51.9681289, 19.0877544 ], [ 51.9976473, 19.0516771 ], [ 52.0036667, 19.0443193 ], [ 51.8101831, 18.9811409 ], [ 51.1624914, 18.8661673 ] ] ] ] } },
{ "type": "Feature", "properties": { "shapeName": "Al Ahsa", "shapeISO": "None", "shapeID": "SAU-ADM2-3_0_0-B38", "shapeGroup": "SAU", "shapeType": "ADM2" }, "geometry": { "type": "MultiPolygon", "coordinates": [ [ [ [ 48.6539508, 26.4118339 ], [ 48.6684542, 26.3767841 ], [ 48.6479077, 26.3417343 ], [ 48.6273613, 26.3127276 ], [ 48.618901, 26.2800951 ], [ 48.6225269, 26.2196644 ], [ 48.6249441, 26.1979093 ], [ 48.6430733, 26.1785715 ], [ 48.6914178, 26.1592337 ], [ 48.6914178, 26.1266011 ], [ 48.7131729, 26.0903427 ], [ 48.7216332, 26.0468326 ], [ 48.7518485, 26.0226603 ], [ 48.8340342, 25.9936536 ], [ 48.9017166, 25.9948622 ], [ 48.9452267, 26.0154087 ], [ 49.1745277, 26.01202 ], [ 49.1905753, 26.0117828 ], [ 49.2377112, 25.9561866 ], [ 49.241337, 25.9042162 ], [ 49.2485887, 25.8667492 ], [ 49.2896816, 25.8413683 ], [ 49.3283572, 25.8039013 ], [ 49.357364, 25.7930238 ], [ 49.4069171, 25.7893979 ], [ 49.4359238, 25.7664343 ], [ 49.4758081, 25.7192983 ], [ 49.5205268, 25.6902916 ], [ 49.7102791, 25.6757882 ], [ 49.7453289, 25.6878744 ], [ 49.7972993, 25.7168811 ], [ 49.835975, 25.7217155 ], [ 49.9338727, 25.7168811 ], [ 49.9943033, 25.7410534 ], [ 50.0764891, 25.7350103 ], [ 50.1478673, 25.7325056 ], [ 50.3170032, 25.5210857 ], [ 50.4076492, 25.4352741 ], [ 50.4749633, 25.4086232 ], [ 50.5280762, 25.2640381 ], [ 50.5605341, 25.1578123 ], [ 50.551682, 25.0663401 ], [ 50.6284006, 25.0073257 ], [ 50.6903657, 24.9188042 ], [ 50.7221154, 24.8540065 ], [ 50.71645, 24.7973527 ], [ 50.741, 24.7652489 ], [ 50.7693268, 24.761472 ], [ 50.8146499, 24.7633605 ], [ 50.852419, 24.7085952 ], [ 50.8656382, 24.6519414 ], [ 50.8713036, 24.5745146 ], [ 50.9052959, 24.5612954 ], [ 50.9600612, 24.5273031 ], [ 50.9959419, 24.5235262 ], [ 51.0790341, 24.485757 ], [ 51.1300225, 24.4838686 ], [ 51.1885647, 24.4951993 ], [ 51.2414415, 24.5140839 ], [ 51.3037607, 24.5499646 ], [ 51.3358645, 24.5839569 ], [ 51.3774106, 24.6085068 ], [ 51.4170682, 24.6122838 ], [ 51.4416182, 24.5820684 ], [ 51.4114028, 24.534857 ], [ 51.3717452, 24.4951993 ], [ 51.3283107, 24.4687609 ], [ 51.2905415, 24.4064418 ], [ 51.2924299, 24.3290149 ], [ 51.3226453, 24.3195726 ], [ 51.3604144, 24.3271265 ], [ 51.3868529, 24.3327919 ], [ 51.4548374, 24.3233496 ], [ 51.4963835, 24.2666958 ], [ 51.5813641, 24.2572535 ], [ 51.5700334, 24.1420575 ], [ 51.9156213, 23.7360389 ], [ 52.2461016, 23.3356856 ], [ 52.5652512, 22.9579938 ], [ 53.5869074, 22.8503517 ], [ 54.9296016, 22.6633943 ], [ 55.1278898, 22.6520635 ], [ 55.2185358, 22.7049404 ], [ 55.6736544, 22.0156529 ], [ 55.6698775, 21.9778837 ], [ 54.9954616, 20.0206142 ], [ 52.0332346, 19.025996 ], [ 52.005073, 19.0429641 ], [ 51.9976473, 19.0516771 ], [ 51.9681289, 19.0877544 ], [ 51.9720776, 19.3444164 ], [ 47.6443616, 19.3720569 ], [ 47.6445888, 19.3667215 ], [ 47.6169603, 19.3656164 ], [ 47.6170033, 19.3662059 ], [ 47.6254206, 19.4816433 ], [ 47.714858, 19.6810646 ], [ 47.7366131, 19.7523728 ], [ 47.7366131, 19.7934656 ], [ 47.7390303, 19.8526877 ], [ 47.7692456, 19.9203701 ], [ 47.7813318, 19.9747577 ], [ 47.8414603, 20.0675943 ], [ 47.8658592, 20.2141387 ], [ 47.8990723, 20.4734801 ], [ 47.9537601, 20.6780708 ], [ 47.9722021, 20.7472282 ], [ 47.9445392, 20.8256066 ], [ 47.917754, 20.9448967 ], [ 47.896981, 21.0223236 ], [ 47.8980117, 21.0463945 ], [ 47.9083117, 21.2867078 ], [ 47.9536347, 21.3301423 ], [ 47.9120887, 21.3546923 ], [ 47.8648772, 21.390573 ], [ 47.847881, 21.4321191 ], [ 47.847881, 21.530319 ], [ 47.8950925, 21.5888612 ], [ 47.8950925, 21.6228535 ], [ 47.9611886, 21.6851726 ], [ 48.0008462, 21.7248302 ], [ 48.0405038, 21.7456033 ], [ 48.1991344, 21.8456916 ], [ 48.2293497, 21.8702416 ], [ 47.9402975, 21.9002208 ], [ 47.8960367, 21.8795658 ], [ 47.8783324, 21.8707137 ], [ 47.8429238, 21.929728 ], [ 47.8399731, 21.9798902 ], [ 47.8340717, 22.044806 ], [ 47.8665296, 22.1362782 ], [ 47.8665296, 22.1834897 ], [ 47.9255439, 22.221849 ], [ 47.9639032, 22.2661097 ], [ 47.9727554, 22.3546312 ], [ 47.9727554, 22.3900399 ], [ 47.9993118, 22.4549556 ], [ 48.0465233, 22.5228221 ], [ 48.0730798, 22.7057666 ], [ 48.0819319, 22.7500273 ], [ 48.1261927, 23.2191913 ], [ 48.1084884, 23.3283678 ], [ 48.070129, 23.3844314 ], [ 48.0524247, 23.4286922 ], [ 48.0878333, 23.4670515 ], [ 48.1084884, 23.7237639 ], [ 48.1084884, 23.7813619 ], [ 48.1217076, 23.8153541 ], [ 48.1198191, 23.8512349 ], [ 48.1198191, 23.9551001 ], [ 48.1198191, 24.0891807 ], [ 48.102823, 24.1307268 ], [ 48.1009345, 24.2459228 ], [ 48.0631654, 24.2950227 ], [ 48.0272846, 24.349788 ], [ 48.0159539, 24.4744263 ], [ 48.0046231, 24.5405223 ], [ 47.9385271, 24.5612954 ], [ 47.896981, 24.5405223 ], [ 47.8592118, 24.5178608 ], [ 47.7440158, 24.5121954 ], [ 47.736462, 24.600953 ], [ 47.7289081, 24.7652489 ], [ 47.7043582, 24.8332334 ], [ 47.6647005, 24.8955526 ], [ 47.6231545, 24.9710909 ], [ 47.5902325, 25.0204741 ], [ 47.5891622, 25.0220793 ], [ 47.6250429, 25.0428524 ], [ 47.6307083, 25.0787331 ], [ 47.645816, 25.1051715 ], [ 47.6854736, 25.1165023 ], [ 47.8214426, 25.1202792 ], [ 47.847881, 25.1504945 ], [ 47.8837618, 25.2033714 ], [ 47.7931157, 25.2996828 ], [ 47.7515697, 25.3393404 ], [ 47.7326851, 25.3884403 ], [ 47.6892505, 25.4016596 ], [ 47.6571467, 25.4224326 ], [ 47.6307083, 25.4923056 ], [ 47.6344852, 25.5772862 ], [ 47.6552583, 25.6320515 ], [ 47.6854736, 25.6962591 ], [ 47.6873621, 25.7831282 ], [ 47.6684775, 25.8265628 ], [ 47.6344852, 25.864332 ], [ 47.5948276, 25.9134319 ], [ 47.5891622, 25.9946356 ], [ 47.5721661, 26.0399586 ], [ 47.5872737, 26.0852816 ], [ 47.5910507, 26.1211624 ], [ 47.5686158, 26.1785715 ], [ 47.5577382, 26.2027438 ], [ 47.5541124, 26.2486711 ], [ 47.5444435, 26.2776778 ], [ 47.5597241, 26.2914308 ], [ 47.5686158, 26.2994329 ], [ 47.6060828, 26.2970156 ], [ 47.6217948, 26.3163535 ], [ 47.6556359, 26.3199793 ], [ 47.693103, 26.2970156 ], [ 47.7571595, 26.2933898 ], [ 47.7970437, 26.3018501 ], [ 47.8308849, 26.3248138 ], [ 47.8574744, 26.3356913 ], [ 47.9021931, 26.3501946 ], [ 47.9408688, 26.3755755 ], [ 47.9698755, 26.3900789 ], [ 48.0012994, 26.4069995 ], [ 48.0472268, 26.4227115 ], [ 48.1946776, 26.4154598 ], [ 48.2019293, 26.4879766 ], [ 48.2067638, 26.5169833 ], [ 48.2224757, 26.5314867 ], [ 48.2720289, 26.5351125 ], [ 48.3239993, 26.5326953 ], [ 48.3385027, 26.5471987 ], [ 48.3590491, 26.5653279 ], [ 48.3711352, 26.5701623 ], [ 48.4279401, 26.5459901 ], [ 48.4787018, 26.5508245 ], [ 48.5137516, 26.5508245 ], [ 48.5258378, 26.5713709 ], [ 48.5536359, 26.5725796 ], [ 48.5886857, 26.5665365 ], [ 48.5826426, 26.4916024 ], [ 48.6019804, 26.471056 ], [ 48.6261527, 26.4384234 ], [ 48.6539508, 26.4118339 ] ] ] ] } },
{ "type": "Feature", "properties": { "shapeName": "Khobar", "shapeISO": "None", "shapeID": "SAU-ADM2-3_0_0-B39", "shapeGroup": "SAU", "shapeType": "ADM2" }, "geometry": { "type": "MultiPolygon", "coordinates": [ [ [ [ 50.1478673, 25.7325056 ], [ 50.0764891, 25.7350103 ], [ 49.9943033, 25.7410534 ], [ 49.9338727, 25.7168811 ], [ 49.835975, 25.7217155 ], [ 49.7972993, 25.7168811 ], [ 49.7453289, 25.6878744 ], [ 49.7102791, 25.6757882 ], [ 49.5205268, 25.6902916 ], [ 49.4758081, 25.7192983 ], [ 49.4359238, 25.7664343 ], [ 49.4069171, 25.7893979 ], [ 49.357364, 25.7930238 ], [ 49.3283572, 25.8039013 ], [ 49.2896816, 25.8413683 ], [ 49.2485887, 25.8667492 ], [ 49.241337, 25.9042162 ], [ 49.2377112, 25.9561866 ], [ 49.1905753, 26.0117828 ], [ 49.1745277, 26.01202 ], [ 49.1760719, 26.1950087 ], [ 49.1204757, 26.4190856 ], [ 49.0878431, 26.4601785 ], [ 49.0938862, 26.6233413 ], [ 49.0660881, 26.7067357 ], [ 49.0938862, 27.0826145 ], [ 49.1168498, 27.1067868 ], [ 49.1531082, 27.1309591 ], [ 49.1595995, 27.1246763 ], [ 49.3066022, 26.9822996 ], [ 49.44801, 26.8626468 ], [ 49.5857919, 26.7889214 ], [ 49.6438054, 26.7538716 ], [ 49.719948, 26.7321166 ], [ 49.9157435, 26.4746818 ], [ 49.9882603, 26.449301 ], [ 49.9737569, 26.342943 ], [ 50.0051809, 26.2921812 ], [ 50.0100153, 26.2535056 ], [ 49.9988356, 26.2174738 ], [ 49.9818395, 26.0021895 ], [ 50.0573779, 25.9644203 ], [ 50.0913701, 25.9493126 ], [ 50.0857047, 25.8756627 ], [ 50.1221399, 25.8241866 ], [ 50.143922, 25.7999293 ], [ 50.1511243, 25.7637694 ], [ 50.1478673, 25.7325056 ] ] ] ] } },
{ "type": "Feature", "properties": { "shapeName": "As Sulayyil", "shapeISO": "None", "shapeID": "SAU-ADM2-3_0_0-B40", "shapeGroup": "SAU", "shapeType": "ADM2" }, "geometry": { "type": "MultiPolygon", "coordinates": [ [ [ [ 47.6170033, 19.3662059 ], [ 47.5004046, 19.3680336 ], [ 46.7544634, 19.398249 ], [ 46.7445172, 19.3926275 ], [ 45.5748578, 19.4375093 ], [ 45.5741766, 19.4379066 ], [ 45.3534214, 19.4460048 ], [ 45.2531386, 19.4416835 ], [ 45.2530833, 19.4420395 ], [ 45.2399194, 19.5266642 ], [ 45.234254, 19.5738756 ], [ 45.2455848, 19.6531909 ], [ 45.2474733, 19.6909601 ], [ 45.3135693, 19.7343946 ], [ 45.3135693, 19.8722521 ], [ 45.2210348, 19.925129 ], [ 45.1870426, 20.0119981 ], [ 45.1587157, 20.0422134 ], [ 45.1606042, 20.2083978 ], [ 45.2909078, 20.3991321 ], [ 45.3022386, 20.4350129 ], [ 45.328677, 20.4595628 ], [ 45.3437847, 20.5634281 ], [ 45.2871309, 20.6502972 ], [ 45.2852424, 20.7107278 ], [ 45.143608, 20.8580276 ], [ 45.0642928, 20.9637813 ], [ 45.073735, 21.0261005 ], [ 45.1020619, 21.0733119 ], [ 45.1285004, 21.118635 ], [ 45.1341657, 21.1582926 ], [ 45.0756235, 21.2225002 ], [ 45.0794004, 21.2640463 ], [ 45.0756235, 21.2904847 ], [ 45.3135693, 21.3962384 ], [ 45.394773, 21.4019038 ], [ 45.4478871, 21.4359528 ], [ 45.4684229, 21.4491152 ], [ 45.5005267, 21.4623345 ], [ 45.5628459, 21.4547806 ], [ 45.5873958, 21.4264537 ], [ 45.6213881, 21.4264537 ], [ 45.6591573, 21.4585575 ], [ 45.6893726, 21.4774421 ], [ 45.7176995, 21.4793306 ], [ 45.7271418, 21.4528922 ], [ 45.7271418, 21.3018155 ], [ 45.764911, 21.2640463 ], [ 45.7705764, 21.2168348 ], [ 45.7932379, 21.1885079 ], [ 45.8423378, 21.1582926 ], [ 45.8876608, 21.114858 ], [ 45.9556453, 21.1337426 ], [ 45.9650876, 21.1866195 ], [ 45.9631992, 21.2357194 ], [ 45.9631992, 21.2640463 ], [ 45.9745299, 21.3018155 ], [ 45.9820837, 21.34525 ], [ 45.9990799, 21.3698 ], [ 46.0085222, 21.3962384 ], [ 46.0311837, 21.4075692 ], [ 46.0783951, 21.4094576 ], [ 46.1369374, 21.3962384 ], [ 46.1728181, 21.3546923 ], [ 46.1614873, 21.3263654 ], [ 46.1407143, 21.3074808 ], [ 46.1142759, 21.2697117 ], [ 46.1237182, 21.2470502 ], [ 46.1426027, 21.2262771 ], [ 46.2634641, 21.2225002 ], [ 46.6770366, 21.0449851 ], [ 46.7620172, 21.0430966 ], [ 46.8016749, 21.0619812 ], [ 46.839444, 21.0619812 ], [ 46.8847671, 21.0449851 ], [ 46.9225362, 21.0279889 ], [ 46.9565285, 21.0279889 ], [ 46.9961861, 21.0355428 ], [ 47.0188476, 21.0449851 ], [ 47.0849437, 21.0714235 ], [ 47.1321552, 21.0827542 ], [ 47.2530165, 21.0733119 ], [ 47.2567934, 21.0091043 ], [ 47.3153357, 20.9751121 ], [ 47.3549933, 20.9562275 ], [ 47.4380855, 20.978889 ], [ 47.5211777, 21.0393197 ], [ 47.7931157, 21.024212 ], [ 47.827108, 21.0430966 ], [ 47.8980117, 21.0463945 ], [ 47.896981, 21.0223236 ], [ 47.917754, 20.9448967 ], [ 47.9445392, 20.8256066 ], [ 47.9722021, 20.7472282 ], [ 47.9537601, 20.6780708 ], [ 47.8990723, 20.4734801 ], [ 47.8658592, 20.2141387 ], [ 47.8414603, 20.0675943 ], [ 47.7813318, 19.9747577 ], [ 47.7692456, 19.9203701 ], [ 47.7390303, 19.8526877 ], [ 47.7366131, 19.7934656 ], [ 47.7366131, 19.7523728 ], [ 47.714858, 19.6810646 ], [ 47.6254206, 19.4816433 ], [ 47.6170033, 19.3662059 ] ] ] ] } },
{ "type": "Feature", "properties": { "shapeName": "Rumah", "shapeISO": "None", "shapeID": "SAU-ADM2-3_0_0-B41", "shapeGroup": "SAU", "shapeType": "ADM2" }, "geometry": { "type": "MultiPolygon", "coordinates": [ [ [ [ 47.5597241, 26.2914308 ], [ 47.5444435, 26.2776778 ], [ 47.5541124, 26.2486711 ], [ 47.5577382, 26.2027438 ], [ 47.5686158, 26.1785715 ], [ 47.5910507, 26.1211624 ], [ 47.5872737, 26.0852816 ], [ 47.5721661, 26.0399586 ], [ 47.5891622, 25.9946356 ], [ 47.5948276, 25.9134319 ], [ 47.6344852, 25.864332 ], [ 47.6684775, 25.8265628 ], [ 47.6873621, 25.7831282 ], [ 47.6854736, 25.6962591 ], [ 47.6552583, 25.6320515 ], [ 47.6344852, 25.5772862 ], [ 47.6307083, 25.4923056 ], [ 47.6571467, 25.4224326 ], [ 47.6892505, 25.4016596 ], [ 47.7326851, 25.3884403 ], [ 47.7515697, 25.3393404 ], [ 47.7931157, 25.2996828 ], [ 47.8837618, 25.2033714 ], [ 47.847881, 25.1504945 ], [ 47.8214426, 25.1202792 ], [ 47.6854736, 25.1165023 ], [ 47.645816, 25.1051715 ], [ 47.6307083, 25.0787331 ], [ 47.6250429, 25.0428524 ], [ 47.5891622, 25.0220793 ], [ 47.5902325, 25.0204741 ], [ 47.5646122, 25.0239678 ], [ 47.5155123, 25.0258562 ], [ 47.460747, 25.0239678 ], [ 47.3625471, 24.9370987 ], [ 47.2907857, 24.9522064 ], [ 47.2492396, 24.9333218 ], [ 47.0566168, 24.9522064 ], [ 47.0207361, 24.9692025 ], [ 47.0075169, 25.0069717 ], [ 46.9905207, 25.0352985 ], [ 46.9961861, 25.0881754 ], [ 46.9961861, 25.1334984 ], [ 46.9735246, 25.152383 ], [ 46.95464, 25.1882637 ], [ 46.9451977, 25.2203675 ], [ 46.8772132, 25.2505828 ], [ 46.8507748, 25.2581367 ], [ 46.8130056, 25.2751328 ], [ 46.7790134, 25.2940174 ], [ 46.7412442, 25.3110135 ], [ 46.6902558, 25.3261212 ], [ 46.6430443, 25.3544481 ], [ 46.588279, 25.4148788 ], [ 46.6071636, 25.448871 ], [ 46.6449328, 25.4809748 ], [ 46.6675943, 25.5017479 ], [ 46.6713712, 25.539517 ], [ 46.6524866, 25.5565132 ], [ 46.612829, 25.5659555 ], [ 46.5996098, 25.5791747 ], [ 46.5845021, 25.5999477 ], [ 46.5448445, 25.6131669 ], [ 46.5127407, 25.5942823 ], [ 46.4674177, 25.5753978 ], [ 46.4315369, 25.5942823 ], [ 46.4107639, 25.60939 ], [ 46.4048004, 25.6380169 ], [ 46.4013216, 25.654713 ], [ 46.4164293, 25.7850167 ], [ 46.406987, 25.8039013 ], [ 46.3975447, 25.8208974 ], [ 46.3805485, 25.8473358 ], [ 46.3881024, 25.8888819 ], [ 46.4258716, 25.9228742 ], [ 46.4372023, 26.0059664 ], [ 46.4491258, 26.0224771 ], [ 46.4617523, 26.0399586 ], [ 46.497633, 26.0569548 ], [ 46.5316253, 26.0550663 ], [ 46.5523983, 26.0305163 ], [ 46.5977213, 26.0342933 ], [ 46.6071636, 26.2571314 ], [ 46.5788367, 26.2797929 ], [ 46.5996098, 26.4667503 ], [ 46.5416577, 26.5003885 ], [ 46.6331299, 26.5771071 ], [ 46.6381296, 26.6063602 ], [ 46.6449328, 26.6461539 ], [ 46.7431326, 26.6858115 ], [ 46.7827903, 26.642377 ], [ 46.8469979, 26.6197155 ], [ 46.8847671, 26.6480424 ], [ 47.00374, 26.5781694 ], [ 47.0849437, 26.5611733 ], [ 47.1793666, 26.4214273 ], [ 47.2246896, 26.4006543 ], [ 47.2624588, 26.3798812 ], [ 47.4286432, 26.3779928 ], [ 47.4909623, 26.4308696 ], [ 47.5381738, 26.3836581 ], [ 47.5287315, 26.3345582 ], [ 47.5597241, 26.2914308 ] ] ] ] } },
{ "type": "Feature", "properties": { "shapeName": "Baqaa", "shapeISO": "None", "shapeID": "SAU-ADM2-3_0_0-B42", "shapeGroup": "SAU", "shapeType": "ADM2" }, "geometry": { "type": "MultiPolygon", "coordinates": [ [ [ [ 43.4368831, 28.4649189 ], [ 43.4295839, 28.3444768 ], [ 43.4058216, 28.3108135 ], [ 43.3998811, 28.2256652 ], [ 43.4870095, 28.2177444 ], [ 43.564237, 28.1187348 ], [ 43.5701776, 28.0296261 ], [ 43.615722, 27.9722006 ], [ 43.677108, 27.9642798 ], [ 43.7325534, 27.9226957 ], [ 43.7167119, 27.6454688 ], [ 43.728593, 27.6157659 ], [ 43.780078, 27.5979442 ], [ 43.7860186, 27.5781422 ], [ 43.7503751, 27.5583403 ], [ 43.7424544, 27.5187365 ], [ 43.6790882, 27.5088355 ], [ 43.6276032, 27.4870534 ], [ 43.5206728, 27.4850732 ], [ 43.4969105, 27.4751722 ], [ 43.3662178, 27.4296278 ], [ 43.2976038, 27.3891641 ], [ 43.2889903, 27.3840834 ], [ 43.2436043, 27.3855883 ], [ 43.1713668, 27.3463013 ], [ 43.1143373, 27.3158855 ], [ 43.0737829, 27.2968757 ], [ 42.9660605, 27.2968757 ], [ 42.8811498, 27.294341 ], [ 42.8570707, 27.2918064 ], [ 42.8241203, 27.2689946 ], [ 42.7582194, 27.2398461 ], [ 42.6745761, 27.2411135 ], [ 42.6390911, 27.2411135 ], [ 42.5617843, 27.2385788 ], [ 42.5389725, 27.2677272 ], [ 42.5389725, 27.2804005 ], [ 42.5541804, 27.2905391 ], [ 42.5731902, 27.301945 ], [ 42.6124773, 27.3082816 ], [ 42.6542989, 27.3158855 ], [ 42.642893, 27.3589745 ], [ 42.603606, 27.3653111 ], [ 42.5757249, 27.388123 ], [ 42.5326359, 27.4007962 ], [ 42.5288339, 27.4299446 ], [ 42.4946162, 27.4844395 ], [ 42.435052, 27.552875 ], [ 42.274102, 27.5579443 ], [ 42.2500228, 27.5908947 ], [ 42.2043992, 27.6605975 ], [ 42.1600429, 27.6897459 ], [ 42.1004787, 27.6618648 ], [ 42.0852708, 27.6263797 ], [ 41.9491425, 27.6236867 ], [ 41.92439, 27.6051224 ], [ 41.8130042, 27.5308651 ], [ 41.8075692, 27.5358829 ], [ 41.7727816, 27.5679938 ], [ 41.7758756, 27.6762855 ], [ 41.921296, 27.8588345 ], [ 41.921296, 27.9361858 ], [ 42.0110235, 27.9299977 ], [ 42.0481521, 27.9423739 ], [ 42.0821866, 27.9764085 ], [ 42.0852807, 28.0166311 ], [ 41.9429544, 28.1496753 ], [ 41.9553306, 28.4621745 ], [ 41.9336722, 28.5054912 ], [ 41.9367663, 28.7777677 ], [ 41.9646127, 28.8241784 ], [ 41.9637052, 28.8377928 ], [ 41.9661771, 28.8375574 ], [ 42.007677, 28.8619691 ], [ 42.0516181, 28.8839397 ], [ 42.1004415, 28.903469 ], [ 42.1443826, 28.8961455 ], [ 42.2054119, 28.8644103 ], [ 42.2591176, 28.8351162 ], [ 42.3103822, 28.8082634 ], [ 42.3518821, 28.803381 ], [ 42.3909409, 28.8204692 ], [ 42.4617348, 28.8277927 ], [ 42.5105583, 28.8277927 ], [ 42.549617, 28.8058222 ], [ 42.564264, 28.7667634 ], [ 42.5789111, 28.7203812 ], [ 42.5984404, 28.6813225 ], [ 42.6472639, 28.6813225 ], [ 42.7180578, 28.6666754 ], [ 42.7668813, 28.6422637 ], [ 42.8181459, 28.6007638 ], [ 42.8401164, 28.5690286 ], [ 42.8352341, 28.5543815 ], [ 42.8523223, 28.4982346 ], [ 42.9524103, 28.4347641 ], [ 42.9743808, 28.4396465 ], [ 42.9939102, 28.4542935 ], [ 43.0134396, 28.4567347 ], [ 43.0402925, 28.4640582 ], [ 43.07691, 28.4079113 ], [ 43.1306158, 28.4079113 ], [ 43.1672334, 28.4201171 ], [ 43.2136156, 28.4347641 ], [ 43.2624391, 28.4811464 ], [ 43.4333211, 28.4738229 ], [ 43.4368831, 28.4649189 ] ] ] ] } },
{ "type": "Feature", "properties": { "shapeName": "Al Shinan", "shapeISO": "None", "shapeID": "SAU-ADM2-3_0_0-B43", "shapeGroup": "SAU", "shapeType": "ADM2" }, "geometry": { "type": "MultiPolygon", "coordinates": [ [ [ [ 43.2976038, 27.3891641 ], [ 43.2930299, 27.3589745 ], [ 43.27402, 27.3272914 ], [ 43.2524755, 27.2880044 ], [ 43.2600795, 27.2702619 ], [ 43.2917625, 27.2474501 ], [ 43.281624, 27.2373115 ], [ 43.2550102, 27.2081631 ], [ 43.2283964, 27.1853512 ], [ 43.2283964, 27.1612721 ], [ 43.2245944, 27.0814307 ], [ 43.1840401, 27.0294705 ], [ 43.1840268, 27.0294165 ], [ 43.1662975, 26.957233 ], [ 43.1206739, 26.9331539 ], [ 43.0737829, 26.9192134 ], [ 43.0459018, 26.8799263 ], [ 43.019288, 26.8685204 ], [ 42.9787337, 26.8837283 ], [ 42.9559219, 26.9014708 ], [ 42.9179022, 26.8989362 ], [ 42.8646746, 26.874857 ], [ 42.768358, 26.83557 ], [ 42.7138631, 26.7772731 ], [ 42.6986553, 26.7278475 ], [ 42.4806757, 26.5554916 ], [ 42.4477252, 26.4971947 ], [ 42.3754878, 26.4604423 ], [ 42.3247949, 26.4579077 ], [ 42.2728346, 26.4718482 ], [ 42.2639634, 26.5592935 ], [ 42.2588941, 26.6074518 ], [ 42.2145378, 26.6188577 ], [ 42.1651122, 26.6720853 ], [ 42.1625775, 26.7354515 ], [ 42.0865381, 26.7316495 ], [ 42.0637263, 26.7595306 ], [ 42.0371125, 26.7607979 ], [ 42.0066968, 26.7405208 ], [ 41.9750137, 26.7455901 ], [ 41.9534692, 26.7747385 ], [ 41.933192, 26.8279661 ], [ 41.9121384, 26.8560392 ], [ 41.9027762, 26.8685204 ], [ 41.8532269, 26.9058669 ], [ 41.7078065, 27.1224504 ], [ 41.7016184, 27.3111875 ], [ 41.8099102, 27.4071031 ], [ 41.8075692, 27.5358829 ], [ 41.8130042, 27.5308651 ], [ 41.92439, 27.6051224 ], [ 41.9491425, 27.6236867 ], [ 42.0852708, 27.6263797 ], [ 42.1004787, 27.6618648 ], [ 42.1600429, 27.6897459 ], [ 42.2043992, 27.6605975 ], [ 42.2500228, 27.5908947 ], [ 42.274102, 27.5579443 ], [ 42.435052, 27.552875 ], [ 42.4946162, 27.4844395 ], [ 42.5288339, 27.4299446 ], [ 42.5326359, 27.4007962 ], [ 42.5757249, 27.388123 ], [ 42.603606, 27.3653111 ], [ 42.642893, 27.3589745 ], [ 42.6542989, 27.3158855 ], [ 42.6124773, 27.3082816 ], [ 42.5731902, 27.301945 ], [ 42.5541804, 27.2905391 ], [ 42.5389725, 27.2804005 ], [ 42.5389725, 27.2677272 ], [ 42.5617843, 27.2385788 ], [ 42.6390911, 27.2411135 ], [ 42.6745761, 27.2411135 ], [ 42.7582194, 27.2398461 ], [ 42.8241203, 27.2689946 ], [ 42.8570707, 27.2918064 ], [ 42.8811498, 27.294341 ], [ 42.9660605, 27.2968757 ], [ 43.0737829, 27.2968757 ], [ 43.1143373, 27.3158855 ], [ 43.1713668, 27.3463013 ], [ 43.2436043, 27.3855883 ], [ 43.2889903, 27.3840834 ], [ 43.2976038, 27.3891641 ] ] ] ] } },
{ "type": "Feature", "properties": { "shapeName": "Al Nairyah", "shapeISO": "None", "shapeID": "SAU-ADM2-3_0_0-B44", "shapeGroup": "SAU", "shapeType": "ADM2" }, "geometry": { "type": "MultiPolygon", "coordinates": [ [ [ [ 48.8546744, 27.7160833 ], [ 48.8592013, 27.72564 ], [ 48.8988062, 27.6490507 ], [ 48.986764, 27.6115605 ], [ 49.0646284, 27.5654187 ], [ 49.1439347, 27.5293704 ], [ 49.2102635, 27.5409058 ], [ 49.2477538, 27.5120672 ], [ 49.3025472, 27.4659253 ], [ 49.2996633, 27.431319 ], [ 49.2592892, 27.323174 ], [ 49.2938956, 27.3188483 ], [ 49.3299439, 27.302987 ], [ 49.3243094, 27.2424165 ], [ 49.3241762, 27.2409839 ], [ 49.2780344, 27.2222388 ], [ 49.2059377, 27.174655 ], [ 49.1595995, 27.1246763 ], [ 49.1531082, 27.1309591 ], [ 49.1168498, 27.1067868 ], [ 49.0938862, 27.0826145 ], [ 49.0660881, 26.7067357 ], [ 49.0938862, 26.6233413 ], [ 49.0878431, 26.4601785 ], [ 49.1204757, 26.4190856 ], [ 49.1760719, 26.1950087 ], [ 49.1745277, 26.01202 ], [ 48.9452267, 26.0154087 ], [ 48.9017166, 25.9948622 ], [ 48.8340342, 25.9936536 ], [ 48.7518485, 26.0226603 ], [ 48.7216332, 26.0468326 ], [ 48.7131729, 26.0903427 ], [ 48.6914178, 26.1266011 ], [ 48.6914178, 26.1592337 ], [ 48.6430733, 26.1785715 ], [ 48.6249441, 26.1979093 ], [ 48.6225269, 26.2196644 ], [ 48.618901, 26.2800951 ], [ 48.6273613, 26.3127276 ], [ 48.6479077, 26.3417343 ], [ 48.6684542, 26.3767841 ], [ 48.6539508, 26.4118339 ], [ 48.6261527, 26.4384234 ], [ 48.6019804, 26.471056 ], [ 48.5826426, 26.4916024 ], [ 48.5886857, 26.5665365 ], [ 48.5536359, 26.5725796 ], [ 48.5258378, 26.5713709 ], [ 48.5137516, 26.5508245 ], [ 48.4787018, 26.5508245 ], [ 48.4279401, 26.5459901 ], [ 48.3711352, 26.5701623 ], [ 48.3590491, 26.5653279 ], [ 48.3385027, 26.5471987 ], [ 48.3239993, 26.5326953 ], [ 48.2720289, 26.5351125 ], [ 48.2224757, 26.5314867 ], [ 48.2067638, 26.5169833 ], [ 48.2019293, 26.4879766 ], [ 48.1946776, 26.4154598 ], [ 48.0472268, 26.4227115 ], [ 48.0012994, 26.4069995 ], [ 47.9719171, 26.3911782 ], [ 47.965876, 26.4435954 ], [ 47.9341535, 26.4551308 ], [ 47.9355954, 26.5171339 ], [ 47.9009891, 26.5560661 ], [ 47.9096407, 26.6843981 ], [ 47.8793601, 26.7651463 ], [ 47.8361021, 26.8588719 ], [ 47.8346602, 26.9324104 ], [ 47.8202409, 26.9540394 ], [ 47.8216828, 26.9727845 ], [ 47.838986, 26.9900877 ], [ 47.8418698, 27.0405553 ], [ 47.8836859, 27.0549747 ], [ 47.8995471, 27.2640548 ], [ 47.8966633, 27.2928935 ], [ 47.8678246, 27.3101967 ], [ 47.8908955, 27.3866191 ], [ 47.92406, 27.3909449 ], [ 47.9500148, 27.3693159 ], [ 47.9788534, 27.3577804 ], [ 48.0221114, 27.3592224 ], [ 48.0653693, 27.3822933 ], [ 48.1490014, 27.3837352 ], [ 48.1648627, 27.601467 ], [ 48.1475595, 27.6360733 ], [ 48.1403498, 27.6923087 ], [ 48.1018081, 27.7534453 ], [ 48.1063089, 27.7535797 ], [ 48.1172454, 27.8254478 ], [ 48.1375559, 27.90669 ], [ 48.1844264, 27.9348122 ], [ 48.2469204, 27.9379369 ], [ 48.3437861, 27.8676312 ], [ 48.4047177, 27.8098243 ], [ 48.4781482, 27.8098243 ], [ 48.5562656, 27.7754526 ], [ 48.7046889, 27.6285917 ], [ 48.817178, 27.6473399 ], [ 48.8546744, 27.7160833 ] ] ] ] } },
{ "type": "Feature", "properties": { "shapeName": "Quaryat al-Ulya", "shapeISO": "None", "shapeID": "SAU-ADM2-3_0_0-B45", "shapeGroup": "SAU", "shapeType": "ADM2" }, "geometry": { "type": "MultiPolygon", "coordinates": [ [ [ [ 47.6127926, 27.8090389 ], [ 47.6126989, 27.8066046 ], [ 47.6532275, 27.7973255 ], [ 47.6875992, 27.8301348 ], [ 47.7797779, 27.8301348 ], [ 47.856333, 27.7723279 ], [ 47.9297634, 27.7707655 ], [ 48.0016315, 27.750455 ], [ 48.1018081, 27.7534453 ], [ 48.1403498, 27.6923087 ], [ 48.1475595, 27.6360733 ], [ 48.1648627, 27.601467 ], [ 48.1490014, 27.3837352 ], [ 48.0653693, 27.3822933 ], [ 48.0221114, 27.3592224 ], [ 47.9788534, 27.3577804 ], [ 47.9500148, 27.3693159 ], [ 47.92406, 27.3909449 ], [ 47.8908955, 27.3866191 ], [ 47.8678246, 27.3101967 ], [ 47.8966633, 27.2928935 ], [ 47.8995471, 27.2640548 ], [ 47.8836859, 27.0549747 ], [ 47.8418698, 27.0405553 ], [ 47.838986, 26.9900877 ], [ 47.8216828, 26.9727845 ], [ 47.8202409, 26.9540394 ], [ 47.8346602, 26.9324104 ], [ 47.8361021, 26.8588719 ], [ 47.8793601, 26.7651463 ], [ 47.9096407, 26.6843981 ], [ 47.9009891, 26.5560661 ], [ 47.9355954, 26.5171339 ], [ 47.9341535, 26.4551308 ], [ 47.965876, 26.4435954 ], [ 47.9719171, 26.3911782 ], [ 47.9408688, 26.3755755 ], [ 47.9021931, 26.3501946 ], [ 47.8574744, 26.3356913 ], [ 47.8308849, 26.3248138 ], [ 47.7970437, 26.3018501 ], [ 47.7571595, 26.2933898 ], [ 47.693103, 26.2970156 ], [ 47.6556359, 26.3199793 ], [ 47.6217948, 26.3163535 ], [ 47.6060828, 26.2970156 ], [ 47.5686158, 26.2994329 ], [ 47.5597241, 26.2914308 ], [ 47.5287315, 26.3345582 ], [ 47.5381738, 26.3836581 ], [ 47.4909623, 26.4308696 ], [ 47.4286432, 26.3779928 ], [ 47.2624588, 26.3798812 ], [ 47.2246896, 26.4006543 ], [ 47.1793666, 26.4214273 ], [ 47.0849437, 26.5611733 ], [ 47.00374, 26.5781694 ], [ 46.8847671, 26.6480424 ], [ 46.8469979, 26.6197155 ], [ 46.7827903, 26.642377 ], [ 46.7431326, 26.6858115 ], [ 46.6449328, 26.6461539 ], [ 46.6381296, 26.6063602 ], [ 46.6300123, 26.6247597 ], [ 46.5949445, 26.6533677 ], [ 46.5700279, 26.6598275 ], [ 46.5432657, 26.6792071 ], [ 46.5220404, 26.6847441 ], [ 46.4980467, 26.6893583 ], [ 46.4528277, 26.7013552 ], [ 46.4048402, 26.7207348 ], [ 46.3817693, 26.730886 ], [ 46.3379345, 26.7651463 ], [ 46.2932346, 26.7665882 ], [ 46.262954, 26.7723559 ], [ 46.2413251, 26.7939849 ], [ 46.221138, 26.8170558 ], [ 46.2168122, 26.8516622 ], [ 46.1836478, 26.897804 ], [ 46.1764381, 26.8905944 ], [ 46.1663446, 26.877617 ], [ 46.1461575, 26.8386848 ], [ 46.1173189, 26.8069623 ], [ 46.072619, 26.7795656 ], [ 45.9702418, 26.8819428 ], [ 45.8721904, 26.9554813 ], [ 45.7568358, 27.0117167 ], [ 45.7128978, 27.0629798 ], [ 45.7133751, 27.0628258 ], [ 45.7426692, 27.2141785 ], [ 45.7768456, 27.2556784 ], [ 45.7841691, 27.32159 ], [ 45.7963749, 27.3752958 ], [ 45.8232278, 27.407031 ], [ 45.8549631, 27.4338839 ], [ 45.8989041, 27.4534133 ], [ 45.9550511, 27.4802661 ], [ 46.1161684, 27.4900308 ], [ 46.152786, 27.5559424 ], [ 46.1894035, 27.5950012 ], [ 46.2260211, 27.6413834 ], [ 46.2186976, 27.692648 ], [ 46.2016094, 27.7292656 ], [ 46.1576683, 27.763442 ], [ 46.1503448, 27.7951772 ], [ 46.196727, 27.8122654 ], [ 46.238227, 27.8025008 ], [ 46.2577563, 27.7878537 ], [ 46.3041386, 27.7732067 ], [ 46.4579324, 27.7732067 ], [ 46.4872264, 27.7805302 ], [ 46.5067558, 27.7585597 ], [ 46.5555792, 27.7317068 ], [ 46.6117262, 27.7219421 ], [ 46.6214909, 27.763442 ], [ 46.6703143, 27.763442 ], [ 46.7508729, 27.8073831 ], [ 46.7874905, 27.8610889 ], [ 46.8070199, 27.9001476 ], [ 46.8216669, 28.0368532 ], [ 46.8534021, 28.0466179 ], [ 47.4295186, 27.8098243 ], [ 47.6126064, 27.8073831 ], [ 47.6127926, 27.8090389 ] ] ] ] } },
{ "type": "Feature", "properties": { "shapeName": "Al Aflaj", "shapeISO": "None", "shapeID": "SAU-ADM2-3_0_0-B46", "shapeGroup": "SAU", "shapeType": "ADM2" }, "geometry": { "type": "MultiPolygon", "coordinates": [ [ [ [ 47.8399731, 21.9798902 ], [ 47.8429238, 21.929728 ], [ 47.8783324, 21.8707137 ], [ 47.8960367, 21.8795658 ], [ 47.9402975, 21.9002208 ], [ 48.2293497, 21.8702416 ], [ 48.1991344, 21.8456916 ], [ 48.0405038, 21.7456033 ], [ 48.0008462, 21.7248302 ], [ 47.9611886, 21.6851726 ], [ 47.8950925, 21.6228535 ], [ 47.8950925, 21.5888612 ], [ 47.847881, 21.530319 ], [ 47.847881, 21.4321191 ], [ 47.8648772, 21.390573 ], [ 47.9120887, 21.3546923 ], [ 47.9536347, 21.3301423 ], [ 47.9083117, 21.2867078 ], [ 47.8980117, 21.0463945 ], [ 47.827108, 21.0430966 ], [ 47.7931157, 21.024212 ], [ 47.5211777, 21.0393197 ], [ 47.4380855, 20.978889 ], [ 47.3549933, 20.9562275 ], [ 47.3153357, 20.9751121 ], [ 47.2567934, 21.0091043 ], [ 47.2530165, 21.0733119 ], [ 47.1321552, 21.0827542 ], [ 47.0849437, 21.0714235 ], [ 47.0188476, 21.0449851 ], [ 46.9961861, 21.0355428 ], [ 46.9565285, 21.0279889 ], [ 46.9225362, 21.0279889 ], [ 46.8847671, 21.0449851 ], [ 46.839444, 21.0619812 ], [ 46.8016749, 21.0619812 ], [ 46.7620172, 21.0430966 ], [ 46.6770366, 21.0449851 ], [ 46.2634641, 21.2225002 ], [ 46.1426027, 21.2262771 ], [ 46.1237182, 21.2470502 ], [ 46.1142759, 21.2697117 ], [ 46.1407143, 21.3074808 ], [ 46.1614873, 21.3263654 ], [ 46.1728181, 21.3546923 ], [ 46.1369374, 21.3962384 ], [ 46.0783951, 21.4094576 ], [ 46.0311837, 21.4075692 ], [ 46.0085222, 21.3962384 ], [ 45.9990799, 21.3698 ], [ 45.9820837, 21.34525 ], [ 45.9745299, 21.3018155 ], [ 45.9631992, 21.2640463 ], [ 45.9631992, 21.2357194 ], [ 45.9650876, 21.1866195 ], [ 45.9556453, 21.1337426 ], [ 45.8876608, 21.114858 ], [ 45.8423378, 21.1582926 ], [ 45.7932379, 21.1885079 ], [ 45.7705764, 21.2168348 ], [ 45.764911, 21.2640463 ], [ 45.7271418, 21.3018155 ], [ 45.7271418, 21.4528922 ], [ 45.7176995, 21.4793306 ], [ 45.6893726, 21.4774421 ], [ 45.6591573, 21.4585575 ], [ 45.6213881, 21.4264537 ], [ 45.5873958, 21.4264537 ], [ 45.5628459, 21.4547806 ], [ 45.5005267, 21.4623345 ], [ 45.4684229, 21.4491152 ], [ 45.4478871, 21.4359528 ], [ 45.4453785, 21.5107452 ], [ 45.475659, 21.5482354 ], [ 45.4843106, 21.6102385 ], [ 45.5145912, 21.641961 ], [ 45.5751524, 21.6448449 ], [ 45.58083, 21.6582729 ], [ 45.5988541, 21.8925869 ], [ 45.6574326, 21.9827076 ], [ 45.6665709, 22.0899405 ], [ 45.6988701, 22.1240855 ], [ 45.6988701, 22.1794557 ], [ 45.7339379, 22.2071408 ], [ 45.7662372, 22.2099093 ], [ 45.7690057, 22.2440542 ], [ 45.7976137, 22.2671252 ], [ 45.8003822, 22.302193 ], [ 45.8391413, 22.3252639 ], [ 45.8419098, 22.3972451 ], [ 45.8714406, 22.4276987 ], [ 45.8714406, 22.4396956 ], [ 45.8502154, 22.4452326 ], [ 45.8133019, 22.459998 ], [ 45.7773113, 22.5153682 ], [ 45.7487033, 22.5430533 ], [ 45.750549, 22.5698156 ], [ 45.7422435, 22.5735069 ], [ 45.6896418, 22.5725841 ], [ 45.6813363, 22.5550502 ], [ 45.6665709, 22.5485903 ], [ 45.558599, 22.5495132 ], [ 45.5124571, 22.5264423 ], [ 45.479235, 22.5338249 ], [ 45.4653925, 22.5485903 ], [ 45.4266333, 22.5781211 ], [ 45.3648033, 22.6298 ], [ 45.3689561, 22.747923 ], [ 45.4208656, 22.7392715 ], [ 45.4424946, 22.7118747 ], [ 45.5290105, 22.7147586 ], [ 45.5679427, 22.7262941 ], [ 45.6097587, 22.7580166 ], [ 45.6429232, 22.7609004 ], [ 45.6732038, 22.7421553 ], [ 45.7207875, 22.7464811 ], [ 45.7510681, 22.8243455 ], [ 45.7835568, 22.8725835 ], [ 45.7873808, 22.8727361 ], [ 45.8827345, 22.8749032 ], [ 46.0922653, 23.0078313 ], [ 46.0990244, 22.8974334 ], [ 46.1373257, 22.9041925 ], [ 46.17788, 22.9177106 ], [ 46.2229404, 22.9424938 ], [ 46.290531, 22.974036 ], [ 46.5361101, 22.9492528 ], [ 46.5699054, 22.9244696 ], [ 46.6172188, 22.9132045 ], [ 46.6352429, 22.9605179 ], [ 46.6690382, 22.9379877 ], [ 46.7478939, 22.9064455 ], [ 46.8447737, 22.8861683 ], [ 46.9754488, 22.9469998 ], [ 47.0069911, 22.9469998 ], [ 47.0655696, 22.9492528 ], [ 47.1759675, 23.0033253 ], [ 47.1827266, 23.0731689 ], [ 47.2705943, 23.1542776 ], [ 47.3629681, 23.1948319 ], [ 47.3643703, 23.1947642 ], [ 47.6896559, 23.1790608 ], [ 47.7865357, 23.1970849 ], [ 47.9802953, 23.1880729 ], [ 48.0726691, 23.2331332 ], [ 48.1063578, 23.3314817 ], [ 48.1084884, 23.3283678 ], [ 48.1261927, 23.2191913 ], [ 48.0819319, 22.7500273 ], [ 48.0730798, 22.7057666 ], [ 48.0465233, 22.5228221 ], [ 47.9993118, 22.4549556 ], [ 47.9727554, 22.3900399 ], [ 47.9727554, 22.3546312 ], [ 47.9639032, 22.2661097 ], [ 47.9255439, 22.221849 ], [ 47.8665296, 22.1834897 ], [ 47.8665296, 22.1362782 ], [ 47.8340717, 22.044806 ], [ 47.8399731, 21.9798902 ] ] ] ] } },
{ "type": "Feature", "properties": { "shapeName": "Wadi ad-Dwasir", "shapeISO": "None", "shapeID": "SAU-ADM2-3_0_0-B47", "shapeGroup": "SAU", "shapeType": "ADM2" }, "geometry": { "type": "MultiPolygon", "coordinates": [ [ [ [ 44.5560293, 19.4359731 ], [ 44.4544434, 19.4336106 ], [ 44.4190065, 19.4265233 ], [ 44.3841746, 19.4705231 ], [ 44.2362354, 19.4587945 ], [ 44.2144434, 19.4722667 ], [ 44.2100975, 19.4867209 ], [ 44.2274168, 19.541922 ], [ 44.2452665, 19.5640541 ], [ 44.2851384, 19.7168828 ], [ 44.2808175, 19.7560624 ], [ 44.273261, 19.8670966 ], [ 44.2705123, 19.9074667 ], [ 44.1071615, 20.121087 ], [ 44.0977117, 20.1848735 ], [ 44.1000741, 20.2155855 ], [ 44.1024366, 20.3242587 ], [ 44.0906243, 20.40222 ], [ 44.0529194, 20.4812207 ], [ 44.0053809, 20.5321344 ], [ 43.9660919, 20.5607056 ], [ 43.8474011, 20.7503541 ], [ 43.8408122, 20.7804752 ], [ 43.7724991, 20.8916664 ], [ 43.6674957, 20.9761086 ], [ 43.6144465, 21.1056666 ], [ 43.5127069, 21.1279263 ], [ 43.4836606, 21.143655 ], [ 43.312887, 21.2192394 ], [ 43.3482527, 21.2699506 ], [ 43.4932695, 21.3831311 ], [ 43.5023713, 21.4558779 ], [ 43.4815113, 21.7403504 ], [ 43.4832851, 21.7552933 ], [ 43.5080401, 21.9472383 ], [ 43.7008181, 21.9449075 ], [ 43.7409799, 21.9118331 ], [ 43.7740544, 21.9118331 ], [ 43.828391, 21.9401826 ], [ 43.9370643, 21.9378201 ], [ 44.0221129, 21.9614448 ], [ 44.0646372, 21.9685321 ], [ 44.1118864, 21.9921568 ], [ 44.3906569, 21.977982 ], [ 44.4048317, 21.9614448 ], [ 44.4426311, 21.9638072 ], [ 44.4875179, 21.9945192 ], [ 44.5064176, 22.2260405 ], [ 44.5300422, 22.2402152 ], [ 44.5631166, 22.2213155 ], [ 44.7072268, 22.223678 ], [ 44.851337, 22.3630633 ], [ 45.0781333, 22.3607008 ], [ 45.1041204, 22.3796005 ], [ 45.1868066, 22.3961377 ], [ 45.2080687, 22.3630633 ], [ 45.4065155, 22.4646491 ], [ 45.4826198, 22.5330728 ], [ 45.5124571, 22.5264423 ], [ 45.558599, 22.5495132 ], [ 45.6665709, 22.5485903 ], [ 45.6813363, 22.5550502 ], [ 45.6896418, 22.5725841 ], [ 45.7422435, 22.5735069 ], [ 45.750549, 22.5698156 ], [ 45.7487033, 22.5430533 ], [ 45.7773113, 22.5153682 ], [ 45.8133019, 22.459998 ], [ 45.8502154, 22.4452326 ], [ 45.8714406, 22.4396956 ], [ 45.8714406, 22.4276987 ], [ 45.8419098, 22.3972451 ], [ 45.8391413, 22.3252639 ], [ 45.8003822, 22.302193 ], [ 45.7976137, 22.2671252 ], [ 45.7690057, 22.2440542 ], [ 45.7662372, 22.2099093 ], [ 45.7339379, 22.2071408 ], [ 45.6988701, 22.1794557 ], [ 45.6988701, 22.1240855 ], [ 45.6665709, 22.0899405 ], [ 45.6574326, 21.9827076 ], [ 45.5988541, 21.8925869 ], [ 45.58083, 21.6582729 ], [ 45.5751524, 21.6448449 ], [ 45.5145912, 21.641961 ], [ 45.4843106, 21.6102385 ], [ 45.475659, 21.5482354 ], [ 45.4453785, 21.5107452 ], [ 45.4478871, 21.4359528 ], [ 45.394773, 21.4019038 ], [ 45.3135693, 21.3962384 ], [ 45.0756235, 21.2904847 ], [ 45.0794004, 21.2640463 ], [ 45.0756235, 21.2225002 ], [ 45.1341657, 21.1582926 ], [ 45.1285004, 21.118635 ], [ 45.1020619, 21.0733119 ], [ 45.073735, 21.0261005 ], [ 45.0642928, 20.9637813 ], [ 45.143608, 20.8580276 ], [ 45.2852424, 20.7107278 ], [ 45.2871309, 20.6502972 ], [ 45.3437847, 20.5634281 ], [ 45.328677, 20.4595628 ], [ 45.3022386, 20.4350129 ], [ 45.2909078, 20.3991321 ], [ 45.1606042, 20.2083978 ], [ 45.1587157, 20.0422134 ], [ 45.1870426, 20.0119981 ], [ 45.2210348, 19.925129 ], [ 45.3135693, 19.8722521 ], [ 45.3135693, 19.7343946 ], [ 45.2474733, 19.6909601 ], [ 45.2455848, 19.6531909 ], [ 45.234254, 19.5738756 ], [ 45.2399194, 19.5266642 ], [ 45.2530833, 19.4420395 ], [ 45.0143468, 19.4525103 ], [ 44.789913, 19.4312482 ], [ 44.6221782, 19.4170734 ], [ 44.5560293, 19.4359731 ] ] ] ] } },
{ "type": "Feature", "properties": { "shapeName": "Al-Kharj", "shapeISO": "None", "shapeID": "SAU-ADM2-3_0_0-B48", "shapeGroup": "SAU", "shapeType": "ADM2" }, "geometry": { "type": "MultiPolygon", "coordinates": [ [ [ [ 48.1063578, 23.3314817 ], [ 48.0726691, 23.2331332 ], [ 47.9802953, 23.1880729 ], [ 47.7865357, 23.1970849 ], [ 47.6896559, 23.1790608 ], [ 47.3643703, 23.1947642 ], [ 47.3534505, 23.2275225 ], [ 47.3424406, 23.2462393 ], [ 47.2984011, 23.2792689 ], [ 47.2521597, 23.2979857 ], [ 47.2796843, 23.3233084 ], [ 47.2939972, 23.3420252 ], [ 47.3028051, 23.3651459 ], [ 47.2730784, 23.4003775 ], [ 47.2521597, 23.4069834 ], [ 47.2026152, 23.4290032 ], [ 47.1222432, 23.5137792 ], [ 47.1090313, 23.5225871 ], [ 47.1024254, 23.5545157 ], [ 47.1032181, 23.69324 ], [ 46.9639763, 23.7158404 ], [ 46.9612884, 23.7722875 ], [ 46.9397847, 23.7937911 ], [ 46.9155931, 23.8099189 ], [ 46.8914015, 23.8126068 ], [ 46.8376424, 23.7722875 ], [ 46.8268905, 23.7427199 ], [ 46.797323, 23.6217619 ], [ 46.7847516, 23.6208307 ], [ 46.7247482, 23.616386 ], [ 46.6441095, 23.6298258 ], [ 46.5769106, 23.6352017 ], [ 46.5312153, 23.6674572 ], [ 46.5339033, 23.7319681 ], [ 46.4989598, 23.7615356 ], [ 46.5285274, 23.7857272 ], [ 46.5554069, 23.8233586 ], [ 46.5688467, 24.0572109 ], [ 46.5419671, 24.0760265 ], [ 46.5634708, 24.2534317 ], [ 46.5715347, 24.2829992 ], [ 46.6245971, 24.3009849 ], [ 46.6752425, 24.2998839 ], [ 46.6853307, 24.298687 ], [ 46.7402007, 24.292177 ], [ 46.7809372, 24.2723592 ], [ 46.8271787, 24.2613493 ], [ 46.8668142, 24.2338246 ], [ 46.971408, 24.2283197 ], [ 46.9581961, 24.3064898 ], [ 46.965903, 24.3340145 ], [ 46.9967307, 24.3659431 ], [ 47.137657, 24.3538322 ], [ 47.1684846, 24.3450243 ], [ 47.1938073, 24.3230046 ], [ 47.3017041, 24.3835589 ], [ 47.309411, 24.376953 ], [ 47.3347337, 24.3538322 ], [ 47.3666623, 24.3516303 ], [ 47.396389, 24.375852 ], [ 47.480064, 24.3857609 ], [ 47.6187883, 24.4452141 ], [ 47.7440158, 24.5121954 ], [ 47.8592118, 24.5178608 ], [ 47.896981, 24.5405223 ], [ 47.9385271, 24.5612954 ], [ 48.0046231, 24.5405223 ], [ 48.0159539, 24.4744263 ], [ 48.0272846, 24.349788 ], [ 48.0631654, 24.2950227 ], [ 48.1009345, 24.2459228 ], [ 48.102823, 24.1307268 ], [ 48.1198191, 24.0891807 ], [ 48.1198191, 23.9551001 ], [ 48.1198191, 23.8512349 ], [ 48.1217076, 23.8153541 ], [ 48.1084884, 23.7813619 ], [ 48.1084884, 23.7237639 ], [ 48.0878333, 23.4670515 ], [ 48.0524247, 23.4286922 ], [ 48.070129, 23.3844314 ], [ 48.1063578, 23.3314817 ] ] ] ] } },
{ "type": "Feature", "properties": { "shapeName": "Hotat Bani Tamim", "shapeISO": "None", "shapeID": "SAU-ADM2-3_0_0-B49", "shapeGroup": "SAU", "shapeType": "ADM2" }, "geometry": { "type": "MultiPolygon", "coordinates": [ [ [ [ 47.3643703, 23.1947642 ], [ 47.3629681, 23.1948319 ], [ 47.2705943, 23.1542776 ], [ 47.1827266, 23.0731689 ], [ 47.1759675, 23.0033253 ], [ 47.0655696, 22.9492528 ], [ 47.0069911, 22.9469998 ], [ 46.9754488, 22.9469998 ], [ 46.8447737, 22.8861683 ], [ 46.7478939, 22.9064455 ], [ 46.6690382, 22.9379877 ], [ 46.6352429, 22.9605179 ], [ 46.6172188, 22.9132045 ], [ 46.5699054, 22.9244696 ], [ 46.5361101, 22.9492528 ], [ 46.290531, 22.974036 ], [ 46.2229404, 22.9424938 ], [ 46.17788, 22.9177106 ], [ 46.1373257, 22.9041925 ], [ 46.0990244, 22.8974334 ], [ 46.0922653, 23.0078313 ], [ 46.1399564, 23.0828804 ], [ 46.2001666, 23.13965 ], [ 46.2208101, 23.1585732 ], [ 46.1330752, 23.1654544 ], [ 46.0900679, 23.1843776 ], [ 46.1124317, 23.2703922 ], [ 46.1124317, 23.3116792 ], [ 46.084907, 23.3323227 ], [ 46.1416767, 23.3615677 ], [ 46.1571593, 23.4062953 ], [ 46.1984463, 23.43382 ], [ 46.2294116, 23.4407011 ], [ 46.267258, 23.4372606 ], [ 46.3171465, 23.4062953 ], [ 46.349832, 23.3701692 ], [ 46.4031611, 23.3701692 ], [ 46.4358466, 23.3409242 ], [ 46.5201409, 23.322001 ], [ 46.5528265, 23.3237213 ], [ 46.6371208, 23.3684489 ], [ 46.7282963, 23.4097359 ], [ 46.7781848, 23.4665055 ], [ 46.7847516, 23.6208307 ], [ 46.797323, 23.6217619 ], [ 46.8268905, 23.7427199 ], [ 46.8376424, 23.7722875 ], [ 46.8914015, 23.8126068 ], [ 46.9155931, 23.8099189 ], [ 46.9397847, 23.7937911 ], [ 46.9612884, 23.7722875 ], [ 46.9639763, 23.7158404 ], [ 47.1032181, 23.69324 ], [ 47.1024254, 23.5545157 ], [ 47.1090313, 23.5225871 ], [ 47.1222432, 23.5137792 ], [ 47.2026152, 23.4290032 ], [ 47.2521597, 23.4069834 ], [ 47.2730784, 23.4003775 ], [ 47.3028051, 23.3651459 ], [ 47.2939972, 23.3420252 ], [ 47.2796843, 23.3233084 ], [ 47.2521597, 23.2979857 ], [ 47.2984011, 23.2792689 ], [ 47.3424406, 23.2462393 ], [ 47.3534505, 23.2275225 ], [ 47.3643703, 23.1947642 ] ] ] ] } },
{ "type": "Feature", "properties": { "shapeName": "Almara", "shapeISO": "None", "shapeID": "SAU-ADM2-3_0_0-B50", "shapeGroup": "SAU", "shapeType": "ADM2" }, "geometry": { "type": "MultiPolygon", "coordinates": [ [ [ [ 46.4989598, 23.7615356 ], [ 46.5339033, 23.7319681 ], [ 46.5312153, 23.6674572 ], [ 46.5769106, 23.6352017 ], [ 46.6441095, 23.6298258 ], [ 46.7247482, 23.616386 ], [ 46.7847516, 23.6208307 ], [ 46.7781848, 23.4665055 ], [ 46.7282963, 23.4097359 ], [ 46.6371208, 23.3684489 ], [ 46.5528265, 23.3237213 ], [ 46.5201409, 23.322001 ], [ 46.4358466, 23.3409242 ], [ 46.4031611, 23.3701692 ], [ 46.349832, 23.3701692 ], [ 46.3171465, 23.4062953 ], [ 46.267258, 23.4372606 ], [ 46.2294116, 23.4407011 ], [ 46.1984463, 23.43382 ], [ 46.1571593, 23.4062953 ], [ 46.1416767, 23.3615677 ], [ 46.084907, 23.3323227 ], [ 46.1124317, 23.3116792 ], [ 46.1124317, 23.2703922 ], [ 46.0900679, 23.1843776 ], [ 46.1330752, 23.1654544 ], [ 46.2208101, 23.1585732 ], [ 46.2001666, 23.13965 ], [ 46.1399564, 23.0828804 ], [ 46.0922653, 23.0078313 ], [ 45.8827345, 22.8749032 ], [ 45.7873808, 22.8727361 ], [ 45.7835568, 22.8725835 ], [ 45.7537164, 22.8895195 ], [ 45.7394035, 22.9126403 ], [ 45.7361006, 22.9390639 ], [ 45.70197, 22.9720936 ], [ 45.7041719, 23.0381528 ], [ 45.6865562, 23.0513646 ], [ 45.6623344, 23.0821923 ], [ 45.61279, 23.1383426 ], [ 45.6072851, 23.1548574 ], [ 45.6392137, 23.1812811 ], [ 45.6843542, 23.2143107 ], [ 45.7261917, 23.2242196 ], [ 45.7581203, 23.2473403 ], [ 45.7900489, 23.2792689 ], [ 45.7988568, 23.3189045 ], [ 45.7746351, 23.3398232 ], [ 45.7746351, 23.3750548 ], [ 45.8148211, 23.3839315 ], [ 45.8543879, 23.4148968 ], [ 45.8973952, 23.4544635 ], [ 45.9541648, 23.4699461 ], [ 45.9644866, 23.5009114 ], [ 45.9507242, 23.5335969 ], [ 45.9266401, 23.5731636 ], [ 45.9576054, 23.6024086 ], [ 45.9627663, 23.6333739 ], [ 45.961046, 23.6608985 ], [ 45.961046, 23.6918638 ], [ 45.9472836, 23.7159479 ], [ 45.9421228, 23.740032 ], [ 45.9455633, 23.7709972 ], [ 45.961046, 23.7761581 ], [ 46.014375, 23.7950813 ], [ 46.0229765, 23.8277669 ], [ 45.9834098, 23.851851 ], [ 45.9750131, 23.8952354 ], [ 45.973088, 23.90518 ], [ 45.9971721, 23.9137815 ], [ 46.031578, 23.9292641 ], [ 46.0591026, 23.8965786 ], [ 46.1055505, 23.8656133 ], [ 46.1605999, 23.8673336 ], [ 46.2018869, 23.8810959 ], [ 46.267258, 23.9120612 ], [ 46.3635943, 23.9567888 ], [ 46.4255249, 23.9172221 ], [ 46.4427278, 23.863893 ], [ 46.4989598, 23.7615356 ] ] ] ] } },
{ "type": "Feature", "properties": { "shapeName": "Sakakah", "shapeISO": "None", "shapeID": "SAU-ADM2-3_0_0-B51", "shapeGroup": "SAU", "shapeType": "ADM2" }, "geometry": { "type": "MultiPolygon", "coordinates": [ [ [ [ 39.8202925, 30.9227755 ], [ 39.8203874, 30.9223178 ], [ 39.8936226, 30.9125531 ], [ 40.2158572, 30.8027004 ], [ 40.28421, 30.8857002 ], [ 40.4404449, 30.8808179 ], [ 40.5112389, 30.8271121 ], [ 40.9237969, 30.8197886 ], [ 40.9701791, 30.8515238 ], [ 41.0092379, 30.8173474 ], [ 41.0849142, 30.7514358 ], [ 41.0727083, 30.5952008 ], [ 41.1361788, 30.5634656 ], [ 41.1898846, 30.5683479 ], [ 41.2582374, 30.6098478 ], [ 41.3436784, 30.6367007 ], [ 41.4266782, 30.6318184 ], [ 41.4925898, 30.6074067 ], [ 41.5780308, 30.5805538 ], [ 41.5707073, 30.5366127 ], [ 41.5511779, 30.4999951 ], [ 41.5755896, 30.4707011 ], [ 41.580472, 30.4145541 ], [ 41.6292954, 30.3828189 ], [ 41.7293834, 30.370613 ], [ 41.8343538, 30.2827309 ], [ 41.9027066, 30.1972899 ], [ 41.9466477, 30.1655546 ], [ 41.9588535, 30.1313782 ], [ 41.9417653, 30.1094077 ], [ 41.9100301, 30.0923195 ], [ 41.8270303, 30.1020842 ], [ 41.8026186, 30.0581431 ], [ 41.780648, 29.9824668 ], [ 41.7537951, 29.9800256 ], [ 41.7098541, 29.9507316 ], [ 41.6317366, 29.9458492 ], [ 41.5780308, 29.9092317 ], [ 41.524325, 29.8677317 ], [ 41.4559722, 29.828673 ], [ 41.4340017, 29.7700849 ], [ 41.3925018, 29.7139379 ], [ 41.3925018, 29.6626733 ], [ 41.4315605, 29.6040852 ], [ 41.5755896, 29.5796735 ], [ 41.5707073, 29.4478503 ], [ 41.6073249, 29.3843798 ], [ 41.6244131, 29.3672916 ], [ 41.6366189, 29.330674 ], [ 41.6498885, 29.2930776 ], [ 41.6299946, 29.2731835 ], [ 41.651266, 29.2403507 ], [ 41.665913, 29.2232625 ], [ 41.651266, 29.1842038 ], [ 41.5780308, 29.1793214 ], [ 41.4877075, 29.1793214 ], [ 41.4340017, 29.159792 ], [ 41.4071488, 29.115851 ], [ 41.4047076, 29.0426158 ], [ 41.3876194, 28.9864689 ], [ 41.4071488, 28.9205572 ], [ 41.411645, 28.9200755 ], [ 41.2659711, 28.9212156 ], [ 41.1857213, 28.9525326 ], [ 40.849064, 28.9466606 ], [ 40.817747, 28.9251302 ], [ 40.6924792, 28.9349168 ], [ 40.6885645, 28.9603618 ], [ 40.7159669, 29.0092946 ], [ 40.7296681, 29.0856296 ], [ 40.7629423, 29.1189039 ], [ 40.7727289, 29.1893671 ], [ 40.8138324, 29.2050256 ], [ 40.8197043, 29.334208 ], [ 40.8353628, 29.4203297 ], [ 40.9010564, 29.5119036 ], [ 40.8962461, 29.5896699 ], [ 40.7599547, 29.6538071 ], [ 40.7238776, 29.6858756 ], [ 40.6348873, 29.6906859 ], [ 40.5811724, 29.6610225 ], [ 40.1450399, 29.6650311 ], [ 40.0961353, 29.6353676 ], [ 40.0023347, 29.6377728 ], [ 39.9871021, 29.6962979 ], [ 39.9630507, 29.7003065 ], [ 39.9629505, 29.7561258 ], [ 40.0443746, 29.7937062 ], [ 40.2322764, 29.8713723 ], [ 40.2460559, 29.9051946 ], [ 40.152105, 29.9177214 ], [ 40.0969871, 29.883899 ], [ 39.9579398, 29.883899 ], [ 39.9566871, 29.9615651 ], [ 39.9303809, 29.9703339 ], [ 39.8702523, 30.0066615 ], [ 39.8213978, 30.0379785 ], [ 39.7562585, 30.0730535 ], [ 39.6848559, 30.1006124 ], [ 39.6472755, 30.0793169 ], [ 39.5808836, 30.0429892 ], [ 39.5157443, 30.0041562 ], [ 39.4606264, 29.9490383 ], [ 39.341622, 29.950291 ], [ 39.2802407, 29.9753446 ], [ 39.0635273, 29.981608 ], [ 38.9921246, 29.915216 ], [ 38.8969211, 29.9076999 ], [ 38.8881523, 29.8864044 ], [ 38.6902291, 29.8876571 ], [ 38.682713, 29.8676142 ], [ 38.4885479, 29.8550874 ], [ 38.4797791, 29.8300339 ], [ 38.43343, 29.8175071 ], [ 38.4196506, 29.7924535 ], [ 38.4409461, 29.7598839 ], [ 38.4760211, 29.7285669 ], [ 38.5098434, 29.7122821 ], [ 38.5824988, 29.6922392 ], [ 38.6413747, 29.6671857 ], [ 38.7002505, 29.6383741 ], [ 38.7127773, 29.6170785 ], [ 38.7090193, 29.6032991 ], [ 38.6927345, 29.5744874 ], [ 38.6451327, 29.5193696 ], [ 38.5942426, 29.447732 ], [ 38.5629257, 29.4125005 ], [ 38.5629257, 29.3890127 ], [ 38.5668403, 29.3537811 ], [ 38.5942426, 29.3518238 ], [ 38.6048784, 29.3358704 ], [ 38.6059865, 29.334208 ], [ 38.6040292, 29.2989765 ], [ 38.5687976, 29.2735314 ], [ 38.4689748, 29.2050256 ], [ 38.451359, 29.1756659 ], [ 38.4435297, 29.1423916 ], [ 38.4180847, 29.087587 ], [ 38.3730666, 29.0601846 ], [ 38.3456642, 29.0288677 ], [ 38.2575853, 29.0366969 ], [ 38.2262683, 29.0699712 ], [ 38.1949513, 29.0954162 ], [ 38.1969087, 29.138477 ], [ 38.2164818, 29.1560928 ], [ 38.2262683, 29.2363425 ], [ 38.2614999, 29.2500437 ], [ 38.2575853, 29.2950618 ], [ 38.281073, 29.3322507 ], [ 38.2849876, 29.3537811 ], [ 38.2654145, 29.3694396 ], [ 38.2536707, 29.3948847 ], [ 38.2575853, 29.4320736 ], [ 38.2780979, 29.4805366 ], [ 38.2405175, 29.5080955 ], [ 38.2142113, 29.5318964 ], [ 38.2129586, 29.5556973 ], [ 38.1904104, 29.5694767 ], [ 38.1553354, 29.5945303 ], [ 38.1227657, 29.6058044 ], [ 38.0989649, 29.630858 ], [ 37.973697, 29.6283526 ], [ 37.9498961, 29.6058044 ], [ 37.8985363, 29.599541 ], [ 37.8885149, 29.5794982 ], [ 37.8158595, 29.5719821 ], [ 37.7857952, 29.5945303 ], [ 37.7482149, 29.6158258 ], [ 37.7469622, 29.7135348 ], [ 37.7131399, 29.7298196 ], [ 37.7018658, 29.7774214 ], [ 37.7344354, 29.8012223 ], [ 37.7406988, 29.8312865 ], [ 37.7194033, 29.8513294 ], [ 37.6492533, 29.8926678 ], [ 37.5791033, 29.9352589 ], [ 37.5130694, 30.0137521 ], [ 37.5127113, 30.0141776 ], [ 37.6116729, 30.1882999 ], [ 37.66178, 30.2772401 ], [ 37.696855, 30.3085571 ], [ 37.696855, 30.3461374 ], [ 37.7331827, 30.3661803 ], [ 37.763247, 30.3736963 ], [ 37.8221229, 30.4087713 ], [ 37.9022943, 30.4501097 ], [ 37.9738342, 30.4749223 ], [ 37.9733464, 30.4690684 ], [ 37.9913447, 30.432072 ], [ 38.0423397, 30.4230728 ], [ 38.0723369, 30.4620691 ], [ 38.0763365, 30.744042 ], [ 38.1693275, 30.7390424 ], [ 38.1783267, 30.7130449 ], [ 38.4313023, 30.7060456 ], [ 38.4553, 30.6940468 ], [ 38.4652991, 30.6590501 ], [ 38.4732983, 30.494066 ], [ 38.5132944, 30.463069 ], [ 38.6832781, 30.473068 ], [ 38.7512715, 30.5290626 ], [ 38.7443028, 30.9452008 ], [ 38.8489538, 30.9227755 ], [ 38.9023544, 30.9685475 ], [ 38.9519407, 31.0181337 ], [ 38.9977127, 30.9761761 ], [ 39.0549276, 30.9838048 ], [ 39.1159569, 31.0333911 ], [ 39.1541002, 31.0410197 ], [ 39.2227582, 31.0524627 ], [ 39.3219307, 31.0143194 ], [ 39.4134747, 30.9723618 ], [ 39.463061, 30.9571045 ], [ 39.5317189, 30.9532901 ], [ 39.6003769, 30.9609188 ], [ 39.6347058, 30.9723618 ], [ 39.6690348, 30.9723618 ], [ 39.6957351, 30.9342185 ], [ 39.7491357, 30.9227755 ], [ 39.8202925, 30.9227755 ] ] ] ] } },
{ "type": "Feature", "properties": { "shapeName": "Dumat al-Jandal", "shapeISO": "None", "shapeID": "SAU-ADM2-3_0_0-B52", "shapeGroup": "SAU", "shapeType": "ADM2" }, "geometry": { "type": "MultiPolygon", "coordinates": [ [ [ [ 40.6924792, 28.9349168 ], [ 40.7244877, 28.9324161 ], [ 40.6259306, 28.8996852 ], [ 40.5202359, 28.8781548 ], [ 40.3323341, 28.8311793 ], [ 39.9702317, 28.6667653 ], [ 39.7627568, 28.519967 ], [ 39.6453182, 28.4436319 ], [ 39.5631112, 28.43776 ], [ 39.4965626, 28.4142722 ], [ 39.2695146, 28.4181869 ], [ 39.2636427, 28.5806436 ], [ 39.2244965, 28.6530641 ], [ 39.1696918, 28.6530641 ], [ 39.0209363, 28.5649851 ], [ 38.9093696, 28.5688998 ], [ 38.7919671, 28.580081 ], [ 38.786059, 28.5806436 ], [ 38.7734741, 28.7527722 ], [ 38.82126, 28.7766652 ], [ 38.8167496, 29.1297866 ], [ 38.7754113, 29.1611035 ], [ 38.7791693, 29.2011892 ], [ 38.8054755, 29.2375169 ], [ 38.8142443, 29.27635 ], [ 38.7929488, 29.2826133 ], [ 38.7578738, 29.3064142 ], [ 38.7052613, 29.315183 ], [ 38.6551541, 29.3339732 ], [ 38.6048784, 29.3358704 ], [ 38.5942426, 29.3518238 ], [ 38.5668403, 29.3537811 ], [ 38.5629257, 29.3890127 ], [ 38.5629257, 29.4125005 ], [ 38.5942426, 29.447732 ], [ 38.6451327, 29.5193696 ], [ 38.6927345, 29.5744874 ], [ 38.7090193, 29.6032991 ], [ 38.7127773, 29.6170785 ], [ 38.7002505, 29.6383741 ], [ 38.6413747, 29.6671857 ], [ 38.5824988, 29.6922392 ], [ 38.5098434, 29.7122821 ], [ 38.4760211, 29.7285669 ], [ 38.4409461, 29.7598839 ], [ 38.4196506, 29.7924535 ], [ 38.43343, 29.8175071 ], [ 38.4797791, 29.8300339 ], [ 38.4885479, 29.8550874 ], [ 38.682713, 29.8676142 ], [ 38.6902291, 29.8876571 ], [ 38.8881523, 29.8864044 ], [ 38.8969211, 29.9076999 ], [ 38.9921246, 29.915216 ], [ 39.0635273, 29.981608 ], [ 39.2802407, 29.9753446 ], [ 39.341622, 29.950291 ], [ 39.4606264, 29.9490383 ], [ 39.5157443, 30.0041562 ], [ 39.5808836, 30.0429892 ], [ 39.6472755, 30.0793169 ], [ 39.6848559, 30.1006124 ], [ 39.7562585, 30.0730535 ], [ 39.8213978, 30.0379785 ], [ 39.8702523, 30.0066615 ], [ 39.9303809, 29.9703339 ], [ 39.9566871, 29.9615651 ], [ 39.9579398, 29.883899 ], [ 40.0969871, 29.883899 ], [ 40.152105, 29.9177214 ], [ 40.2460559, 29.9051946 ], [ 40.2322764, 29.8713723 ], [ 40.0443746, 29.7937062 ], [ 39.9629505, 29.7561258 ], [ 39.9630507, 29.7003065 ], [ 39.9871021, 29.6962979 ], [ 40.0023347, 29.6377728 ], [ 40.0961353, 29.6353676 ], [ 40.1450399, 29.6650311 ], [ 40.5811724, 29.6610225 ], [ 40.6348873, 29.6906859 ], [ 40.7238776, 29.6858756 ], [ 40.7599547, 29.6538071 ], [ 40.8962461, 29.5896699 ], [ 40.9010564, 29.5119036 ], [ 40.8353628, 29.4203297 ], [ 40.8197043, 29.334208 ], [ 40.8138324, 29.2050256 ], [ 40.7727289, 29.1893671 ], [ 40.7629423, 29.1189039 ], [ 40.7296681, 29.0856296 ], [ 40.7159669, 29.0092946 ], [ 40.6885645, 28.9603618 ], [ 40.6924792, 28.9349168 ] ] ] ] } },
{ "type": "Feature", "properties": { "shapeName": "Al-Muzahimiyya", "shapeISO": "None", "shapeID": "SAU-ADM2-3_0_0-B53", "shapeGroup": "SAU", "shapeType": "ADM2" }, "geometry": { "type": "MultiPolygon", "coordinates": [ [ [ [ 45.7890327, 24.6350898 ], [ 45.8530499, 24.6284673 ], [ 45.9233907, 24.5917678 ], [ 46.0059647, 24.5917678 ], [ 46.0732473, 24.5550682 ], [ 46.1466464, 24.4939022 ], [ 46.1986374, 24.5091937 ], [ 46.2506285, 24.5275435 ], [ 46.3056778, 24.5091937 ], [ 46.3393191, 24.4908439 ], [ 46.4127182, 24.4480278 ], [ 46.4677676, 24.4327363 ], [ 46.5411667, 24.429678 ], [ 46.5962161, 24.4266197 ], [ 46.6176242, 24.4205031 ], [ 46.6482071, 24.4082699 ], [ 46.6543237, 24.3838035 ], [ 46.6237407, 24.3409874 ], [ 46.6853307, 24.298687 ], [ 46.6752425, 24.2998839 ], [ 46.6245971, 24.3009849 ], [ 46.5715347, 24.2829992 ], [ 46.5634708, 24.2534317 ], [ 46.5419671, 24.0760265 ], [ 46.5688467, 24.0572109 ], [ 46.5554069, 23.8233586 ], [ 46.5285274, 23.7857272 ], [ 46.4989598, 23.7615356 ], [ 46.4427278, 23.863893 ], [ 46.4255249, 23.9172221 ], [ 46.3635943, 23.9567888 ], [ 46.267258, 23.9120612 ], [ 46.2018869, 23.8810959 ], [ 46.1605999, 23.8673336 ], [ 46.1055505, 23.8656133 ], [ 46.0591026, 23.8965786 ], [ 46.031578, 23.9292641 ], [ 45.9971721, 23.9137815 ], [ 45.973088, 23.90518 ], [ 45.9750131, 23.8952354 ], [ 45.9233907, 23.9158841 ], [ 45.9172741, 24.0106913 ], [ 45.97844, 24.1116151 ], [ 45.9753817, 24.2217138 ], [ 45.9172741, 24.2828797 ], [ 45.8622247, 24.3073461 ], [ 45.8561082, 24.4205031 ], [ 45.6848435, 24.3593372 ], [ 45.6481439, 24.4908439 ], [ 45.586978, 24.5825929 ], [ 45.5625116, 24.6284673 ], [ 45.571918, 24.6334186 ], [ 45.6206193, 24.6590503 ], [ 45.700135, 24.6070592 ], [ 45.7184848, 24.6376422 ], [ 45.7643592, 24.6376422 ], [ 45.7890327, 24.6350898 ] ] ] ] } },
{ "type": "Feature", "properties": { "shapeName": "Al-Quway'iyah", "shapeISO": "None", "shapeID": "SAU-ADM2-3_0_0-B54", "shapeGroup": "SAU", "shapeType": "ADM2" }, "geometry": { "type": "MultiPolygon", "coordinates": [ [ [ [ 45.8561082, 24.4205031 ], [ 45.8622247, 24.3073461 ], [ 45.9172741, 24.2828797 ], [ 45.9753817, 24.2217138 ], [ 45.97844, 24.1116151 ], [ 45.9172741, 24.0106913 ], [ 45.9233907, 23.9158841 ], [ 45.9750131, 23.8952354 ], [ 45.9834098, 23.851851 ], [ 46.0229765, 23.8277669 ], [ 46.014375, 23.7950813 ], [ 45.961046, 23.7761581 ], [ 45.9455633, 23.7709972 ], [ 45.9421228, 23.740032 ], [ 45.9472836, 23.7159479 ], [ 45.961046, 23.6918638 ], [ 45.961046, 23.6608985 ], [ 45.9627663, 23.6333739 ], [ 45.9576054, 23.6024086 ], [ 45.9266401, 23.5731636 ], [ 45.9507242, 23.5335969 ], [ 45.9644866, 23.5009114 ], [ 45.9541648, 23.4699461 ], [ 45.8973952, 23.4544635 ], [ 45.8543879, 23.4148968 ], [ 45.8148211, 23.3839315 ], [ 45.7746351, 23.3750548 ], [ 45.7746351, 23.3398232 ], [ 45.7988568, 23.3189045 ], [ 45.7900489, 23.2792689 ], [ 45.7581203, 23.2473403 ], [ 45.7261917, 23.2242196 ], [ 45.6843542, 23.2143107 ], [ 45.6392137, 23.1812811 ], [ 45.6072851, 23.1548574 ], [ 45.61279, 23.1383426 ], [ 45.6623344, 23.0821923 ], [ 45.6865562, 23.0513646 ], [ 45.7041719, 23.0381528 ], [ 45.70197, 22.9720936 ], [ 45.7361006, 22.9390639 ], [ 45.7394035, 22.9126403 ], [ 45.7537164, 22.8895195 ], [ 45.7835568, 22.8725835 ], [ 45.7510681, 22.8243455 ], [ 45.7207875, 22.7464811 ], [ 45.6732038, 22.7421553 ], [ 45.6429232, 22.7609004 ], [ 45.6097587, 22.7580166 ], [ 45.5679427, 22.7262941 ], [ 45.5290105, 22.7147586 ], [ 45.4424946, 22.7118747 ], [ 45.4208656, 22.7392715 ], [ 45.3689561, 22.747923 ], [ 45.3648033, 22.6298 ], [ 45.4266333, 22.5781211 ], [ 45.4653925, 22.5485903 ], [ 45.479235, 22.5338249 ], [ 45.4826198, 22.5330728 ], [ 45.4065155, 22.4646491 ], [ 45.2080687, 22.3630633 ], [ 45.1868066, 22.3961377 ], [ 45.1041204, 22.3796005 ], [ 45.0781333, 22.3607008 ], [ 44.851337, 22.3630633 ], [ 44.7072268, 22.223678 ], [ 44.5631166, 22.2213155 ], [ 44.5300422, 22.2402152 ], [ 44.5064176, 22.2260405 ], [ 44.4875179, 21.9945192 ], [ 44.4426311, 21.9638072 ], [ 44.4048317, 21.9614448 ], [ 44.3906569, 21.977982 ], [ 44.1118864, 21.9921568 ], [ 44.0646372, 21.9685321 ], [ 44.0221129, 21.9614448 ], [ 43.9370643, 21.9378201 ], [ 43.828391, 21.9401826 ], [ 43.7740544, 21.9118331 ], [ 43.7409799, 21.9118331 ], [ 43.7008181, 21.9449075 ], [ 43.5080401, 21.9472383 ], [ 43.4522866, 22.00139 ], [ 43.3952852, 22.0603641 ], [ 43.327512, 22.201293 ], [ 43.3242429, 22.2083926 ], [ 43.3189906, 22.4188465 ], [ 43.3915316, 22.6296377 ], [ 43.4047636, 22.6435319 ], [ 43.4198115, 22.6443327 ], [ 43.534337, 22.6108475 ], [ 43.5568852, 22.5908046 ], [ 43.5894549, 22.5920573 ], [ 43.6320459, 22.6158582 ], [ 43.6608575, 22.632143 ], [ 43.6733843, 22.6747341 ], [ 43.670879, 22.6997877 ], [ 43.6332986, 22.737368 ], [ 43.6032343, 22.7749484 ], [ 43.608245, 22.8225502 ], [ 43.6596049, 22.8501091 ], [ 43.6771424, 22.8764153 ], [ 43.7084593, 22.9102377 ], [ 43.7147227, 22.9415546 ], [ 43.6470781, 22.9954198 ], [ 43.6282879, 23.0204734 ], [ 43.6170138, 23.0342528 ], [ 43.6157611, 23.0542957 ], [ 43.6796477, 23.0768439 ], [ 43.6871638, 23.1044028 ], [ 43.6896691, 23.119435 ], [ 43.6996906, 23.1369725 ], [ 43.6383093, 23.1457412 ], [ 43.608245, 23.1695421 ], [ 43.5230629, 23.2359341 ], [ 43.4873866, 23.2152398 ], [ 43.4673438, 23.2328775 ], [ 43.4681455, 23.2689547 ], [ 43.4368786, 23.307437 ], [ 43.4400855, 23.4749952 ], [ 43.4591763, 23.5077653 ], [ 43.4416388, 23.5453457 ], [ 43.467945, 23.5954528 ], [ 43.4654397, 23.6242644 ], [ 43.4195273, 23.6965577 ], [ 43.4065638, 23.7169626 ], [ 43.4082642, 23.7187405 ], [ 43.4341227, 23.7457742 ], [ 43.530579, 23.750785 ], [ 43.5493691, 23.828451 ], [ 43.5894549, 23.8572626 ], [ 43.6195191, 23.9161385 ], [ 43.6621102, 23.929918 ], [ 43.7147227, 23.9499608 ], [ 43.7823673, 23.9574769 ], [ 43.8124316, 23.9875412 ], [ 43.8324745, 23.9875412 ], [ 43.9063825, 23.8748001 ], [ 43.9577423, 23.7921233 ], [ 43.9890593, 23.7670698 ], [ 44.0141129, 23.7557957 ], [ 44.060462, 23.7269841 ], [ 44.0654727, 23.6756242 ], [ 44.1869825, 23.6743716 ], [ 44.2270682, 23.7119519 ], [ 44.2596379, 23.7395108 ], [ 44.3072397, 23.7758385 ], [ 44.4249914, 23.7821019 ], [ 44.4450343, 23.820935 ], [ 44.4663298, 23.8309564 ], [ 44.4963941, 23.8109135 ], [ 44.5615334, 23.8146716 ], [ 44.5803236, 23.8372198 ], [ 44.6053771, 23.8748001 ], [ 44.6191566, 23.8848216 ], [ 44.6667584, 23.8973483 ], [ 44.699328, 23.9274126 ], [ 44.7055914, 23.9975626 ], [ 44.6667584, 24.0288796 ], [ 44.6730218, 24.1528948 ], [ 44.7030861, 24.1879698 ], [ 44.7193709, 24.2368242 ], [ 44.7531932, 24.2744046 ], [ 44.7769941, 24.3094796 ], [ 44.8784611, 24.3132376 ], [ 44.9248102, 24.3332805 ], [ 45.0049816, 24.3370385 ], [ 45.0513307, 24.3620921 ], [ 45.1089539, 24.3683555 ], [ 45.1277441, 24.4034305 ], [ 45.1565557, 24.4297367 ], [ 45.1816093, 24.4435162 ], [ 45.2066628, 24.4585483 ], [ 45.225453, 24.5712894 ], [ 45.2718021, 24.568784 ], [ 45.3219093, 24.5312037 ], [ 45.3594896, 24.4873599 ], [ 45.3857959, 24.4447689 ], [ 45.4020807, 24.4172099 ], [ 45.4409137, 24.4034305 ], [ 45.4521878, 24.389651 ], [ 45.4872628, 24.428484 ], [ 45.4985369, 24.4460215 ], [ 45.5185798, 24.4735805 ], [ 45.4947789, 24.5061501 ], [ 45.4972843, 24.5412251 ], [ 45.4684727, 24.5938376 ], [ 45.4371557, 24.6276599 ], [ 45.4496825, 24.6514608 ], [ 45.4897682, 24.635176 ], [ 45.5398753, 24.6289126 ], [ 45.571918, 24.6334186 ], [ 45.5719194, 24.6334188 ], [ 45.5625116, 24.6284673 ], [ 45.586978, 24.5825929 ], [ 45.6481439, 24.4908439 ], [ 45.6848435, 24.3593372 ], [ 45.8561082, 24.4205031 ] ] ] ] } },
{ "type": "Feature", "properties": { "shapeName": "Afif", "shapeISO": "None", "shapeID": "SAU-ADM2-3_0_0-B55", "shapeGroup": "SAU", "shapeType": "ADM2" }, "geometry": { "type": "MultiPolygon", "coordinates": [ [ [ [ 43.4072684, 24.3704694 ], [ 43.4307561, 24.3450243 ], [ 43.4327135, 24.2784758 ], [ 43.4503292, 24.2471588 ], [ 43.4659877, 24.2217138 ], [ 43.4836035, 24.2021407 ], [ 43.4933901, 24.1492933 ], [ 43.4266066, 24.070218 ], [ 43.4078165, 24.0489224 ], [ 43.3815102, 24.0251216 ], [ 43.3564566, 24.0063314 ], [ 43.3301504, 24.0013207 ], [ 43.2975808, 24.0013207 ], [ 43.2750325, 23.9988153 ], [ 43.2812959, 23.9737617 ], [ 43.2900647, 23.9562242 ], [ 43.285054, 23.9211492 ], [ 43.2838013, 23.78586 ], [ 43.3138656, 23.7520376 ], [ 43.3790049, 23.7445216 ], [ 43.4028058, 23.7294894 ], [ 43.4082642, 23.7187405 ], [ 43.4065638, 23.7169626 ], [ 43.4195273, 23.6965577 ], [ 43.4654397, 23.6242644 ], [ 43.467945, 23.5954528 ], [ 43.4416388, 23.5453457 ], [ 43.4591763, 23.5077653 ], [ 43.4400855, 23.4749952 ], [ 43.4368786, 23.307437 ], [ 43.4681455, 23.2689547 ], [ 43.4673438, 23.2328775 ], [ 43.4873866, 23.2152398 ], [ 43.5230629, 23.2359341 ], [ 43.608245, 23.1695421 ], [ 43.6383093, 23.1457412 ], [ 43.6996906, 23.1369725 ], [ 43.6896691, 23.119435 ], [ 43.6871638, 23.1044028 ], [ 43.6796477, 23.0768439 ], [ 43.6157611, 23.0542957 ], [ 43.6170138, 23.0342528 ], [ 43.6282879, 23.0204734 ], [ 43.6470781, 22.9954198 ], [ 43.7147227, 22.9415546 ], [ 43.7084593, 22.9102377 ], [ 43.6771424, 22.8764153 ], [ 43.6596049, 22.8501091 ], [ 43.608245, 22.8225502 ], [ 43.6032343, 22.7749484 ], [ 43.6332986, 22.737368 ], [ 43.670879, 22.6997877 ], [ 43.6733843, 22.6747341 ], [ 43.6608575, 22.632143 ], [ 43.6320459, 22.6158582 ], [ 43.5894549, 22.5920573 ], [ 43.5568852, 22.5908046 ], [ 43.534337, 22.6108475 ], [ 43.4198115, 22.6443327 ], [ 43.4047636, 22.6435319 ], [ 43.3915316, 22.6296377 ], [ 43.3189906, 22.4188465 ], [ 43.242105, 22.5077976 ], [ 43.1410742, 22.620634 ], [ 43.0490807, 22.6284633 ], [ 42.9288799, 22.6873674 ], [ 42.8892801, 22.8230831 ], [ 42.8688175, 22.8443019 ], [ 42.8343368, 22.8800494 ], [ 42.739807, 22.9503506 ], [ 42.6492873, 23.0050997 ], [ 42.6231689, 23.0178399 ], [ 42.4403572, 23.2293575 ], [ 42.4246279, 23.3211512 ], [ 42.2071429, 23.6023746 ], [ 42.0586817, 23.5934172 ], [ 42.104238, 23.701347 ], [ 42.1200121, 23.7386976 ], [ 42.1294969, 23.8373827 ], [ 42.1565472, 23.9320319 ], [ 42.1232729, 24.0005377 ], [ 42.1565472, 24.0553424 ], [ 42.1976507, 24.0847021 ], [ 42.1604618, 24.1140617 ], [ 42.142846, 24.1708237 ], [ 42.142846, 24.2765185 ], [ 42.2015653, 24.3156647 ], [ 42.1585045, 24.3567682 ], [ 42.1585045, 24.3880852 ], [ 42.1859069, 24.4409325 ], [ 42.1682911, 24.4683349 ], [ 42.1682151, 24.4685781 ], [ 42.1585045, 24.4996518 ], [ 42.1193583, 24.5564138 ], [ 42.1291449, 24.601432 ], [ 42.1526326, 24.6170905 ], [ 42.1682911, 24.6562367 ], [ 42.1819922, 24.6973402 ], [ 42.2152665, 24.7364864 ], [ 42.2289677, 24.7873764 ], [ 42.2328823, 24.8363092 ], [ 42.2837724, 24.8421811 ], [ 42.3092174, 24.8421811 ], [ 42.3522782, 24.8186934 ], [ 42.3796806, 24.7893337 ], [ 42.3933817, 24.7501875 ], [ 42.4188268, 24.7306144 ], [ 42.4481864, 24.709084 ], [ 42.5382227, 24.6405782 ], [ 42.5538812, 24.626877 ], [ 42.6713198, 24.6229624 ], [ 42.6830636, 24.6033893 ], [ 42.6908929, 24.5838162 ], [ 42.7378683, 24.5622858 ], [ 42.8044169, 24.5113957 ], [ 42.8905385, 24.4448472 ], [ 42.9159836, 24.4350606 ], [ 42.962959, 24.4331033 ], [ 42.9981906, 24.4331033 ], [ 43.0490807, 24.4468045 ], [ 43.0686538, 24.4585483 ], [ 43.1704339, 24.4526764 ], [ 43.1919643, 24.4761641 ], [ 43.3896526, 24.4761641 ], [ 43.4072684, 24.3704694 ] ] ] ] } },
{ "type": "Feature", "properties": { "shapeName": "Tayma", "shapeISO": "None", "shapeID": "SAU-ADM2-3_0_0-B56", "shapeGroup": "SAU", "shapeType": "ADM2" }, "geometry": { "type": "MultiPolygon", "coordinates": [ [ [ [ 38.7919671, 28.580081 ], [ 38.9093696, 28.5688998 ], [ 39.0209363, 28.5649851 ], [ 39.1696918, 28.6530641 ], [ 39.2244965, 28.6530641 ], [ 39.2636427, 28.5806436 ], [ 39.269302, 28.4240691 ], [ 39.1796259, 28.2784197 ], [ 39.1205941, 28.1822197 ], [ 39.0965441, 28.1581697 ], [ 39.1052896, 28.0597834 ], [ 39.1665077, 28.0182425 ], [ 39.2146077, 27.9941925 ], [ 39.5272576, 27.9898198 ], [ 39.6868621, 27.9132971 ], [ 39.7546394, 27.8411471 ], [ 39.9273621, 27.6706108 ], [ 39.9317348, 27.6181381 ], [ 39.9579711, 27.5853426 ], [ 39.9604199, 27.4453279 ], [ 39.9968009, 27.4159432 ], [ 40.0037973, 27.3795621 ], [ 40.01779, 27.3627709 ], [ 40.048574, 27.3431811 ], [ 40.0975486, 27.3319869 ], [ 40.0919515, 27.1360887 ], [ 40.0107937, 27.137488 ], [ 39.9408301, 27.1458837 ], [ 39.8932548, 27.1962575 ], [ 39.8204926, 27.1948582 ], [ 39.7981043, 27.1472829 ], [ 39.7673203, 27.106704 ], [ 39.6525799, 26.9961615 ], [ 39.6525799, 26.9024103 ], [ 39.6287923, 26.8562343 ], [ 39.6203967, 26.8254503 ], [ 39.6189974, 26.7876699 ], [ 39.5700229, 26.7722779 ], [ 39.5364403, 26.7694794 ], [ 39.5028578, 26.7820728 ], [ 39.4133044, 26.824051 ], [ 39.3727255, 26.8534357 ], [ 39.3265495, 26.8520365 ], [ 39.3027619, 26.8450401 ], [ 39.283172, 26.8338459 ], [ 39.2411939, 26.808659 ], [ 39.1964172, 26.8002634 ], [ 39.1180579, 26.8002634 ], [ 39.046695, 26.8030619 ], [ 39.015911, 26.8156554 ], [ 38.9879256, 26.8324466 ], [ 38.9627387, 26.854835 ], [ 38.9165627, 26.8534357 ], [ 38.8969729, 26.8324466 ], [ 38.8507969, 26.808659 ], [ 38.7906282, 26.7960656 ], [ 38.7584449, 26.7988641 ], [ 38.7304595, 26.824051 ], [ 38.6940784, 26.8492379 ], [ 38.6576973, 26.8226517 ], [ 38.6185177, 26.824051 ], [ 38.3022821, 26.8268496 ], [ 38.291088, 26.8506372 ], [ 38.1805454, 26.8562343 ], [ 38.1539593, 26.8800219 ], [ 38.1231753, 26.9080074 ], [ 38.1077833, 26.9373921 ], [ 38.0797978, 26.9681761 ], [ 38.0196291, 26.9793702 ], [ 38.0224277, 27.0423375 ], [ 38.029424, 27.0899128 ], [ 38.0196291, 27.1053048 ], [ 38.0168306, 27.2172465 ], [ 38.0098342, 27.2466313 ], [ 37.9846473, 27.2676204 ], [ 37.9804495, 27.4313352 ], [ 37.9384713, 27.4677163 ], [ 37.7019943, 27.4593207 ], [ 37.7032873, 27.4709574 ], [ 37.7033936, 27.4719141 ], [ 37.6991957, 27.5152916 ], [ 37.6768074, 27.5334821 ], [ 37.6656132, 27.5516726 ], [ 37.6558183, 27.574061 ], [ 37.6348292, 27.5866544 ], [ 37.6376278, 27.7909482 ], [ 37.6642139, 27.8147358 ], [ 37.6600161, 27.9014907 ], [ 37.6250343, 27.9238791 ], [ 37.6194372, 28.1071838 ], [ 37.5830561, 28.1197772 ], [ 37.5858547, 28.2177263 ], [ 37.4907042, 28.2247226 ], [ 37.4739129, 28.2499095 ], [ 37.4431289, 28.2667008 ], [ 37.4375318, 28.3898368 ], [ 37.4039493, 28.4150237 ], [ 37.4081471, 28.5059764 ], [ 37.4011507, 28.5507531 ], [ 37.4053486, 28.5801378 ], [ 37.4291362, 28.5997276 ], [ 37.4361325, 28.6207167 ], [ 37.40255, 28.6529 ], [ 37.40255, 28.7088709 ], [ 37.5060962, 28.7060723 ], [ 37.5382794, 28.6920796 ], [ 37.5746605, 28.7018745 ], [ 37.5802576, 28.7172665 ], [ 37.5662649, 28.7424534 ], [ 37.5732612, 28.7676403 ], [ 37.5886532, 28.781633 ], [ 37.6040452, 28.7928272 ], [ 37.6320307, 28.8012228 ], [ 37.6684118, 28.7774352 ], [ 37.700595, 28.7844316 ], [ 37.7047928, 28.8054207 ], [ 37.700595, 28.8767836 ], [ 37.7117892, 28.9005712 ], [ 37.9034895, 28.8879777 ], [ 37.952464, 28.8306076 ], [ 37.9636582, 28.6584971 ], [ 37.9818488, 28.6459036 ], [ 38.0084349, 28.6179182 ], [ 37.9118851, 28.5843356 ], [ 37.8964931, 28.5395589 ], [ 37.952464, 28.4751924 ], [ 37.9706546, 28.293287 ], [ 38.3302676, 28.2974848 ], [ 38.3442603, 28.3212724 ], [ 38.3442603, 28.3534557 ], [ 38.5415577, 28.370247 ], [ 38.558349, 28.3492579 ], [ 38.5821366, 28.3226717 ], [ 38.5905322, 28.2946863 ], [ 38.6297119, 28.2667008 ], [ 38.7542471, 28.2708986 ], [ 38.7500493, 28.4625989 ], [ 38.7458515, 28.4961815 ], [ 38.764042, 28.5311633 ], [ 38.7919671, 28.580081 ] ] ] ] } },
{ "type": "Feature", "properties": { "shapeName": "Al- 'Ula", "shapeISO": "None", "shapeID": "SAU-ADM2-3_0_0-B57", "shapeGroup": "SAU", "shapeType": "ADM2" }, "geometry": { "type": "MultiPolygon", "coordinates": [ [ [ [ 39.0279999, 26.8107099 ], [ 39.0060833, 26.7829474 ], [ 38.9924186, 26.7522017 ], [ 38.9616728, 26.6907102 ], [ 38.9172623, 26.6599645 ], [ 38.9514243, 26.5779759 ], [ 38.9753376, 26.4857387 ], [ 38.965089, 26.3900853 ], [ 38.9958348, 26.3422586 ], [ 39.0197481, 26.2978481 ], [ 39.0470776, 26.2363566 ], [ 39.1188177, 26.1612004 ], [ 39.1154015, 26.0723794 ], [ 39.0812396, 25.993807 ], [ 38.9855862, 25.9630612 ], [ 38.9104299, 25.9698936 ], [ 38.8660194, 25.9698936 ], [ 38.8694356, 25.9152346 ], [ 38.8728518, 25.8537431 ], [ 38.9104299, 25.7751707 ], [ 38.9275109, 25.7170954 ], [ 38.9582566, 25.6761011 ], [ 38.9582566, 25.6111934 ], [ 38.9001814, 25.5804477 ], [ 38.8796842, 25.5599506 ], [ 38.8626033, 25.5155401 ], [ 38.8607929, 25.5121013 ], [ 38.8284413, 25.4506324 ], [ 38.7908632, 25.3925571 ], [ 38.7567013, 25.4164705 ], [ 38.698626, 25.4438 ], [ 38.6473831, 25.4813781 ], [ 38.5893079, 25.4745458 ], [ 38.5619783, 25.4369676 ], [ 38.5414812, 25.4403838 ], [ 38.5244002, 25.5087077 ], [ 38.5073193, 25.5872801 ], [ 38.4765735, 25.6146096 ], [ 38.4253306, 25.5941125 ], [ 38.2511048, 25.6043611 ], [ 38.1725324, 25.6180258 ], [ 38.0666305, 25.6248582 ], [ 37.988058, 25.6009449 ], [ 37.9265666, 25.6009449 ], [ 37.9254354, 25.6066025 ], [ 37.9129018, 25.6692687 ], [ 37.9060694, 25.7205116 ], [ 37.8411618, 25.7478411 ], [ 37.7737945, 25.7619158 ], [ 37.7147627, 25.7772204 ], [ 37.6972717, 25.8100158 ], [ 37.6316809, 25.8624885 ], [ 37.6338672, 25.9652476 ], [ 37.6098172, 25.9805521 ], [ 37.5639036, 26.0024158 ], [ 37.4808218, 26.0811248 ], [ 37.42179, 26.1685794 ], [ 37.42179, 26.2516612 ], [ 37.4064855, 26.2910157 ], [ 37.3715037, 26.3172521 ], [ 37.34964, 26.3172521 ], [ 37.3037264, 26.286643 ], [ 37.2840491, 26.2997612 ], [ 37.2731173, 26.461552 ], [ 37.2490673, 26.461552 ], [ 37.174731, 26.5380747 ], [ 37.1681719, 26.7720156 ], [ 37.1528673, 26.7698292 ], [ 37.0632265, 26.8113701 ], [ 36.9867038, 26.8791474 ], [ 36.9867038, 26.9797201 ], [ 37.0129401, 27.0037701 ], [ 37.0085674, 27.0343791 ], [ 36.9626538, 27.0628019 ], [ 36.8467765, 27.1436973 ], [ 36.7979163, 27.1941541 ], [ 36.711222, 27.2836245 ], [ 36.7199675, 27.3186063 ], [ 36.7789993, 27.3470291 ], [ 36.7863589, 27.347669 ], [ 36.8292856, 27.3514018 ], [ 36.9189265, 27.3820109 ], [ 36.982331, 27.4366699 ], [ 37.1135128, 27.4738381 ], [ 37.3080991, 27.4825836 ], [ 37.34964, 27.3995018 ], [ 37.4633309, 27.4038745 ], [ 37.5726491, 27.4541608 ], [ 37.7032873, 27.4709574 ], [ 37.7019943, 27.4593207 ], [ 37.9384713, 27.4677163 ], [ 37.9804495, 27.4313352 ], [ 37.9846473, 27.2676204 ], [ 38.0098342, 27.2466313 ], [ 38.0168306, 27.2172465 ], [ 38.0196291, 27.1053048 ], [ 38.029424, 27.0899128 ], [ 38.0224277, 27.0423375 ], [ 38.0196291, 26.9793702 ], [ 38.0797978, 26.9681761 ], [ 38.1077833, 26.9373921 ], [ 38.1231753, 26.9080074 ], [ 38.1539593, 26.8800219 ], [ 38.1805454, 26.8562343 ], [ 38.291088, 26.8506372 ], [ 38.3022821, 26.8268496 ], [ 38.6185177, 26.824051 ], [ 38.6576973, 26.8226517 ], [ 38.6940784, 26.8492379 ], [ 38.7304595, 26.824051 ], [ 38.7584449, 26.7988641 ], [ 38.7906282, 26.7960656 ], [ 38.8507969, 26.808659 ], [ 38.8969729, 26.8324466 ], [ 38.9165627, 26.8534357 ], [ 38.9627387, 26.854835 ], [ 38.9879256, 26.8324466 ], [ 39.015911, 26.8156554 ], [ 39.0279999, 26.8107099 ] ] ] ] } },
{ "type": "Feature", "properties": { "shapeName": "Al Wajh", "shapeISO": "None", "shapeID": "SAU-ADM2-3_0_0-B58", "shapeGroup": "SAU", "shapeType": "ADM2" }, "geometry": { "type": "MultiPolygon", "coordinates": [ [ [ [ 36.8467765, 27.1436973 ], [ 36.9626538, 27.0628019 ], [ 37.0085674, 27.0343791 ], [ 37.0129401, 27.0037701 ], [ 36.9867038, 26.9797201 ], [ 36.9867038, 26.8791474 ], [ 37.0632265, 26.8113701 ], [ 37.1528673, 26.7698292 ], [ 37.1681719, 26.7720156 ], [ 37.174731, 26.5380747 ], [ 37.2490673, 26.461552 ], [ 37.2731173, 26.461552 ], [ 37.2840491, 26.2997612 ], [ 37.3037264, 26.286643 ], [ 37.34964, 26.3172521 ], [ 37.3715037, 26.3172521 ], [ 37.4064855, 26.2910157 ], [ 37.42179, 26.2516612 ], [ 37.42179, 26.1685794 ], [ 37.4808218, 26.0811248 ], [ 37.5639036, 26.0024158 ], [ 37.6098172, 25.9805521 ], [ 37.6338672, 25.9652476 ], [ 37.6316809, 25.8624885 ], [ 37.6972717, 25.8100158 ], [ 37.7134312, 25.7797169 ], [ 37.6819672, 25.7772204 ], [ 37.6382399, 25.7662886 ], [ 37.5813945, 25.7466113 ], [ 37.5092445, 25.7641022 ], [ 37.4851945, 25.7947113 ], [ 37.4239764, 25.8187613 ], [ 37.3693173, 25.8187613 ], [ 37.3518264, 25.799084 ], [ 37.2884219, 25.7903386 ], [ 37.2621855, 25.8100158 ], [ 37.2009673, 25.8428113 ], [ 37.1397492, 25.8537431 ], [ 37.0894628, 25.8559295 ], [ 37.0413628, 25.8887249 ], [ 36.9801447, 25.8821658 ], [ 36.9560947, 25.8624885 ], [ 36.9123674, 25.8734204 ], [ 36.8336583, 25.8799794 ], [ 36.7877447, 25.8515567 ], [ 36.7221538, 25.8515567 ], [ 36.7243402, 25.895284 ], [ 36.7789993, 25.9455703 ], [ 36.7680674, 26.0024158 ], [ 36.7308993, 26.0352112 ], [ 36.6368857, 26.0330249 ], [ 36.5625493, 26.0789385 ], [ 36.5035175, 26.1816975 ], [ 36.4422994, 26.2975748 ], [ 36.392013, 26.3959611 ], [ 36.3307948, 26.5030929 ], [ 36.1558858, 26.7304747 ], [ 36.1565834, 26.7309979 ], [ 36.1733767, 26.7435929 ], [ 36.2367812, 26.7457792 ], [ 36.2673903, 26.732661 ], [ 36.3067448, 26.7064247 ], [ 36.319863, 26.7173565 ], [ 36.3614039, 26.7763883 ], [ 36.3701494, 26.8223019 ], [ 36.4073175, 26.8747746 ], [ 36.4379266, 26.9316201 ], [ 36.4422994, 26.9775337 ], [ 36.4816539, 27.0321928 ], [ 36.5188221, 27.0300064 ], [ 36.5559902, 27.0103291 ], [ 36.6128357, 27.0103291 ], [ 36.6500038, 27.0628019 ], [ 36.6827993, 27.07592 ], [ 36.7243402, 27.045311 ], [ 36.7877447, 27.0147019 ], [ 36.7899311, 27.0715473 ], [ 36.7855584, 27.1524427 ], [ 36.7979118, 27.1941389 ], [ 36.8467765, 27.1436973 ] ] ] ] } },
{ "type": "Feature", "properties": { "shapeName": "Umluj", "shapeISO": "None", "shapeID": "SAU-ADM2-3_0_0-B59", "shapeGroup": "SAU", "shapeType": "ADM2" }, "geometry": { "type": "MultiPolygon", "coordinates": [ [ [ [ 37.7134312, 25.7797169 ], [ 37.7147627, 25.7772204 ], [ 37.7737945, 25.7619158 ], [ 37.8411618, 25.7478411 ], [ 37.9060694, 25.7205116 ], [ 37.9129018, 25.6692687 ], [ 37.9254354, 25.6066025 ], [ 37.8590626, 25.5826341 ], [ 37.8634353, 25.3989796 ], [ 37.8831126, 25.2481205 ], [ 37.933399, 25.2175114 ], [ 37.9268399, 25.1038206 ], [ 37.9115353, 25.0622797 ], [ 37.9924308, 24.9507752 ], [ 38.1301716, 24.8021025 ], [ 38.0973762, 24.7802388 ], [ 38.0536489, 24.7780525 ], [ 37.9574489, 24.8152206 ], [ 37.9268399, 24.7977297 ], [ 37.9049762, 24.7780525 ], [ 37.9006035, 24.745257 ], [ 37.9071626, 24.7299525 ], [ 37.9115353, 24.6949707 ], [ 37.885299, 24.6534298 ], [ 37.765049, 24.642498 ], [ 37.7147627, 24.6709207 ], [ 37.5507854, 24.6687343 ], [ 37.5354809, 24.6534298 ], [ 37.51799, 24.6271934 ], [ 37.5114309, 24.5769071 ], [ 37.4321442, 24.582313 ], [ 37.4152309, 24.5834662 ], [ 37.3583855, 24.6403116 ], [ 37.3080991, 24.7146479 ], [ 37.2315764, 24.7867979 ], [ 37.2359491, 24.8217797 ], [ 37.2840491, 24.865507 ], [ 37.3212173, 24.9267252 ], [ 37.3343355, 25.0447888 ], [ 37.3212173, 25.1300569 ], [ 37.2949809, 25.1584796 ], [ 37.2512537, 25.2153251 ], [ 37.2272037, 25.256866 ], [ 37.2009673, 25.3574387 ], [ 37.1550537, 25.3946069 ], [ 37.0697855, 25.4623841 ], [ 36.9932628, 25.6198022 ], [ 36.9320447, 25.6657159 ], [ 36.8336583, 25.7006977 ], [ 36.711222, 25.8165749 ], [ 36.7221538, 25.8515567 ], [ 36.7877447, 25.8515567 ], [ 36.8336583, 25.8799794 ], [ 36.9123674, 25.8734204 ], [ 36.9560947, 25.8624885 ], [ 36.9801447, 25.8821658 ], [ 37.0413628, 25.8887249 ], [ 37.0894628, 25.8559295 ], [ 37.1397492, 25.8537431 ], [ 37.2009673, 25.8428113 ], [ 37.2621855, 25.8100158 ], [ 37.2884219, 25.7903386 ], [ 37.3518264, 25.799084 ], [ 37.3693173, 25.8187613 ], [ 37.4239764, 25.8187613 ], [ 37.4851945, 25.7947113 ], [ 37.5092445, 25.7641022 ], [ 37.5813945, 25.7466113 ], [ 37.6382399, 25.7662886 ], [ 37.6819672, 25.7772204 ], [ 37.7134312, 25.7797169 ] ] ] ] } },
{ "type": "Feature", "properties": { "shapeName": "Khaybar", "shapeISO": "None", "shapeID": "SAU-ADM2-3_0_0-B60", "shapeGroup": "SAU", "shapeType": "ADM2" }, "geometry": { "type": "MultiPolygon", "coordinates": [ [ [ [ 39.6203967, 26.8254503 ], [ 39.6248044, 26.8416119 ], [ 39.6606258, 26.7960656 ], [ 39.7305894, 26.732661 ], [ 39.7393348, 26.6145974 ], [ 39.8114848, 26.581802 ], [ 39.8355348, 26.5315156 ], [ 39.8770757, 26.4593657 ], [ 39.9404802, 26.4178248 ], [ 39.9229893, 26.3500475 ], [ 39.9186166, 26.3041339 ], [ 39.9579711, 26.2341703 ], [ 39.9742144, 26.2179287 ], [ 39.9973257, 26.1948157 ], [ 40.0126302, 25.9718067 ], [ 40.0213757, 25.7947113 ], [ 40.0629166, 25.7356795 ], [ 40.0651029, 25.6460386 ], [ 40.0497984, 25.5432795 ], [ 40.0082575, 25.4755023 ], [ 40.0016984, 25.431775 ], [ 39.992771, 25.2495898 ], [ 39.9632184, 25.216455 ], [ 39.9614273, 25.1824247 ], [ 39.9551586, 25.1439167 ], [ 39.9220238, 25.1233194 ], [ 39.8253061, 25.1134685 ], [ 39.8315749, 25.0480945 ], [ 39.7850071, 25.0051089 ], [ 39.7626187, 24.9576456 ], [ 39.7250063, 24.9048091 ], [ 39.7214242, 24.8904805 ], [ 39.7196331, 24.8689877 ], [ 39.7600661, 24.8460665 ], [ 39.7581091, 24.7764494 ], [ 39.7405647, 24.7400644 ], [ 39.7200675, 24.6990701 ], [ 39.6790732, 24.7263996 ], [ 39.6278303, 24.7742263 ], [ 39.5936684, 24.822053 ], [ 39.5697551, 24.8903769 ], [ 39.4911826, 24.9484521 ], [ 39.426275, 24.9928626 ], [ 39.3408702, 25.0099436 ], [ 39.2691301, 25.1226779 ], [ 39.1358986, 25.1295103 ], [ 39.1256501, 25.2285799 ], [ 39.0880719, 25.283239 ], [ 39.0914881, 25.4847943 ], [ 38.9070138, 25.4745458 ], [ 38.8607929, 25.5121013 ], [ 38.8626033, 25.5155401 ], [ 38.8796842, 25.5599506 ], [ 38.9001814, 25.5804477 ], [ 38.9582566, 25.6111934 ], [ 38.9582566, 25.6761011 ], [ 38.9275109, 25.7170954 ], [ 38.9104299, 25.7751707 ], [ 38.8728518, 25.8537431 ], [ 38.8694356, 25.9152346 ], [ 38.8660194, 25.9698936 ], [ 38.9104299, 25.9698936 ], [ 38.9855862, 25.9630612 ], [ 39.0812396, 25.993807 ], [ 39.1154015, 26.0723794 ], [ 39.1188177, 26.1612004 ], [ 39.0470776, 26.2363566 ], [ 39.0197481, 26.2978481 ], [ 38.9958348, 26.3422586 ], [ 38.965089, 26.3900853 ], [ 38.9753376, 26.4857387 ], [ 38.9514243, 26.5779759 ], [ 38.9172623, 26.6599645 ], [ 38.9616728, 26.6907102 ], [ 38.9924186, 26.7522017 ], [ 39.0060833, 26.7829474 ], [ 39.0279999, 26.8107099 ], [ 39.046695, 26.8030619 ], [ 39.1180579, 26.8002634 ], [ 39.1964172, 26.8002634 ], [ 39.2411939, 26.808659 ], [ 39.283172, 26.8338459 ], [ 39.3027619, 26.8450401 ], [ 39.3265495, 26.8520365 ], [ 39.3727255, 26.8534357 ], [ 39.4133044, 26.824051 ], [ 39.5028578, 26.7820728 ], [ 39.5364403, 26.7694794 ], [ 39.5700229, 26.7722779 ], [ 39.6189974, 26.7876699 ], [ 39.6203967, 26.8254503 ] ] ] ] } },
{ "type": "Feature", "properties": { "shapeName": "Tabuk", "shapeISO": "None", "shapeID": "SAU-ADM2-3_0_0-B61", "shapeGroup": "SAU", "shapeType": "ADM2" }, "geometry": { "type": "MultiPolygon", "coordinates": [ [ [ [ 38.6048784, 29.3358704 ], [ 38.6551541, 29.3339732 ], [ 38.7052613, 29.315183 ], [ 38.7578738, 29.3064142 ], [ 38.7929488, 29.2826133 ], [ 38.8142443, 29.27635 ], [ 38.8054755, 29.2375169 ], [ 38.7791693, 29.2011892 ], [ 38.7754113, 29.1611035 ], [ 38.8167496, 29.1297866 ], [ 38.82126, 28.7766652 ], [ 38.7734741, 28.7527722 ], [ 38.786059, 28.5806436 ], [ 38.7919671, 28.580081 ], [ 38.764042, 28.5311633 ], [ 38.7458515, 28.4961815 ], [ 38.7500493, 28.4625989 ], [ 38.7542471, 28.2708986 ], [ 38.6297119, 28.2667008 ], [ 38.5905322, 28.2946863 ], [ 38.5821366, 28.3226717 ], [ 38.558349, 28.3492579 ], [ 38.5415577, 28.370247 ], [ 38.3442603, 28.3534557 ], [ 38.3442603, 28.3212724 ], [ 38.3302676, 28.2974848 ], [ 37.9706546, 28.293287 ], [ 37.952464, 28.4751924 ], [ 37.8964931, 28.5395589 ], [ 37.9118851, 28.5843356 ], [ 38.0084349, 28.6179182 ], [ 37.9818488, 28.6459036 ], [ 37.9636582, 28.6584971 ], [ 37.952464, 28.8306076 ], [ 37.9034895, 28.8879777 ], [ 37.7117892, 28.9005712 ], [ 37.700595, 28.8767836 ], [ 37.7047928, 28.8054207 ], [ 37.700595, 28.7844316 ], [ 37.6684118, 28.7774352 ], [ 37.6320307, 28.8012228 ], [ 37.6040452, 28.7928272 ], [ 37.5886532, 28.781633 ], [ 37.5732612, 28.7676403 ], [ 37.5662649, 28.7424534 ], [ 37.5802576, 28.7172665 ], [ 37.5746605, 28.7018745 ], [ 37.5382794, 28.6920796 ], [ 37.5060962, 28.7060723 ], [ 37.40255, 28.7088709 ], [ 37.40255, 28.6529 ], [ 37.4361325, 28.6207167 ], [ 37.4291362, 28.5997276 ], [ 37.4053486, 28.5801378 ], [ 37.4011507, 28.5507531 ], [ 37.4081471, 28.5059764 ], [ 37.4039493, 28.4150237 ], [ 37.4375318, 28.3898368 ], [ 37.4431289, 28.2667008 ], [ 37.4739129, 28.2499095 ], [ 37.4907042, 28.2247226 ], [ 37.5858547, 28.2177263 ], [ 37.5830561, 28.1197772 ], [ 37.6194372, 28.1071838 ], [ 37.6250343, 27.9238791 ], [ 37.6600161, 27.9014907 ], [ 37.6642139, 27.8147358 ], [ 37.6376278, 27.7909482 ], [ 37.6348292, 27.5866544 ], [ 37.6558183, 27.574061 ], [ 37.6656132, 27.5516726 ], [ 37.6768074, 27.5334821 ], [ 37.6991957, 27.5152916 ], [ 37.7033936, 27.4719141 ], [ 37.7032873, 27.4709574 ], [ 37.5726491, 27.4541608 ], [ 37.4633309, 27.4038745 ], [ 37.34964, 27.3995018 ], [ 37.3080991, 27.4825836 ], [ 37.1135128, 27.4738381 ], [ 36.982331, 27.4366699 ], [ 36.9189265, 27.3820109 ], [ 36.8292856, 27.3514018 ], [ 36.7863589, 27.347669 ], [ 36.7565923, 27.4785691 ], [ 36.7242741, 27.4893419 ], [ 36.7108082, 27.5189669 ], [ 36.708115, 27.6563194 ], [ 36.6273194, 27.6536262 ], [ 36.5950012, 27.680558 ], [ 36.4307169, 27.7936718 ], [ 36.3930123, 27.796365 ], [ 36.3472282, 27.7855922 ], [ 36.2879781, 27.7425013 ], [ 36.2664326, 27.7559672 ], [ 36.2179553, 27.7775127 ], [ 36.1721711, 27.8071377 ], [ 36.1075347, 27.8206037 ], [ 36.0779096, 27.796365 ], [ 36.01058, 27.7640468 ], [ 35.9728754, 27.753274 ], [ 35.9728754, 27.7775127 ], [ 35.967489, 27.8313764 ], [ 35.9459436, 27.8717742 ], [ 35.8570684, 27.8933197 ], [ 35.8543753, 28.0010471 ], [ 35.7143296, 28.0602971 ], [ 35.6443068, 28.0683767 ], [ 35.6200681, 28.1491723 ], [ 35.5177271, 28.2272746 ], [ 35.4369315, 28.262286 ], [ 35.3884542, 28.2595929 ], [ 35.3292041, 28.2245814 ], [ 35.2699541, 28.1976496 ], [ 35.1352948, 28.2111155 ], [ 35.0814311, 28.1707177 ], [ 35.0616616, 28.1144622 ], [ 35.0484441, 28.0768341 ], [ 35.0464197, 28.0710699 ], [ 34.9440786, 28.0602971 ], [ 34.9440507, 28.0609053 ], [ 34.9333059, 28.2946043 ], [ 34.9979423, 28.3861726 ], [ 34.9602378, 28.4400363 ], [ 34.91984, 28.4992863 ], [ 34.8929081, 28.5827751 ], [ 34.8875218, 28.6339456 ], [ 34.9171468, 28.6797297 ], [ 34.9225332, 28.7497526 ], [ 34.9117604, 28.8467072 ], [ 34.9144536, 28.9275028 ], [ 35.1729994, 28.9382755 ], [ 35.3049655, 28.9975256 ], [ 35.3749883, 28.9248096 ], [ 35.3911474, 28.8790255 ], [ 35.4746361, 28.7901503 ], [ 35.5904431, 28.7874572 ], [ 35.647, 28.7739912 ], [ 35.7897388, 28.784764 ], [ 35.8436025, 28.7739912 ], [ 35.908239, 28.771298 ], [ 35.9540231, 28.8224686 ], [ 35.9432504, 28.8844118 ], [ 35.9594095, 28.9463551 ], [ 35.9324776, 28.9894461 ], [ 35.9001594, 29.0406166 ], [ 35.835523, 29.0944803 ], [ 35.827688, 29.188501 ], [ 35.8274434, 29.1914349 ], [ 35.9647959, 29.2022077 ], [ 36.0213527, 29.1725826 ], [ 36.0886824, 29.1887418 ], [ 36.1694779, 29.2399123 ], [ 36.2152621, 29.2883896 ], [ 36.3041372, 29.3395601 ], [ 36.3714668, 29.3988102 ], [ 36.4576488, 29.4445944 ], [ 36.5465239, 29.5307763 ], [ 36.6434785, 29.7031401 ], [ 36.7269673, 29.832413 ], [ 36.7592855, 29.8593449 ], [ 36.8454674, 29.9024359 ], [ 36.9666608, 29.905129 ], [ 37.0609223, 29.9266745 ], [ 37.2278997, 29.9509132 ], [ 37.2952294, 29.9670723 ], [ 37.4110648, 29.970506 ], [ 37.4456589, 29.993804 ], [ 37.5130694, 30.0137521 ], [ 37.5791033, 29.9352589 ], [ 37.6492533, 29.8926678 ], [ 37.7194033, 29.8513294 ], [ 37.7406988, 29.8312865 ], [ 37.7344354, 29.8012223 ], [ 37.7018658, 29.7774214 ], [ 37.7131399, 29.7298196 ], [ 37.7469622, 29.7135348 ], [ 37.7482149, 29.6158258 ], [ 37.7857952, 29.5945303 ], [ 37.8158595, 29.5719821 ], [ 37.8885149, 29.5794982 ], [ 37.8985363, 29.599541 ], [ 37.9498961, 29.6058044 ], [ 37.973697, 29.6283526 ], [ 38.0989649, 29.630858 ], [ 38.1227657, 29.6058044 ], [ 38.1553354, 29.5945303 ], [ 38.1904104, 29.5694767 ], [ 38.2129586, 29.5556973 ], [ 38.2142113, 29.5318964 ], [ 38.2405175, 29.5080955 ], [ 38.2780979, 29.4805366 ], [ 38.2575853, 29.4320736 ], [ 38.2536707, 29.3948847 ], [ 38.2654145, 29.3694396 ], [ 38.2849876, 29.3537811 ], [ 38.281073, 29.3322507 ], [ 38.2575853, 29.2950618 ], [ 38.2614999, 29.2500437 ], [ 38.2262683, 29.2363425 ], [ 38.2164818, 29.1560928 ], [ 38.1969087, 29.138477 ], [ 38.1949513, 29.0954162 ], [ 38.2262683, 29.0699712 ], [ 38.2575853, 29.0366969 ], [ 38.3456642, 29.0288677 ], [ 38.3730666, 29.0601846 ], [ 38.4180847, 29.087587 ], [ 38.4435297, 29.1423916 ], [ 38.451359, 29.1756659 ], [ 38.4689748, 29.2050256 ], [ 38.5687976, 29.2735314 ], [ 38.6040292, 29.2989765 ], [ 38.6059865, 29.334208 ], [ 38.6048784, 29.3358704 ] ] ] ] } },
{ "type": "Feature", "properties": { "shapeName": "Haql", "shapeISO": "None", "shapeID": "SAU-ADM2-3_0_0-B62", "shapeGroup": "SAU", "shapeType": "ADM2" }, "geometry": { "type": "MultiPolygon", "coordinates": [ [ [ [ 35.835523, 29.0944803 ], [ 35.9001594, 29.0406166 ], [ 35.9324776, 28.9894461 ], [ 35.9594095, 28.9463551 ], [ 35.9432504, 28.8844118 ], [ 35.9540231, 28.8224686 ], [ 35.908239, 28.771298 ], [ 35.8436025, 28.7739912 ], [ 35.7897388, 28.784764 ], [ 35.647, 28.7739912 ], [ 35.5904431, 28.7874572 ], [ 35.4746361, 28.7901503 ], [ 35.3911474, 28.8790255 ], [ 35.3749883, 28.9248096 ], [ 35.3049655, 28.9975256 ], [ 35.1729994, 28.9382755 ], [ 34.9144536, 28.9275028 ], [ 34.9117604, 28.8467072 ], [ 34.9225332, 28.7497526 ], [ 34.9171468, 28.6797297 ], [ 34.8875218, 28.6339456 ], [ 34.8929081, 28.5827751 ], [ 34.91984, 28.4992863 ], [ 34.9602378, 28.4400363 ], [ 34.9979423, 28.3861726 ], [ 34.9333059, 28.2946043 ], [ 34.9440507, 28.0609053 ], [ 34.9002336, 28.0625594 ], [ 34.874379, 28.069454 ], [ 34.8106044, 28.0763485 ], [ 34.6985679, 28.088414 ], [ 34.5951496, 28.0953085 ], [ 34.7950916, 28.4727854 ], [ 34.7968153, 28.6623856 ], [ 34.831288, 28.7261603 ], [ 34.8330117, 28.8692223 ], [ 34.8502481, 28.9554042 ], [ 34.8864445, 29.0881244 ], [ 34.9088518, 29.1967136 ], [ 34.9347064, 29.294961 ], [ 34.9709028, 29.3742484 ], [ 35.0553611, 29.3604593 ], [ 35.2001467, 29.3346047 ], [ 35.3587214, 29.3156447 ], [ 35.4845471, 29.2932373 ], [ 35.5793472, 29.2656591 ], [ 35.6741473, 29.2380809 ], [ 35.827688, 29.188501 ], [ 35.835523, 29.0944803 ] ] ] ] } },
{ "type": "Feature", "properties": { "shapeName": "Duba", "shapeISO": "None", "shapeID": "SAU-ADM2-3_0_0-B63", "shapeGroup": "SAU", "shapeType": "ADM2" }, "geometry": { "type": "MultiPolygon", "coordinates": [ [ [ [ 36.7863589, 27.347669 ], [ 36.7789993, 27.3470291 ], [ 36.7199675, 27.3186063 ], [ 36.711222, 27.2836245 ], [ 36.7979163, 27.1941541 ], [ 36.7979118, 27.1941389 ], [ 36.7855584, 27.1524427 ], [ 36.7899311, 27.0715473 ], [ 36.7877447, 27.0147019 ], [ 36.7243402, 27.045311 ], [ 36.6827993, 27.07592 ], [ 36.6500038, 27.0628019 ], [ 36.6128357, 27.0103291 ], [ 36.5559902, 27.0103291 ], [ 36.5188221, 27.0300064 ], [ 36.4816539, 27.0321928 ], [ 36.4422994, 26.9775337 ], [ 36.4379266, 26.9316201 ], [ 36.4073175, 26.8747746 ], [ 36.3701494, 26.8223019 ], [ 36.3614039, 26.7763883 ], [ 36.319863, 26.7173565 ], [ 36.3067448, 26.7064247 ], [ 36.2673903, 26.732661 ], [ 36.2367812, 26.7457792 ], [ 36.1733767, 26.7435929 ], [ 36.1565834, 26.7309979 ], [ 35.865148, 27.0880573 ], [ 35.8489889, 27.214637 ], [ 35.603909, 27.4947282 ], [ 35.501568, 27.6832512 ], [ 35.2861132, 27.9148651 ], [ 35.2133972, 28.0252857 ], [ 35.0484441, 28.0768341 ], [ 35.0616616, 28.1144622 ], [ 35.0814311, 28.1707177 ], [ 35.1352948, 28.2111155 ], [ 35.2699541, 28.1976496 ], [ 35.3292041, 28.2245814 ], [ 35.3884542, 28.2595929 ], [ 35.4369315, 28.262286 ], [ 35.5177271, 28.2272746 ], [ 35.6200681, 28.1491723 ], [ 35.6443068, 28.0683767 ], [ 35.7143296, 28.0602971 ], [ 35.8543753, 28.0010471 ], [ 35.8570684, 27.8933197 ], [ 35.9459436, 27.8717742 ], [ 35.967489, 27.8313764 ], [ 35.9728754, 27.7775127 ], [ 35.9728754, 27.753274 ], [ 36.01058, 27.7640468 ], [ 36.0779096, 27.796365 ], [ 36.1075347, 27.8206037 ], [ 36.1721711, 27.8071377 ], [ 36.2179553, 27.7775127 ], [ 36.2664326, 27.7559672 ], [ 36.2879781, 27.7425013 ], [ 36.3472282, 27.7855922 ], [ 36.3930123, 27.796365 ], [ 36.4307169, 27.7936718 ], [ 36.5950012, 27.680558 ], [ 36.6273194, 27.6536262 ], [ 36.708115, 27.6563194 ], [ 36.7108082, 27.5189669 ], [ 36.7242741, 27.4893419 ], [ 36.7565923, 27.4785691 ], [ 36.7863589, 27.347669 ] ] ] ] } },
{ "type": "Feature", "properties": { "shapeName": "Ha'il", "shapeISO": "None", "shapeID": "SAU-ADM2-3_0_0-B64", "shapeGroup": "SAU", "shapeType": "ADM2" }, "geometry": { "type": "MultiPolygon", "coordinates": [ [ [ [ 41.9637052, 28.8377928 ], [ 41.9646127, 28.8241784 ], [ 41.9367663, 28.7777677 ], [ 41.9336722, 28.5054912 ], [ 41.9553306, 28.4621745 ], [ 41.9429544, 28.1496753 ], [ 42.0852807, 28.0166311 ], [ 42.0821866, 27.9764085 ], [ 42.0481521, 27.9423739 ], [ 42.0110235, 27.9299977 ], [ 41.921296, 27.9361858 ], [ 41.921296, 27.8588345 ], [ 41.7758756, 27.6762855 ], [ 41.7727816, 27.5679938 ], [ 41.8075692, 27.5358829 ], [ 41.8099102, 27.4071031 ], [ 41.7016184, 27.3111875 ], [ 41.7078065, 27.1224504 ], [ 41.8532269, 26.9058669 ], [ 41.9027762, 26.8685204 ], [ 41.9121376, 26.8560391 ], [ 41.7738281, 26.8392743 ], [ 41.6812499, 26.8182338 ], [ 41.6307527, 26.7551122 ], [ 41.5970878, 26.8308581 ], [ 41.5171339, 26.9023958 ], [ 41.5171339, 26.8434824 ], [ 41.3782665, 26.9571011 ], [ 41.3908908, 27.0496794 ], [ 41.357226, 27.1043847 ], [ 41.3319774, 27.1212171 ], [ 41.2604397, 27.0665118 ], [ 41.1762776, 27.0454713 ], [ 40.9658725, 27.032847 ], [ 40.8732943, 26.9865578 ], [ 40.86067, 26.9360606 ], [ 40.8396295, 26.7298636 ], [ 40.8312133, 26.7256555 ], [ 40.7344269, 26.704615 ], [ 40.6923459, 26.7382798 ], [ 40.5113975, 26.7340717 ], [ 40.4440679, 26.704615 ], [ 40.3514897, 26.5026261 ], [ 40.326241, 26.414256 ], [ 40.2673276, 26.3469263 ], [ 40.1663332, 26.2964291 ], [ 40.0863792, 26.2459319 ], [ 40.0274658, 26.2669724 ], [ 39.9853848, 26.2248914 ], [ 39.9742144, 26.2179287 ], [ 39.9579711, 26.2341703 ], [ 39.9186166, 26.3041339 ], [ 39.9229893, 26.3500475 ], [ 39.9404802, 26.4178248 ], [ 39.8770757, 26.4593657 ], [ 39.8355348, 26.5315156 ], [ 39.8114848, 26.581802 ], [ 39.7393348, 26.6145974 ], [ 39.7305894, 26.732661 ], [ 39.6606258, 26.7960656 ], [ 39.6248044, 26.8416119 ], [ 39.6287923, 26.8562343 ], [ 39.6525799, 26.9024103 ], [ 39.6525799, 26.9961615 ], [ 39.7673203, 27.106704 ], [ 39.7981043, 27.1472829 ], [ 39.8204926, 27.1948582 ], [ 39.8932548, 27.1962575 ], [ 39.9408301, 27.1458837 ], [ 40.0107937, 27.137488 ], [ 40.0919515, 27.1360887 ], [ 40.0975486, 27.3319869 ], [ 40.048574, 27.3431811 ], [ 40.01779, 27.3627709 ], [ 40.0037973, 27.3795621 ], [ 39.9968009, 27.4159432 ], [ 39.9604199, 27.4453279 ], [ 39.9579711, 27.5853426 ], [ 39.9317348, 27.6181381 ], [ 39.9273621, 27.6706108 ], [ 39.7546394, 27.8411471 ], [ 39.6868621, 27.9132971 ], [ 39.5272576, 27.9898198 ], [ 39.2146077, 27.9941925 ], [ 39.1665077, 28.0182425 ], [ 39.1052896, 28.0597834 ], [ 39.0965441, 28.1581697 ], [ 39.1205941, 28.1822197 ], [ 39.1796259, 28.2784197 ], [ 39.269302, 28.4240691 ], [ 39.2695146, 28.4181869 ], [ 39.4965626, 28.4142722 ], [ 39.5631112, 28.43776 ], [ 39.6453182, 28.4436319 ], [ 39.7627568, 28.519967 ], [ 39.9702317, 28.6667653 ], [ 40.3323341, 28.8311793 ], [ 40.5202359, 28.8781548 ], [ 40.6259306, 28.8996852 ], [ 40.7244877, 28.9324161 ], [ 40.817747, 28.9251302 ], [ 40.849064, 28.9466606 ], [ 41.1857213, 28.9525326 ], [ 41.2659711, 28.9212156 ], [ 41.411645, 28.9200755 ], [ 41.4755016, 28.9132337 ], [ 41.524325, 28.8985867 ], [ 41.5536191, 28.888822 ], [ 41.6170896, 28.8790573 ], [ 41.6463836, 28.8448809 ], [ 41.7122952, 28.8473221 ], [ 41.8123833, 28.8522044 ], [ 41.9637052, 28.8377928 ] ] ] ] } },
{ "type": "Feature", "properties": { "shapeName": "Buraridah", "shapeISO": "None", "shapeID": "SAU-ADM2-3_0_0-B65", "shapeGroup": "SAU", "shapeType": "ADM2" }, "geometry": { "type": "MultiPolygon", "coordinates": [ [ [ [ 43.6069996, 26.2020665 ], [ 43.6107488, 26.1966129 ], [ 43.6322943, 26.153522 ], [ 43.6753852, 26.1265901 ], [ 43.7184762, 26.1265901 ], [ 43.7561808, 26.153522 ], [ 43.7992718, 26.1966129 ], [ 43.8252429, 26.2096918 ], [ 43.7427149, 26.3797495 ], [ 43.7292489, 26.4201473 ], [ 43.7615672, 26.4470792 ], [ 43.8046581, 26.474011 ], [ 43.8127377, 26.5117156 ], [ 43.8019649, 26.5628861 ], [ 43.7858058, 26.5844316 ], [ 43.7427149, 26.6221362 ], [ 43.758874, 26.6813863 ], [ 43.6915443, 26.7325568 ], [ 43.6215215, 26.8025796 ], [ 43.5757374, 26.7945001 ], [ 43.5541919, 26.7244773 ], [ 43.5030214, 26.7217841 ], [ 43.454544, 26.7541023 ], [ 43.4276122, 26.7433296 ], [ 43.3872144, 26.7190909 ], [ 43.3414303, 26.692159 ], [ 43.309112, 26.7298636 ], [ 43.309112, 26.8214319 ], [ 43.309112, 26.8752956 ], [ 43.3010325, 26.9130002 ], [ 43.2741006, 26.9507048 ], [ 43.2606347, 26.9776367 ], [ 43.2444756, 26.9668639 ], [ 43.1959983, 26.9695571 ], [ 43.1840268, 27.0294165 ], [ 43.1840401, 27.0294705 ], [ 43.2245944, 27.0814307 ], [ 43.2283964, 27.1612721 ], [ 43.2283964, 27.1853512 ], [ 43.2550102, 27.2081631 ], [ 43.281624, 27.2373115 ], [ 43.2917625, 27.2474501 ], [ 43.2600795, 27.2702619 ], [ 43.2524755, 27.2880044 ], [ 43.27402, 27.3272914 ], [ 43.2930299, 27.3589745 ], [ 43.2976038, 27.3891641 ], [ 43.3662178, 27.4296278 ], [ 43.4969105, 27.4751722 ], [ 43.5206728, 27.4850732 ], [ 43.6276032, 27.4870534 ], [ 43.6790882, 27.5088355 ], [ 43.7424544, 27.5187365 ], [ 43.7503751, 27.5583403 ], [ 43.7860186, 27.5781422 ], [ 43.780078, 27.5979442 ], [ 43.728593, 27.6157659 ], [ 43.7167119, 27.6454688 ], [ 43.7325534, 27.9226957 ], [ 43.677108, 27.9642798 ], [ 43.615722, 27.9722006 ], [ 43.5701776, 28.0296261 ], [ 43.564237, 28.1187348 ], [ 43.4870095, 28.2177444 ], [ 43.3998811, 28.2256652 ], [ 43.4058216, 28.3108135 ], [ 43.4295839, 28.3444768 ], [ 43.4368831, 28.4649189 ], [ 43.4479681, 28.4372053 ], [ 43.5114385, 28.4054701 ], [ 43.5212032, 28.4225583 ], [ 43.5822325, 28.4664994 ], [ 43.6334971, 28.4713817 ], [ 43.66035, 28.4762641 ], [ 43.6774382, 28.4957934 ], [ 43.7335851, 28.4811464 ], [ 43.7726439, 28.4664994 ], [ 43.845879, 28.4640582 ], [ 43.9410847, 28.44697 ], [ 43.9435259, 28.4103524 ], [ 43.9484082, 28.3834995 ], [ 43.945967, 28.3297938 ], [ 43.9142318, 28.3029409 ], [ 43.9288788, 28.1979705 ], [ 43.9679376, 28.1515883 ], [ 44.0045552, 28.1345001 ], [ 43.9972316, 28.1076472 ], [ 43.9654964, 28.0734708 ], [ 43.9825846, 27.990471 ], [ 44.0338492, 27.9587357 ], [ 44.0851138, 27.9587357 ], [ 44.1412607, 27.9685004 ], [ 44.258437, 27.9685004 ], [ 44.3048192, 27.9562946 ], [ 44.4830247, 27.8757359 ], [ 44.4830247, 27.819589 ], [ 44.5098776, 27.7878537 ], [ 44.5806716, 27.7756479 ], [ 44.6661126, 27.748795 ], [ 44.6661126, 27.6950892 ], [ 44.6954067, 27.6218541 ], [ 44.7160757, 27.5299919 ], [ 44.7068752, 27.5162737 ], [ 44.6826365, 27.4974214 ], [ 44.6503183, 27.4516373 ], [ 44.6099205, 27.4004668 ], [ 44.5964546, 27.3546826 ], [ 44.5964546, 27.3196712 ], [ 44.6260796, 27.2685007 ], [ 44.6476251, 27.2065574 ], [ 44.6934093, 27.1661596 ], [ 44.7445798, 27.1553869 ], [ 44.7795912, 27.1230687 ], [ 44.7930571, 27.0799777 ], [ 44.7957503, 27.0476595 ], [ 44.7854954, 27.0412504 ], [ 44.7742048, 27.0341936 ], [ 44.7230343, 27.0772845 ], [ 44.7095684, 27.0799777 ], [ 44.6691706, 27.0503527 ], [ 44.6206933, 27.026114 ], [ 44.5749091, 27.026114 ], [ 44.5210454, 27.0611254 ], [ 44.4833408, 27.0907504 ], [ 44.4348635, 27.0638186 ], [ 44.3271361, 27.0853641 ], [ 44.1655449, 27.2119438 ], [ 44.0928289, 27.2685007 ], [ 44.0281925, 27.2954325 ], [ 43.9447038, 27.3546826 ], [ 43.8881469, 27.3762281 ], [ 43.8235104, 27.389694 ], [ 43.7696467, 27.346603 ], [ 43.7992718, 27.3223644 ], [ 43.8046581, 27.2119438 ], [ 43.8288968, 27.1742392 ], [ 43.8746809, 27.0826709 ], [ 43.8881469, 27.0045685 ], [ 43.9312378, 26.9695571 ], [ 43.9554765, 26.9372389 ], [ 43.9958743, 26.8591365 ], [ 43.9096923, 26.778341 ], [ 43.9851015, 26.7163977 ], [ 44.049738, 26.764875 ], [ 44.1763177, 26.6652272 ], [ 44.2651928, 26.5548066 ], [ 44.2630183, 26.5520607 ], [ 44.4147184, 26.5854012 ], [ 44.4835716, 26.6357818 ], [ 44.4853876, 26.633663 ], [ 44.4612567, 26.2406735 ], [ 44.4750458, 26.2234371 ], [ 44.5077949, 26.2027534 ], [ 44.6250024, 26.2010298 ], [ 44.6284496, 26.1372551 ], [ 44.6922243, 26.1303606 ], [ 44.6948008, 26.1312268 ], [ 44.6922243, 26.0441787 ], [ 44.6991188, 25.9752331 ], [ 44.7542752, 25.880433 ], [ 44.7525516, 25.8683675 ], [ 44.7387625, 25.7873565 ], [ 44.7365712, 25.7834617 ], [ 44.707737, 25.7322001 ], [ 44.6680933, 25.6856618 ], [ 44.6043187, 25.6787673 ], [ 44.4991767, 25.6977273 ], [ 44.4940058, 25.7839092 ], [ 44.4806105, 25.7983042 ], [ 44.4681512, 25.6408472 ], [ 44.4632028, 25.6408472 ], [ 44.464704, 25.594309 ], [ 44.4543621, 25.5477708 ], [ 44.4095475, 25.5339816 ], [ 44.3578384, 25.5150216 ], [ 44.3113001, 25.5046798 ], [ 44.2716564, 25.4908907 ], [ 44.2409032, 25.4853991 ], [ 44.2423546, 25.4822725 ], [ 44.1303181, 25.432287 ], [ 44.1061871, 25.3995378 ], [ 44.0768853, 25.3529996 ], [ 44.0010452, 25.3529996 ], [ 43.9820852, 25.327145 ], [ 43.9648488, 25.346105 ], [ 43.9424415, 25.3598942 ], [ 43.8073915, 25.3583053 ], [ 43.7959322, 25.3581705 ], [ 43.7976558, 25.4719307 ], [ 43.8034956, 25.4763689 ], [ 43.8208172, 25.5098507 ], [ 43.7750331, 25.5610212 ], [ 43.7292489, 25.601419 ], [ 43.7265558, 25.6660555 ], [ 43.7077035, 25.7091464 ], [ 43.6834648, 25.7387715 ], [ 43.6592261, 25.7576237 ], [ 43.672692, 25.8141806 ], [ 43.686158, 25.8545784 ], [ 43.6753852, 25.8895898 ], [ 43.6322943, 25.9272944 ], [ 43.6188283, 26.0027036 ], [ 43.6053624, 26.0673401 ], [ 43.6269079, 26.1373629 ], [ 43.6069996, 26.2020663 ], [ 43.6069996, 26.2020665 ] ] ] ] } },
{ "type": "Feature", "properties": { "shapeName": "Asyah", "shapeISO": "None", "shapeID": "SAU-ADM2-3_0_0-B66", "shapeGroup": "SAU", "shapeType": "ADM2" }, "geometry": { "type": "MultiPolygon", "coordinates": [ [ [ [ 44.7854954, 27.0412504 ], [ 44.7870244, 26.9663253 ], [ 44.7802106, 26.9661591 ], [ 44.645686, 26.962878 ], [ 44.6508569, 26.8835906 ], [ 44.5439913, 26.8922088 ], [ 44.6060423, 26.8249869 ], [ 44.5009004, 26.781896 ], [ 44.4853876, 26.6371103 ], [ 44.4835716, 26.6357818 ], [ 44.4147184, 26.5854012 ], [ 44.2630183, 26.5520607 ], [ 44.2651928, 26.5548066 ], [ 44.1763177, 26.6652272 ], [ 44.049738, 26.764875 ], [ 43.9851015, 26.7163977 ], [ 43.9096923, 26.778341 ], [ 43.9958743, 26.8591365 ], [ 43.9554765, 26.9372389 ], [ 43.9312378, 26.9695571 ], [ 43.8881469, 27.0045685 ], [ 43.8746809, 27.0826709 ], [ 43.8288968, 27.1742392 ], [ 43.8046581, 27.2119438 ], [ 43.7992718, 27.3223644 ], [ 43.7696467, 27.346603 ], [ 43.8235104, 27.389694 ], [ 43.8881469, 27.3762281 ], [ 43.9447038, 27.3546826 ], [ 44.0281925, 27.2954325 ], [ 44.0928289, 27.2685007 ], [ 44.1655449, 27.2119438 ], [ 44.3271361, 27.0853641 ], [ 44.4348635, 27.0638186 ], [ 44.4833408, 27.0907504 ], [ 44.5210454, 27.0611254 ], [ 44.5749091, 27.026114 ], [ 44.6206933, 27.026114 ], [ 44.6691706, 27.0503527 ], [ 44.7095684, 27.0799777 ], [ 44.7230343, 27.0772845 ], [ 44.7742048, 27.0341936 ], [ 44.7854954, 27.0412504 ] ] ] ] } },
{ "type": "Feature", "properties": { "shapeName": "Az-Zulfi", "shapeISO": "None", "shapeID": "SAU-ADM2-3_0_0-B67", "shapeGroup": "SAU", "shapeType": "ADM2" }, "geometry": { "type": "MultiPolygon", "coordinates": [ [ [ [ 45.1269065, 26.2511786 ], [ 45.0645302, 26.2199898 ], [ 44.9180209, 26.2217134 ], [ 44.8921663, 26.1975825 ], [ 44.6922243, 26.1303606 ], [ 44.6284496, 26.1372551 ], [ 44.6250024, 26.2010298 ], [ 44.5077949, 26.2027534 ], [ 44.4750458, 26.2234371 ], [ 44.4612567, 26.2406735 ], [ 44.4853876, 26.633663 ], [ 44.4835716, 26.6357818 ], [ 44.4853876, 26.6371103 ], [ 44.5009004, 26.781896 ], [ 44.6060423, 26.8249869 ], [ 44.5439913, 26.8922088 ], [ 44.6508569, 26.8835906 ], [ 44.645686, 26.962878 ], [ 44.7802106, 26.9661591 ], [ 45.0059265, 26.5009429 ], [ 45.0662538, 26.4544046 ], [ 45.136923, 26.3630518 ], [ 45.136923, 26.2561862 ], [ 45.1269065, 26.2511786 ] ] ] ] } },
{ "type": "Feature", "properties": { "shapeName": "Al-Ghat", "shapeISO": "None", "shapeID": "SAU-ADM2-3_0_0-B68", "shapeGroup": "SAU", "shapeType": "ADM2" }, "geometry": { "type": "MultiPolygon", "coordinates": [ [ [ [ 44.9438755, 25.8045929 ], [ 44.937137, 25.8018184 ], [ 44.9145736, 25.7925274 ], [ 44.8404572, 25.780462 ], [ 44.7353152, 25.7770147 ], [ 44.7365712, 25.7834617 ], [ 44.7387625, 25.7873565 ], [ 44.7525516, 25.8683675 ], [ 44.7542752, 25.880433 ], [ 44.6991188, 25.9752331 ], [ 44.6922243, 26.0441787 ], [ 44.6948008, 26.1312268 ], [ 44.8921663, 26.1975825 ], [ 44.9180209, 26.2217134 ], [ 45.0645302, 26.2199898 ], [ 45.1269065, 26.2511786 ], [ 45.1541594, 26.209648 ], [ 45.1748431, 26.1372551 ], [ 45.198974, 26.0769278 ], [ 45.1938031, 26.0183241 ], [ 45.1748431, 25.9769568 ], [ 45.0610829, 25.9442076 ], [ 44.9766246, 25.8700912 ], [ 44.9438755, 25.8045929 ] ] ] ] } },
{ "type": "Feature", "properties": { "shapeName": "Al-Majmaah", "shapeISO": "None", "shapeID": "SAU-ADM2-3_0_0-B69", "shapeGroup": "SAU", "shapeType": "ADM2" }, "geometry": { "type": "MultiPolygon", "coordinates": [ [ [ [ 45.7128978, 27.0629798 ], [ 45.7568358, 27.0117167 ], [ 45.8721904, 26.9554813 ], [ 45.9702418, 26.8819428 ], [ 46.072619, 26.7795656 ], [ 46.1173189, 26.8069623 ], [ 46.1461575, 26.8386848 ], [ 46.1663446, 26.877617 ], [ 46.1764381, 26.8905944 ], [ 46.1836478, 26.897804 ], [ 46.2168122, 26.8516622 ], [ 46.221138, 26.8170558 ], [ 46.2413251, 26.7939849 ], [ 46.262954, 26.7723559 ], [ 46.2932346, 26.7665882 ], [ 46.3379345, 26.7651463 ], [ 46.3817693, 26.730886 ], [ 46.4048402, 26.7207348 ], [ 46.4528277, 26.7013552 ], [ 46.4980467, 26.6893583 ], [ 46.5220404, 26.6847441 ], [ 46.5432657, 26.6792071 ], [ 46.5700279, 26.6598275 ], [ 46.5949445, 26.6533677 ], [ 46.6300123, 26.6247597 ], [ 46.6381296, 26.6063602 ], [ 46.6331299, 26.5771071 ], [ 46.5416577, 26.5003885 ], [ 46.5996098, 26.4667503 ], [ 46.5788367, 26.2797929 ], [ 46.6071636, 26.2571314 ], [ 46.5977213, 26.0342933 ], [ 46.5523983, 26.0305163 ], [ 46.5316253, 26.0550663 ], [ 46.497633, 26.0569548 ], [ 46.4617523, 26.0399586 ], [ 46.4491258, 26.0224771 ], [ 46.3443318, 26.0457946 ], [ 46.2662294, 26.0592605 ], [ 46.2150589, 26.0484878 ], [ 46.1342634, 26.0215559 ], [ 46.1046383, 25.9057489 ], [ 46.0534678, 25.8788171 ], [ 46.0211496, 25.8087943 ], [ 46.0507746, 25.7603169 ], [ 46.099252, 25.7226123 ], [ 46.1504225, 25.6822146 ], [ 46.1315702, 25.6472032 ], [ 45.9915245, 25.571794 ], [ 45.7706834, 25.4883052 ], [ 45.7033537, 25.4452143 ], [ 45.6360241, 25.4479074 ], [ 45.5794672, 25.4586802 ], [ 45.5390694, 25.4963848 ], [ 45.4071033, 25.4909984 ], [ 45.3936374, 25.5394757 ], [ 45.3613192, 25.5879531 ], [ 45.3397737, 25.5906463 ], [ 45.2805236, 25.601419 ], [ 45.2266599, 25.5852599 ], [ 45.1647167, 25.5664076 ], [ 45.1081598, 25.5906463 ], [ 45.0462165, 25.6391236 ], [ 44.995046, 25.70376 ], [ 44.9708073, 25.7576237 ], [ 44.9371371, 25.8018183 ], [ 44.9438755, 25.8045929 ], [ 44.9766246, 25.8700912 ], [ 45.0610829, 25.9442076 ], [ 45.1748431, 25.9769568 ], [ 45.1938031, 26.0183241 ], [ 45.198974, 26.0769278 ], [ 45.1748431, 26.1372551 ], [ 45.1541594, 26.209648 ], [ 45.1269065, 26.2511786 ], [ 45.136923, 26.2561862 ], [ 45.136923, 26.3630518 ], [ 45.0662538, 26.4544046 ], [ 45.0059265, 26.5009429 ], [ 44.7802106, 26.9661591 ], [ 44.7870244, 26.9663253 ], [ 44.7854954, 27.0412504 ], [ 44.7957503, 27.0476595 ], [ 44.7930571, 27.0799777 ], [ 44.7795912, 27.1230687 ], [ 44.7445798, 27.1553869 ], [ 44.6934093, 27.1661596 ], [ 44.6476251, 27.2065574 ], [ 44.6260796, 27.2685007 ], [ 44.5964546, 27.3196712 ], [ 44.5964546, 27.3546826 ], [ 44.6099205, 27.4004668 ], [ 44.6503183, 27.4516373 ], [ 44.6826365, 27.4974214 ], [ 44.7068752, 27.5162737 ], [ 44.7160757, 27.5299919 ], [ 44.7173772, 27.5242072 ], [ 44.7979358, 27.59256 ], [ 44.8638475, 27.6047659 ], [ 44.9151121, 27.6438246 ], [ 44.9737002, 27.678001 ], [ 45.0469353, 27.6828834 ], [ 45.1030823, 27.6291776 ], [ 45.142141, 27.5412954 ], [ 45.1445822, 27.3484429 ], [ 45.1665527, 27.3337959 ], [ 45.1787586, 27.306943 ], [ 45.3252289, 27.236149 ], [ 45.3740523, 27.1897667 ], [ 45.6376988, 27.0872375 ], [ 45.7128978, 27.0629798 ] ] ] ] } },
{ "type": "Feature", "properties": { "shapeName": "Huraymila", "shapeISO": "None", "shapeID": "SAU-ADM2-3_0_0-B70", "shapeGroup": "SAU", "shapeType": "ADM2" }, "geometry": { "type": "MultiPolygon", "coordinates": [ [ [ [ 46.4491258, 26.0224771 ], [ 46.4372023, 26.0059664 ], [ 46.4258716, 25.9228742 ], [ 46.3881024, 25.8888819 ], [ 46.3805485, 25.8473358 ], [ 46.3975447, 25.8208974 ], [ 46.406987, 25.8039013 ], [ 46.4164293, 25.7850167 ], [ 46.4013216, 25.654713 ], [ 46.4048, 25.6380169 ], [ 46.347025, 25.6337372 ], [ 46.3120136, 25.5852599 ], [ 46.2527635, 25.5475553 ], [ 46.2042862, 25.4936916 ], [ 46.1692748, 25.4236688 ], [ 46.1342634, 25.383271 ], [ 46.1396497, 25.3051686 ], [ 46.1369566, 25.237839 ], [ 46.0777065, 25.1974412 ], [ 46.0076837, 25.1435775 ], [ 45.8757176, 25.0439297 ], [ 45.794922, 25.0035319 ], [ 45.7679902, 24.9442818 ], [ 45.7437515, 25.0169978 ], [ 45.7006605, 25.0897138 ], [ 45.6979674, 25.1920548 ], [ 45.6984802, 25.194748 ], [ 45.7087401, 25.2486117 ], [ 45.6979674, 25.3347937 ], [ 45.7518311, 25.3886574 ], [ 45.7545242, 25.4694529 ], [ 45.7883851, 25.4949974 ], [ 45.9915245, 25.571794 ], [ 46.1315702, 25.6472032 ], [ 46.1504225, 25.6822146 ], [ 46.099252, 25.7226123 ], [ 46.0507746, 25.7603169 ], [ 46.0211496, 25.8087943 ], [ 46.0534678, 25.8788171 ], [ 46.1046383, 25.9057489 ], [ 46.1342634, 26.0215559 ], [ 46.2150589, 26.0484878 ], [ 46.2662294, 26.0592605 ], [ 46.3443318, 26.0457946 ], [ 46.4491258, 26.0224771 ] ] ] ] } },
{ "type": "Feature", "properties": { "shapeName": "Shaqra", "shapeISO": "None", "shapeID": "SAU-ADM2-3_0_0-B71", "shapeGroup": "SAU", "shapeType": "ADM2" }, "geometry": { "type": "MultiPolygon", "coordinates": [ [ [ [ 44.9371371, 25.8018183 ], [ 44.9708073, 25.7576237 ], [ 44.995046, 25.70376 ], [ 45.0462165, 25.6391236 ], [ 45.1081598, 25.5906463 ], [ 45.1647167, 25.5664076 ], [ 45.2266599, 25.5852599 ], [ 45.2805236, 25.601419 ], [ 45.3397737, 25.5906463 ], [ 45.3613192, 25.5879531 ], [ 45.3936374, 25.5394757 ], [ 45.4071033, 25.4909984 ], [ 45.5390694, 25.4963848 ], [ 45.5794672, 25.4586802 ], [ 45.6360241, 25.4479074 ], [ 45.7033537, 25.4452143 ], [ 45.7706834, 25.4883052 ], [ 45.7883851, 25.4949974 ], [ 45.7545242, 25.4694529 ], [ 45.7518311, 25.3886574 ], [ 45.6979674, 25.3347937 ], [ 45.7087401, 25.2486117 ], [ 45.6984802, 25.194748 ], [ 45.6090922, 25.194748 ], [ 45.5660013, 25.2028276 ], [ 45.5579217, 25.2216799 ], [ 45.5202171, 25.2109071 ], [ 45.4905921, 25.2351458 ], [ 45.4151829, 25.2243731 ], [ 45.3855579, 25.1893617 ], [ 45.3397737, 25.1785889 ], [ 45.3209214, 25.1139525 ], [ 45.2886032, 25.0708615 ], [ 45.2293531, 25.0277705 ], [ 45.1458644, 24.9739068 ], [ 45.0893075, 24.9308159 ], [ 45.0722735, 24.9283825 ], [ 45.0516029, 24.9254295 ], [ 44.9761937, 25.0735547 ], [ 44.9492619, 25.1408843 ], [ 44.8038299, 25.2459186 ], [ 44.7903639, 25.3994301 ], [ 44.7149547, 25.4532938 ], [ 44.704182, 25.4909984 ], [ 44.6395456, 25.558328 ], [ 44.601841, 25.6121917 ], [ 44.5991789, 25.6796941 ], [ 44.6043187, 25.6787673 ], [ 44.6680933, 25.6856618 ], [ 44.707737, 25.7322001 ], [ 44.7365712, 25.7834617 ], [ 44.7353152, 25.7770147 ], [ 44.8404572, 25.780462 ], [ 44.9145736, 25.7925274 ], [ 44.937137, 25.8018184 ], [ 44.9371371, 25.8018183 ] ] ] ] } },
{ "type": "Feature", "properties": { "shapeName": "Murat", "shapeISO": "None", "shapeID": "SAU-ADM2-3_0_0-B72", "shapeGroup": "SAU", "shapeType": "ADM2" }, "geometry": { "type": "MultiPolygon", "coordinates": [ [ [ [ 45.6984802, 25.194748 ], [ 45.6979674, 25.1920548 ], [ 45.7006605, 25.0897138 ], [ 45.7437515, 25.0169978 ], [ 45.7679902, 24.9442818 ], [ 45.7356719, 24.8958045 ], [ 45.7383651, 24.8580999 ], [ 45.7545242, 24.8257817 ], [ 45.8056948, 24.7719179 ], [ 45.7890327, 24.6350898 ], [ 45.7643592, 24.6376422 ], [ 45.7184848, 24.6376422 ], [ 45.700135, 24.6070592 ], [ 45.6206193, 24.6590503 ], [ 45.571918, 24.6334186 ], [ 45.5398753, 24.6289126 ], [ 45.4897682, 24.635176 ], [ 45.4496825, 24.6514608 ], [ 45.4371557, 24.6276599 ], [ 45.4684727, 24.5938376 ], [ 45.4972843, 24.5412251 ], [ 45.4947789, 24.5061501 ], [ 45.5185798, 24.4735805 ], [ 45.4985369, 24.4460215 ], [ 45.4872628, 24.428484 ], [ 45.4521878, 24.389651 ], [ 45.4409137, 24.4034305 ], [ 45.4020807, 24.4172099 ], [ 45.3857959, 24.4447689 ], [ 45.3594896, 24.4873599 ], [ 45.3219093, 24.5312037 ], [ 45.2718021, 24.568784 ], [ 45.225453, 24.5712894 ], [ 45.2232991, 24.5583709 ], [ 45.1943417, 24.6049405 ], [ 45.1862622, 24.7449861 ], [ 45.1593303, 24.8042362 ], [ 45.097387, 24.8823385 ], [ 45.0722735, 24.9283825 ], [ 45.0893075, 24.9308159 ], [ 45.1458644, 24.9739068 ], [ 45.2293531, 25.0277705 ], [ 45.2886032, 25.0708615 ], [ 45.3209214, 25.1139525 ], [ 45.3397737, 25.1785889 ], [ 45.3855579, 25.1893617 ], [ 45.4151829, 25.2243731 ], [ 45.4905921, 25.2351458 ], [ 45.5202171, 25.2109071 ], [ 45.5579217, 25.2216799 ], [ 45.5660013, 25.2028276 ], [ 45.6090922, 25.194748 ], [ 45.6984802, 25.194748 ] ] ] ] } },
{ "type": "Feature", "properties": { "shapeName": "Ar Rass", "shapeISO": "None", "shapeID": "SAU-ADM2-3_0_0-B73", "shapeGroup": "SAU", "shapeType": "ADM2" }, "geometry": { "type": "MultiPolygon", "coordinates": [ [ [ [ 43.0897865, 25.1361481 ], [ 43.0774981, 25.0304637 ], [ 43.1232823, 24.9685205 ], [ 43.1098163, 24.903884 ], [ 43.1502141, 24.8500203 ], [ 43.1825323, 24.8123157 ], [ 43.2417824, 24.7692248 ], [ 43.2767938, 24.7261338 ], [ 43.2471688, 24.7126679 ], [ 43.2417824, 24.6830428 ], [ 43.2283165, 24.5914745 ], [ 43.1906119, 24.5887814 ], [ 43.1421346, 24.5645427 ], [ 43.1017368, 24.4945199 ], [ 43.0640322, 24.4729744 ], [ 43.0337273, 24.442671 ], [ 42.9981906, 24.4331033 ], [ 42.962959, 24.4331033 ], [ 42.9159836, 24.4350606 ], [ 42.8905385, 24.4448472 ], [ 42.8044169, 24.5113957 ], [ 42.7378683, 24.5622858 ], [ 42.6908929, 24.5838162 ], [ 42.6830636, 24.6033893 ], [ 42.6713198, 24.6229624 ], [ 42.5538812, 24.626877 ], [ 42.5382227, 24.6405782 ], [ 42.4481864, 24.709084 ], [ 42.4188268, 24.7306144 ], [ 42.3933817, 24.7501875 ], [ 42.3796806, 24.7893337 ], [ 42.3522782, 24.8186934 ], [ 42.3092174, 24.8421811 ], [ 42.2837724, 24.8421811 ], [ 42.2371036, 24.8367963 ], [ 42.2345311, 24.8419408 ], [ 42.102565, 25.0116114 ], [ 42.1187242, 25.0331569 ], [ 42.1618151, 25.0816343 ], [ 42.3153267, 25.0897138 ], [ 42.3584176, 25.1058729 ], [ 42.4661451, 25.1247252 ], [ 42.4580655, 25.2593845 ], [ 42.4769178, 25.3482596 ], [ 42.5415542, 25.3482596 ], [ 42.5657929, 25.3213277 ], [ 42.5765656, 25.2324526 ], [ 42.5981111, 25.208214 ], [ 42.9993957, 25.1812821 ], [ 43.0424867, 25.1678162 ], [ 43.090964, 25.1462707 ], [ 43.0897865, 25.1361481 ] ] ] ] } },
{ "type": "Feature", "properties": { "shapeName": "Dawadmi", "shapeISO": "None", "shapeID": "SAU-ADM2-3_0_0-B74", "shapeGroup": "SAU", "shapeType": "ADM2" }, "geometry": { "type": "MultiPolygon", "coordinates": [ [ [ [ 44.5991789, 25.6796941 ], [ 44.601841, 25.6121917 ], [ 44.6395456, 25.558328 ], [ 44.704182, 25.4909984 ], [ 44.7149547, 25.4532938 ], [ 44.7903639, 25.3994301 ], [ 44.8038299, 25.2459186 ], [ 44.9492619, 25.1408843 ], [ 44.9761937, 25.0735547 ], [ 45.0516029, 24.9254295 ], [ 45.0722735, 24.9283825 ], [ 45.097387, 24.8823385 ], [ 45.1593303, 24.8042362 ], [ 45.1862622, 24.7449861 ], [ 45.1943417, 24.6049405 ], [ 45.2232991, 24.5583709 ], [ 45.2066628, 24.4585483 ], [ 45.1816093, 24.4435162 ], [ 45.1565557, 24.4297367 ], [ 45.1277441, 24.4034305 ], [ 45.1089539, 24.3683555 ], [ 45.0513307, 24.3620921 ], [ 45.0049816, 24.3370385 ], [ 44.9248102, 24.3332805 ], [ 44.8784611, 24.3132376 ], [ 44.7769941, 24.3094796 ], [ 44.7531932, 24.2744046 ], [ 44.7193709, 24.2368242 ], [ 44.7030861, 24.1879698 ], [ 44.6730218, 24.1528948 ], [ 44.6667584, 24.0288796 ], [ 44.7055914, 23.9975626 ], [ 44.699328, 23.9274126 ], [ 44.6667584, 23.8973483 ], [ 44.6191566, 23.8848216 ], [ 44.6053771, 23.8748001 ], [ 44.5803236, 23.8372198 ], [ 44.5615334, 23.8146716 ], [ 44.4963941, 23.8109135 ], [ 44.4663298, 23.8309564 ], [ 44.4450343, 23.820935 ], [ 44.4249914, 23.7821019 ], [ 44.3072397, 23.7758385 ], [ 44.2596379, 23.7395108 ], [ 44.2270682, 23.7119519 ], [ 44.1869825, 23.6743716 ], [ 44.0654727, 23.6756242 ], [ 44.060462, 23.7269841 ], [ 44.0141129, 23.7557957 ], [ 43.9890593, 23.7670698 ], [ 43.9577423, 23.7921233 ], [ 43.9063825, 23.8748001 ], [ 43.8324745, 23.9875412 ], [ 43.8124316, 23.9875412 ], [ 43.7823673, 23.9574769 ], [ 43.7147227, 23.9499608 ], [ 43.6621102, 23.929918 ], [ 43.6195191, 23.9161385 ], [ 43.5894549, 23.8572626 ], [ 43.5493691, 23.828451 ], [ 43.530579, 23.750785 ], [ 43.4341227, 23.7457742 ], [ 43.4082642, 23.7187405 ], [ 43.4028058, 23.7294894 ], [ 43.3790049, 23.7445216 ], [ 43.3138656, 23.7520376 ], [ 43.2838013, 23.78586 ], [ 43.285054, 23.9211492 ], [ 43.2900647, 23.9562242 ], [ 43.2812959, 23.9737617 ], [ 43.2750325, 23.9988153 ], [ 43.2975808, 24.0013207 ], [ 43.3301504, 24.0013207 ], [ 43.3564566, 24.0063314 ], [ 43.3815102, 24.0251216 ], [ 43.4078165, 24.0489224 ], [ 43.4266066, 24.070218 ], [ 43.4933901, 24.1492933 ], [ 43.4836035, 24.2021407 ], [ 43.4659877, 24.2217138 ], [ 43.4503292, 24.2471588 ], [ 43.4327135, 24.2784758 ], [ 43.4307561, 24.3450243 ], [ 43.4072684, 24.3704694 ], [ 43.3896526, 24.4761641 ], [ 43.1919643, 24.4761641 ], [ 43.1704339, 24.4526764 ], [ 43.0686538, 24.4585483 ], [ 43.0490807, 24.4468045 ], [ 43.0337273, 24.442671 ], [ 43.0640322, 24.4729744 ], [ 43.1017368, 24.4945199 ], [ 43.1421346, 24.5645427 ], [ 43.1906119, 24.5887814 ], [ 43.2283165, 24.5914745 ], [ 43.2417824, 24.6830428 ], [ 43.2471688, 24.7126679 ], [ 43.2767938, 24.7261338 ], [ 43.2417824, 24.7692248 ], [ 43.1825323, 24.8123157 ], [ 43.1502141, 24.8500203 ], [ 43.1098163, 24.903884 ], [ 43.1232823, 24.9685205 ], [ 43.0774981, 25.0304637 ], [ 43.0897865, 25.1361481 ], [ 43.1259754, 25.1516571 ], [ 43.1690664, 25.1597366 ], [ 43.1906119, 25.1624298 ], [ 43.206771, 25.1085661 ], [ 43.3252711, 25.0977934 ], [ 43.4222258, 25.1705094 ], [ 43.4518509, 25.1866685 ], [ 43.5030214, 25.2109071 ], [ 43.7804195, 25.2109071 ], [ 43.7696467, 25.2620777 ], [ 43.7696467, 25.28093 ], [ 43.7858058, 25.3240209 ], [ 43.8073915, 25.3583053 ], [ 43.9424415, 25.3598942 ], [ 43.9648488, 25.346105 ], [ 43.9820852, 25.327145 ], [ 44.0010452, 25.3529996 ], [ 44.0768853, 25.3529996 ], [ 44.1061871, 25.3995378 ], [ 44.1303181, 25.432287 ], [ 44.2423546, 25.4822725 ], [ 44.2409032, 25.4853991 ], [ 44.2716564, 25.4908907 ], [ 44.3113001, 25.5046798 ], [ 44.3578384, 25.5150216 ], [ 44.4095475, 25.5339816 ], [ 44.4543621, 25.5477708 ], [ 44.464704, 25.594309 ], [ 44.4632028, 25.6408472 ], [ 44.4681512, 25.6408472 ], [ 44.4806105, 25.7983042 ], [ 44.4940058, 25.7839092 ], [ 44.4991767, 25.6977273 ], [ 44.5991789, 25.6796941 ] ] ] ] } },
{ "type": "Feature", "properties": { "shapeName": "Yanbu", "shapeISO": "None", "shapeID": "SAU-ADM2-3_0_0-B75", "shapeGroup": "SAU", "shapeType": "ADM2" }, "geometry": { "type": "MultiPolygon", "coordinates": [ [ [ [ 38.7908632, 25.3925571 ], [ 38.794956, 25.3988823 ], [ 38.8357313, 25.3967369 ], [ 38.889595, 25.3617255 ], [ 38.889595, 25.2136003 ], [ 38.8653564, 25.1920548 ], [ 38.8545836, 25.135498 ], [ 38.8222654, 25.0897138 ], [ 38.8357313, 24.9065772 ], [ 38.8491973, 24.8904181 ], [ 38.9057542, 24.844634 ], [ 38.9192201, 24.8150089 ], [ 38.9192201, 24.7665316 ], [ 38.9380724, 24.7153611 ], [ 38.8842087, 24.6938156 ], [ 38.9488451, 24.6372587 ], [ 38.9434587, 24.61302 ], [ 38.9111405, 24.5429972 ], [ 38.9407656, 24.4945199 ], [ 38.9877402, 24.4757302 ], [ 38.9946293, 24.4729744 ], [ 38.9165269, 24.4056448 ], [ 38.757629, 24.147099 ], [ 38.7064584, 24.147099 ], [ 38.6310493, 24.1848036 ], [ 38.5152423, 24.1632581 ], [ 38.4883104, 24.0959284 ], [ 38.4802309, 24.0151329 ], [ 38.466765, 23.9855079 ], [ 38.4883104, 23.9478033 ], [ 38.6148901, 23.9451101 ], [ 38.7253107, 23.9370305 ], [ 38.7953336, 23.8481554 ], [ 38.7710949, 23.8050644 ], [ 38.7064584, 23.7458144 ], [ 38.6283561, 23.6704052 ], [ 38.5970804, 23.6657139 ], [ 38.5744924, 23.6623256 ], [ 38.5340946, 23.7673598 ], [ 38.3913558, 23.9074055 ], [ 38.2216851, 24.0097465 ], [ 38.0708667, 24.0986216 ], [ 38.0089235, 24.1390194 ], [ 37.9254347, 24.1497922 ], [ 37.8634915, 24.1659513 ], [ 37.7665368, 24.2736787 ], [ 37.696514, 24.2763719 ], [ 37.653423, 24.2521332 ], [ 37.6049457, 24.2602127 ], [ 37.5268433, 24.3194628 ], [ 37.4945251, 24.3733265 ], [ 37.5026046, 24.4460425 ], [ 37.4521074, 24.4924684 ], [ 37.4321442, 24.582313 ], [ 37.5114309, 24.5769071 ], [ 37.51799, 24.6271934 ], [ 37.5354809, 24.6534298 ], [ 37.5507854, 24.6687343 ], [ 37.7147627, 24.6709207 ], [ 37.765049, 24.642498 ], [ 37.885299, 24.6534298 ], [ 37.9115353, 24.6949707 ], [ 37.9071626, 24.7299525 ], [ 37.9006035, 24.745257 ], [ 37.9049762, 24.7780525 ], [ 37.9268399, 24.7977297 ], [ 37.9574489, 24.8152206 ], [ 38.0536489, 24.7780525 ], [ 38.0973762, 24.7802388 ], [ 38.1301716, 24.8021025 ], [ 37.9924308, 24.9507752 ], [ 37.9115353, 25.0622797 ], [ 37.9268399, 25.1038206 ], [ 37.933399, 25.2175114 ], [ 37.8831126, 25.2481205 ], [ 37.8634353, 25.3989796 ], [ 37.8590626, 25.5826341 ], [ 37.9254354, 25.6066025 ], [ 37.9265666, 25.6009449 ], [ 37.988058, 25.6009449 ], [ 38.0666305, 25.6248582 ], [ 38.1725324, 25.6180258 ], [ 38.2511048, 25.6043611 ], [ 38.4253306, 25.5941125 ], [ 38.4765735, 25.6146096 ], [ 38.5073193, 25.5872801 ], [ 38.5244002, 25.5087077 ], [ 38.5414812, 25.4403838 ], [ 38.5619783, 25.4369676 ], [ 38.5893079, 25.4745458 ], [ 38.6473831, 25.4813781 ], [ 38.698626, 25.4438 ], [ 38.7567013, 25.4164705 ], [ 38.7908632, 25.3925571 ] ] ] ] } },
{ "type": "Feature", "properties": { "shapeName": "Badr", "shapeISO": "None", "shapeID": "SAU-ADM2-3_0_0-B76", "shapeGroup": "SAU", "shapeType": "ADM2" }, "geometry": { "type": "MultiPolygon", "coordinates": [ [ [ [ 39.2535268, 23.1528355 ], [ 39.2154705, 23.1560068 ], [ 39.1974583, 23.1710176 ], [ 39.1831522, 23.1829386 ], [ 39.1885386, 23.2556547 ], [ 39.180459, 23.2825865 ], [ 39.0107884, 23.3957003 ], [ 38.932686, 23.3983935 ], [ 38.9246064, 23.5088141 ], [ 38.8761291, 23.5088141 ], [ 38.7768796, 23.467313 ], [ 38.7280034, 23.4468713 ], [ 38.6552879, 23.5142004 ], [ 38.612197, 23.5788369 ], [ 38.6014242, 23.6461665 ], [ 38.5970804, 23.6657139 ], [ 38.6283561, 23.6704052 ], [ 38.7064584, 23.7458144 ], [ 38.7710949, 23.8050644 ], [ 38.7953336, 23.8481554 ], [ 38.7253107, 23.9370305 ], [ 38.6148901, 23.9451101 ], [ 38.4883104, 23.9478033 ], [ 38.466765, 23.9855079 ], [ 38.4802309, 24.0151329 ], [ 38.4883104, 24.0959284 ], [ 38.5152423, 24.1632581 ], [ 38.6310493, 24.1848036 ], [ 38.7064584, 24.147099 ], [ 38.757629, 24.147099 ], [ 38.9165269, 24.4056448 ], [ 38.9946293, 24.4729744 ], [ 38.9877402, 24.4757302 ], [ 39.0377202, 24.4783608 ], [ 39.0754248, 24.4298834 ], [ 39.0969703, 24.3598606 ], [ 39.107743, 24.3140765 ], [ 39.1454476, 24.2440536 ], [ 39.1616067, 24.1740308 ], [ 39.1993113, 24.133633 ], [ 39.2477887, 24.1228603 ], [ 39.2854933, 24.0905421 ], [ 39.3285842, 24.0636102 ], [ 39.3447433, 23.8400759 ], [ 39.412073, 23.8912464 ], [ 39.4282321, 23.8023713 ], [ 39.4551639, 23.740428 ], [ 39.4578571, 23.6623256 ], [ 39.4794026, 23.6057687 ], [ 39.5359595, 23.5249732 ], [ 39.5763573, 23.4630299 ], [ 39.5844368, 23.4387912 ], [ 39.5844368, 23.4037798 ], [ 39.5628914, 23.3930071 ], [ 39.5494254, 23.304132 ], [ 39.3851411, 23.1748591 ], [ 39.3124251, 23.1479272 ], [ 39.2535268, 23.1528355 ] ] ] ] } },
{ "type": "Feature", "properties": { "shapeName": "Rabigh", "shapeISO": "None", "shapeID": "SAU-ADM2-3_0_0-B77", "shapeGroup": "SAU", "shapeType": "ADM2" }, "geometry": { "type": "MultiPolygon", "coordinates": [ [ [ [ 39.1831522, 23.1829386 ], [ 39.1974583, 23.1710176 ], [ 39.2154705, 23.1560068 ], [ 39.2535268, 23.1528355 ], [ 39.2935728, 23.1398477 ], [ 39.3070388, 23.1183022 ], [ 39.3070388, 23.0752112 ], [ 39.3366638, 23.0698249 ], [ 39.4255389, 23.0698249 ], [ 39.4794026, 23.0644385 ], [ 39.5251868, 23.0590521 ], [ 39.5682777, 23.0779044 ], [ 39.5790505, 23.1183022 ], [ 39.6086755, 23.1533136 ], [ 39.6733119, 23.1398477 ], [ 39.6840847, 23.1317681 ], [ 39.7002438, 23.0994499 ], [ 39.848369, 23.0994499 ], [ 39.8699145, 23.0698249 ], [ 39.8775862, 23.0498794 ], [ 39.8833804, 23.0348135 ], [ 39.8726077, 22.9863361 ], [ 39.8726077, 22.9351656 ], [ 39.8564485, 22.824745 ], [ 39.805278, 22.8085859 ], [ 39.7783462, 22.7789609 ], [ 39.7433348, 22.7412563 ], [ 39.6975506, 22.7116312 ], [ 39.6463801, 22.7035517 ], [ 39.6436869, 22.7331767 ], [ 39.630221, 22.7601086 ], [ 39.6032891, 22.7547222 ], [ 39.5628914, 22.7439495 ], [ 39.5305731, 22.7008585 ], [ 39.5171072, 22.6631539 ], [ 39.4901754, 22.6119834 ], [ 39.4794026, 22.563506 ], [ 39.4255389, 22.5419606 ], [ 39.3905275, 22.5204151 ], [ 39.3609025, 22.4854037 ], [ 39.3124251, 22.4396195 ], [ 39.2585614, 22.358824 ], [ 39.2020045, 22.3534376 ], [ 39.1373681, 22.3534376 ], [ 39.1373681, 22.4099945 ], [ 39.1427545, 22.5069492 ], [ 39.0888907, 22.5877447 ], [ 39.0835044, 22.708938 ], [ 39.0296407, 22.7574154 ], [ 38.9838565, 22.824745 ], [ 38.9461519, 22.9001542 ], [ 38.8707427, 23.0078816 ], [ 38.889595, 23.0563589 ], [ 38.8518904, 23.1452341 ], [ 38.7953336, 23.2394955 ], [ 38.7603221, 23.3095184 ], [ 38.7226176, 23.3876207 ], [ 38.7280034, 23.4468713 ], [ 38.7768796, 23.467313 ], [ 38.8761291, 23.5088141 ], [ 38.9246064, 23.5088141 ], [ 38.932686, 23.3983935 ], [ 39.0107884, 23.3957003 ], [ 39.180459, 23.2825865 ], [ 39.1885386, 23.2556547 ], [ 39.1831522, 23.1829386 ] ] ] ] } },
{ "type": "Feature", "properties": { "shapeName": "Medina", "shapeISO": "None", "shapeID": "SAU-ADM2-3_0_0-B78", "shapeGroup": "SAU", "shapeType": "ADM2" }, "geometry": { "type": "MultiPolygon", "coordinates": [ [ [ [ 39.992771, 25.2495898 ], [ 40.000381, 25.40489 ], [ 40.0261192, 25.3886574 ], [ 40.0611306, 25.3724983 ], [ 40.1015284, 25.3267141 ], [ 40.1580853, 25.2701572 ], [ 40.1877103, 25.2270663 ], [ 40.2308013, 25.194748 ], [ 40.2308013, 25.0439297 ], [ 40.2442672, 25.0169978 ], [ 40.2631195, 25.0008387 ], [ 40.3412219, 24.8823385 ], [ 40.5243585, 24.6722701 ], [ 40.5674495, 24.5672359 ], [ 40.6159268, 24.4164175 ], [ 40.6455518, 24.3679402 ], [ 40.6697905, 24.2602127 ], [ 40.6536314, 24.2171218 ], [ 40.5943813, 24.1901899 ], [ 40.4516425, 24.2225082 ], [ 40.3412219, 24.2144286 ], [ 40.241574, 24.2144286 ], [ 40.1284603, 24.206349 ], [ 40.0341988, 24.2036559 ], [ 39.9372441, 24.1982695 ], [ 39.9156986, 24.1605649 ], [ 39.8968463, 24.1228603 ], [ 39.877994, 24.0555307 ], [ 39.9076191, 24.0205193 ], [ 39.9830283, 23.9343373 ], [ 39.9695623, 23.8723941 ], [ 39.9964942, 23.8050644 ], [ 40.036892, 23.770053 ], [ 40.0799829, 23.7000302 ], [ 40.0611306, 23.6596324 ], [ 39.9614828, 23.638087 ], [ 39.9722555, 23.5626778 ], [ 40.0288124, 23.5330527 ], [ 40.0719034, 23.5034277 ], [ 40.096142, 23.5115073 ], [ 40.1311534, 23.5249732 ], [ 40.2334945, 23.5249732 ], [ 40.2418617, 23.5212546 ], [ 40.2819718, 23.5034277 ], [ 40.2738923, 23.4684163 ], [ 40.2711991, 23.4280185 ], [ 40.1904035, 23.3606889 ], [ 40.1957899, 23.3202911 ], [ 40.1850171, 23.2287228 ], [ 40.1957899, 23.1964046 ], [ 40.2146422, 23.1452341 ], [ 40.2011763, 23.1075295 ], [ 40.1607785, 23.0886772 ], [ 40.1176875, 23.0940635 ], [ 40.0772897, 23.1129158 ], [ 40.0584374, 23.1344613 ], [ 40.0476647, 23.2260296 ], [ 39.9964942, 23.1829386 ], [ 39.9749487, 23.1479272 ], [ 39.9587896, 23.115609 ], [ 39.9291645, 23.085984 ], [ 39.8775862, 23.0498794 ], [ 39.8699145, 23.0698249 ], [ 39.848369, 23.0994499 ], [ 39.7002438, 23.0994499 ], [ 39.6840847, 23.1317681 ], [ 39.6733119, 23.1398477 ], [ 39.6086755, 23.1533136 ], [ 39.5790505, 23.1183022 ], [ 39.5682777, 23.0779044 ], [ 39.5251868, 23.0590521 ], [ 39.4794026, 23.0644385 ], [ 39.4255389, 23.0698249 ], [ 39.3366638, 23.0698249 ], [ 39.3070388, 23.0752112 ], [ 39.3070388, 23.1183022 ], [ 39.2935728, 23.1398477 ], [ 39.2535268, 23.1528355 ], [ 39.3124251, 23.1479272 ], [ 39.3851411, 23.1748591 ], [ 39.5494254, 23.304132 ], [ 39.5628914, 23.3930071 ], [ 39.5844368, 23.4037798 ], [ 39.5844368, 23.4387912 ], [ 39.5763573, 23.4630299 ], [ 39.5359595, 23.5249732 ], [ 39.4794026, 23.6057687 ], [ 39.4578571, 23.6623256 ], [ 39.4551639, 23.740428 ], [ 39.4282321, 23.8023713 ], [ 39.412073, 23.8912464 ], [ 39.3447433, 23.8400759 ], [ 39.3285842, 24.0636102 ], [ 39.2854933, 24.0905421 ], [ 39.2477887, 24.1228603 ], [ 39.1993113, 24.133633 ], [ 39.1616067, 24.1740308 ], [ 39.1454476, 24.2440536 ], [ 39.107743, 24.3140765 ], [ 39.0969703, 24.3598606 ], [ 39.0754248, 24.4298834 ], [ 39.0377202, 24.4783608 ], [ 38.9877402, 24.4757302 ], [ 38.9407656, 24.4945199 ], [ 38.9111405, 24.5429972 ], [ 38.9434587, 24.61302 ], [ 38.9488451, 24.6372587 ], [ 38.8842087, 24.6938156 ], [ 38.9380724, 24.7153611 ], [ 38.9192201, 24.7665316 ], [ 38.9192201, 24.8150089 ], [ 38.9057542, 24.844634 ], [ 38.8491973, 24.8904181 ], [ 38.8357313, 24.9065772 ], [ 38.8222654, 25.0897138 ], [ 38.8545836, 25.135498 ], [ 38.8653564, 25.1920548 ], [ 38.889595, 25.2136003 ], [ 38.889595, 25.3617255 ], [ 38.8357313, 25.3967369 ], [ 38.794956, 25.3988823 ], [ 38.8284413, 25.4506324 ], [ 38.8607929, 25.5121013 ], [ 38.9070138, 25.4745458 ], [ 39.0914881, 25.4847943 ], [ 39.0880719, 25.283239 ], [ 39.1256501, 25.2285799 ], [ 39.1358986, 25.1295103 ], [ 39.2691301, 25.1226779 ], [ 39.3408702, 25.0099436 ], [ 39.426275, 24.9928626 ], [ 39.4911826, 24.9484521 ], [ 39.5697551, 24.8903769 ], [ 39.5936684, 24.822053 ], [ 39.6278303, 24.7742263 ], [ 39.6790732, 24.7263996 ], [ 39.7200675, 24.6990701 ], [ 39.7405647, 24.7400644 ], [ 39.7581091, 24.7764494 ], [ 39.7600661, 24.8460665 ], [ 39.7196331, 24.8689877 ], [ 39.7214242, 24.8904805 ], [ 39.7250063, 24.9048091 ], [ 39.7626187, 24.9576456 ], [ 39.7850071, 25.0051089 ], [ 39.8315749, 25.0480945 ], [ 39.8253061, 25.1134685 ], [ 39.9220238, 25.1233194 ], [ 39.9551586, 25.1439167 ], [ 39.9614273, 25.1824247 ], [ 39.9632184, 25.216455 ], [ 39.992771, 25.2495898 ] ] ] ] } },
{ "type": "Feature", "properties": { "shapeName": "Al Hinakiyah", "shapeISO": "None", "shapeID": "SAU-ADM2-3_0_0-B79", "shapeGroup": "SAU", "shapeType": "ADM2" }, "geometry": { "type": "MultiPolygon", "coordinates": [ [ [ [ 41.3431253, 25.5047593 ], [ 41.34578, 25.5044643 ], [ 41.4750529, 25.3698051 ], [ 41.593553, 25.3428732 ], [ 41.7686101, 25.1516571 ], [ 41.8817239, 25.1462707 ], [ 42.0190763, 25.0089183 ], [ 42.102565, 25.0116114 ], [ 42.2345311, 24.8419408 ], [ 42.2371036, 24.8367963 ], [ 42.2328823, 24.8363092 ], [ 42.2289677, 24.7873764 ], [ 42.2152665, 24.7364864 ], [ 42.1819922, 24.6973402 ], [ 42.1682911, 24.6562367 ], [ 42.1526326, 24.6170905 ], [ 42.1291449, 24.601432 ], [ 42.1193583, 24.5564138 ], [ 42.1585045, 24.4996518 ], [ 42.1682151, 24.4685781 ], [ 42.1537356, 24.4756676 ], [ 42.102565, 24.4702812 ], [ 42.0783264, 24.4487357 ], [ 41.9598262, 24.4218039 ], [ 41.9086557, 24.4514289 ], [ 41.8763375, 24.4648948 ], [ 41.8494056, 24.4514289 ], [ 41.7174396, 24.4514289 ], [ 41.636644, 24.4406562 ], [ 41.5989394, 24.4056448 ], [ 41.5747007, 24.3625538 ], [ 41.5369961, 24.3302356 ], [ 41.4804393, 24.2844514 ], [ 41.4427347, 24.2575196 ], [ 41.4077233, 24.2036559 ], [ 41.3377004, 24.176724 ], [ 41.2892231, 24.1605649 ], [ 41.2515185, 24.1417126 ], [ 41.1841889, 24.1228603 ], [ 41.1249388, 24.1578717 ], [ 41.0872342, 24.1794172 ], [ 41.0306773, 24.1848036 ], [ 40.9741204, 24.1578717 ], [ 40.9337226, 24.1282467 ], [ 40.9014044, 24.0959284 ], [ 40.8556203, 24.0770762 ], [ 40.7775179, 24.0124397 ], [ 40.7613588, 23.988201 ], [ 40.720961, 23.9720419 ], [ 40.6994155, 23.9720419 ], [ 40.6536314, 23.9908942 ], [ 40.6024609, 23.9855079 ], [ 40.5512903, 23.9451101 ], [ 40.4947334, 23.9235646 ], [ 40.4624152, 23.8912464 ], [ 40.4381766, 23.8616213 ], [ 40.430097, 23.8346895 ], [ 40.4758812, 23.7942917 ], [ 40.4247106, 23.7619735 ], [ 40.3708469, 23.7538939 ], [ 40.327756, 23.7027234 ], [ 40.3115969, 23.6650188 ], [ 40.2900514, 23.624621 ], [ 40.2604263, 23.5707573 ], [ 40.2418617, 23.5212546 ], [ 40.2334945, 23.5249732 ], [ 40.1311534, 23.5249732 ], [ 40.096142, 23.5115073 ], [ 40.0719034, 23.5034277 ], [ 40.0288124, 23.5330527 ], [ 39.9722555, 23.5626778 ], [ 39.9614828, 23.638087 ], [ 40.0611306, 23.6596324 ], [ 40.0799829, 23.7000302 ], [ 40.036892, 23.770053 ], [ 39.9964942, 23.8050644 ], [ 39.9695623, 23.8723941 ], [ 39.9830283, 23.9343373 ], [ 39.9076191, 24.0205193 ], [ 39.877994, 24.0555307 ], [ 39.8968463, 24.1228603 ], [ 39.9156986, 24.1605649 ], [ 39.9372441, 24.1982695 ], [ 40.0341988, 24.2036559 ], [ 40.1284603, 24.206349 ], [ 40.241574, 24.2144286 ], [ 40.3412219, 24.2144286 ], [ 40.4516425, 24.2225082 ], [ 40.5943813, 24.1901899 ], [ 40.6536314, 24.2171218 ], [ 40.6697905, 24.2602127 ], [ 40.6455518, 24.3679402 ], [ 40.6159268, 24.4164175 ], [ 40.5674495, 24.5672359 ], [ 40.5243585, 24.6722701 ], [ 40.3412219, 24.8823385 ], [ 40.2631195, 25.0008387 ], [ 40.2442672, 25.0169978 ], [ 40.2308013, 25.0439297 ], [ 40.2308013, 25.194748 ], [ 40.1877103, 25.2270663 ], [ 40.1580853, 25.2701572 ], [ 40.1015284, 25.3267141 ], [ 40.0611306, 25.3724983 ], [ 40.0261192, 25.3886574 ], [ 40.000381, 25.40489 ], [ 40.0016984, 25.431775 ], [ 40.0082575, 25.4755023 ], [ 40.0144266, 25.4855677 ], [ 40.0288124, 25.5044643 ], [ 40.096142, 25.5260098 ], [ 40.139233, 25.5421689 ], [ 40.2038694, 25.5637144 ], [ 40.2658127, 25.5637144 ], [ 40.3250628, 25.558328 ], [ 40.3654606, 25.5637144 ], [ 40.4193243, 25.5933395 ], [ 40.4570289, 25.631044 ], [ 40.532438, 25.6391236 ], [ 40.5593699, 25.6121917 ], [ 40.6132336, 25.5744872 ], [ 40.6563246, 25.5448621 ], [ 40.7398133, 25.5556349 ], [ 40.8529271, 25.5610212 ], [ 40.909484, 25.5906463 ], [ 40.9633477, 25.601419 ], [ 40.9929727, 25.5825667 ], [ 41.0199046, 25.5448621 ], [ 41.0710751, 25.5152371 ], [ 41.1330184, 25.5179303 ], [ 41.2245867, 25.5179303 ], [ 41.3431253, 25.5047593 ] ] ] ] } },
{ "type": "Feature", "properties": { "shapeName": "Al Khazaiah", "shapeISO": "None", "shapeID": "SAU-ADM2-3_0_0-B80", "shapeGroup": "SAU", "shapeType": "ADM2" }, "geometry": { "type": "MultiPolygon", "coordinates": [ [ [ [ 41.9121376, 26.8560391 ], [ 41.9121384, 26.8560392 ], [ 41.933192, 26.8279661 ], [ 41.9534692, 26.7747385 ], [ 41.9703926, 26.7518421 ], [ 41.9463603, 26.692159 ], [ 41.9436671, 26.6409885 ], [ 41.9490535, 26.5736589 ], [ 41.9652126, 26.4820906 ], [ 41.8898034, 26.4497724 ], [ 41.8682579, 26.4255337 ], [ 41.8305533, 26.3770564 ], [ 41.8278601, 26.3474313 ], [ 41.7982351, 26.3016472 ], [ 41.7874624, 26.2585562 ], [ 41.8063147, 26.1750675 ], [ 41.9167353, 26.1292833 ], [ 41.9688602, 26.0961135 ], [ 41.9759853, 26.0915787 ], [ 41.9894513, 26.0484878 ], [ 41.9059625, 25.9973172 ], [ 41.8601784, 25.9219081 ], [ 41.7955419, 25.8734307 ], [ 41.738985, 25.8141806 ], [ 41.6770418, 25.7737829 ], [ 41.5666212, 25.7441578 ], [ 41.5046779, 25.7279987 ], [ 41.4939052, 25.7064532 ], [ 41.4831324, 25.6849077 ], [ 41.4508142, 25.631044 ], [ 41.4023369, 25.5933395 ], [ 41.3511664, 25.5664076 ], [ 41.3431253, 25.5047593 ], [ 41.2245867, 25.5179303 ], [ 41.1330184, 25.5179303 ], [ 41.0710751, 25.5152371 ], [ 41.0199046, 25.5448621 ], [ 40.9929727, 25.5825667 ], [ 40.9633477, 25.601419 ], [ 40.909484, 25.5906463 ], [ 40.8529271, 25.5610212 ], [ 40.7398133, 25.5556349 ], [ 40.6563246, 25.5448621 ], [ 40.6132336, 25.5744872 ], [ 40.5593699, 25.6121917 ], [ 40.532438, 25.6391236 ], [ 40.4570289, 25.631044 ], [ 40.4193243, 25.5933395 ], [ 40.3654606, 25.5637144 ], [ 40.3250628, 25.558328 ], [ 40.2658127, 25.5637144 ], [ 40.2038694, 25.5637144 ], [ 40.139233, 25.5421689 ], [ 40.096142, 25.5260098 ], [ 40.0288124, 25.5044643 ], [ 40.0144266, 25.4855677 ], [ 40.0497984, 25.5432795 ], [ 40.0651029, 25.6460386 ], [ 40.0629166, 25.7356795 ], [ 40.0213757, 25.7947113 ], [ 40.0126302, 25.9718067 ], [ 39.9973257, 26.1948157 ], [ 39.9742144, 26.2179287 ], [ 39.9853848, 26.2248914 ], [ 40.0274658, 26.2669724 ], [ 40.0863792, 26.2459319 ], [ 40.1663332, 26.2964291 ], [ 40.2673276, 26.3469263 ], [ 40.326241, 26.414256 ], [ 40.3514897, 26.5026261 ], [ 40.4440679, 26.704615 ], [ 40.5113975, 26.7340717 ], [ 40.6923459, 26.7382798 ], [ 40.7344269, 26.704615 ], [ 40.8312133, 26.7256555 ], [ 40.8396295, 26.7298636 ], [ 40.86067, 26.9360606 ], [ 40.8732943, 26.9865578 ], [ 40.9658725, 27.032847 ], [ 41.1762776, 27.0454713 ], [ 41.2604397, 27.0665118 ], [ 41.3319774, 27.1212171 ], [ 41.357226, 27.1043847 ], [ 41.3908908, 27.0496794 ], [ 41.3782665, 26.9571011 ], [ 41.5171339, 26.8434824 ], [ 41.5171339, 26.9023958 ], [ 41.5970878, 26.8308581 ], [ 41.6307527, 26.7551122 ], [ 41.6812499, 26.8182338 ], [ 41.7738281, 26.8392743 ], [ 41.9121376, 26.8560391 ] ] ] ] } },
{ "type": "Feature", "properties": { "shapeName": "Ha'il", "shapeISO": "None", "shapeID": "SAU-ADM2-3_0_0-B81", "shapeGroup": "SAU", "shapeType": "ADM2" }, "geometry": { "type": "MultiPolygon", "coordinates": [ [ [ [ 42.2639634, 26.5592935 ], [ 42.2712043, 26.4879188 ], [ 42.2722357, 26.4659315 ], [ 42.2399175, 26.4120678 ], [ 42.1914402, 26.3608972 ], [ 42.1537356, 26.3312722 ], [ 42.1914402, 26.2801017 ], [ 42.1806674, 26.183147 ], [ 42.116031, 26.183147 ], [ 42.0675536, 26.1669879 ], [ 42.000224, 26.1212038 ], [ 41.9688602, 26.0961135 ], [ 41.9167353, 26.1292833 ], [ 41.8063147, 26.1750675 ], [ 41.7874624, 26.2585562 ], [ 41.7982351, 26.3016472 ], [ 41.8278601, 26.3474313 ], [ 41.8305533, 26.3770564 ], [ 41.8682579, 26.4255337 ], [ 41.8898034, 26.4497724 ], [ 41.9652126, 26.4820906 ], [ 41.9490535, 26.5736589 ], [ 41.9436671, 26.6409885 ], [ 41.9463603, 26.692159 ], [ 41.9703926, 26.7518421 ], [ 41.9750137, 26.7455901 ], [ 42.0066968, 26.7405208 ], [ 42.0371125, 26.7607979 ], [ 42.0637263, 26.7595306 ], [ 42.0865381, 26.7316495 ], [ 42.1625775, 26.7354515 ], [ 42.1651122, 26.6720853 ], [ 42.2145378, 26.6188577 ], [ 42.2588941, 26.6074518 ], [ 42.2639634, 26.5592935 ] ] ] ] } },
{ "type": "Feature", "properties": { "shapeName": "Uyun Al Jawa", "shapeISO": "None", "shapeID": "SAU-ADM2-3_0_0-B82", "shapeGroup": "SAU", "shapeType": "ADM2" }, "geometry": { "type": "MultiPolygon", "coordinates": [ [ [ [ 43.6376806, 26.3824427 ], [ 43.6107488, 26.3905223 ], [ 43.5568851, 26.3905223 ], [ 43.5084077, 26.3932155 ], [ 43.4733963, 26.4336132 ], [ 43.4356917, 26.4497724 ], [ 43.4114531, 26.4632383 ], [ 43.4033735, 26.4928633 ], [ 43.4033735, 26.517102 ], [ 43.4383849, 26.5413407 ], [ 43.4733963, 26.5548066 ], [ 43.5218737, 26.5736589 ], [ 43.5838169, 26.5817384 ], [ 43.6565329, 26.5925112 ], [ 43.7050103, 26.6086703 ], [ 43.7427149, 26.6221362 ], [ 43.7858058, 26.5844316 ], [ 43.8019649, 26.5628861 ], [ 43.8127377, 26.5117156 ], [ 43.8046581, 26.474011 ], [ 43.7615672, 26.4470792 ], [ 43.7292489, 26.4201473 ], [ 43.741099, 26.3845973 ], [ 43.7130898, 26.3959087 ], [ 43.6376806, 26.3824427 ] ] ] ] } },
{ "type": "Feature", "properties": { "shapeName": "Al Bukayriyah", "shapeISO": "None", "shapeID": "SAU-ADM2-3_0_0-B83", "shapeGroup": "SAU", "shapeType": "ADM2" }, "geometry": { "type": "MultiPolygon", "coordinates": [ [ [ [ 43.7427149, 26.6221362 ], [ 43.7050103, 26.6086703 ], [ 43.6565329, 26.5925112 ], [ 43.5838169, 26.5817384 ], [ 43.5218737, 26.5736589 ], [ 43.4733963, 26.5548066 ], [ 43.4383849, 26.5413407 ], [ 43.4033735, 26.517102 ], [ 43.4033735, 26.4928633 ], [ 43.4114531, 26.4632383 ], [ 43.4356917, 26.4497724 ], [ 43.4733963, 26.4336132 ], [ 43.5084077, 26.3932155 ], [ 43.5568851, 26.3905223 ], [ 43.6107488, 26.3905223 ], [ 43.6376806, 26.3824427 ], [ 43.7130898, 26.3959087 ], [ 43.741099, 26.3845973 ], [ 43.7427149, 26.3797495 ], [ 43.8252429, 26.2096918 ], [ 43.7992718, 26.1966129 ], [ 43.7561808, 26.153522 ], [ 43.7184762, 26.1265901 ], [ 43.6753852, 26.1265901 ], [ 43.6322943, 26.153522 ], [ 43.6107488, 26.1966129 ], [ 43.5811237, 26.2397039 ], [ 43.5218737, 26.2289312 ], [ 43.4787827, 26.2289312 ], [ 43.4626236, 26.2666358 ], [ 43.4599304, 26.3151131 ], [ 43.4383849, 26.3770564 ], [ 43.3710553, 26.3635904 ], [ 43.3252711, 26.3501245 ], [ 43.2821802, 26.3258858 ], [ 43.2229301, 26.3312722 ], [ 43.1475209, 26.37167 ], [ 43.1098163, 26.3608972 ], [ 43.0774981, 26.3204995 ], [ 42.9967025, 26.3043404 ], [ 42.9724639, 26.3151131 ], [ 42.945532, 26.3339654 ], [ 42.9132138, 26.3608972 ], [ 42.8647365, 26.3608972 ], [ 42.7731682, 26.37167 ], [ 42.7462363, 26.4201473 ], [ 42.7031454, 26.4389996 ], [ 42.5754676, 26.4586264 ], [ 42.5873384, 26.4659315 ], [ 42.6008043, 26.5332611 ], [ 42.6008043, 26.5871248 ], [ 42.6027394, 26.6520071 ], [ 42.6986553, 26.7278475 ], [ 42.7138631, 26.7772731 ], [ 42.768358, 26.83557 ], [ 42.8646746, 26.874857 ], [ 42.9179022, 26.8989362 ], [ 42.9559219, 26.9014708 ], [ 42.9787337, 26.8837283 ], [ 43.019288, 26.8685204 ], [ 43.0459018, 26.8799263 ], [ 43.0737829, 26.9192134 ], [ 43.1206739, 26.9331539 ], [ 43.1662975, 26.957233 ], [ 43.1840268, 27.0294165 ], [ 43.1959983, 26.9695571 ], [ 43.2444756, 26.9668639 ], [ 43.2606347, 26.9776367 ], [ 43.2741006, 26.9507048 ], [ 43.3010325, 26.9130002 ], [ 43.309112, 26.8752956 ], [ 43.309112, 26.8214319 ], [ 43.309112, 26.7298636 ], [ 43.3414303, 26.692159 ], [ 43.3872144, 26.7190909 ], [ 43.4276122, 26.7433296 ], [ 43.454544, 26.7541023 ], [ 43.5030214, 26.7217841 ], [ 43.5541919, 26.7244773 ], [ 43.5757374, 26.7945001 ], [ 43.6215215, 26.8025796 ], [ 43.6915443, 26.7325568 ], [ 43.758874, 26.6813863 ], [ 43.7427149, 26.6221362 ] ] ] ] } },
{ "type": "Feature", "properties": { "shapeName": "Khulays", "shapeISO": "None", "shapeID": "SAU-ADM2-3_0_0-B84", "shapeGroup": "SAU", "shapeType": "ADM2" }, "geometry": { "type": "MultiPolygon", "coordinates": [ [ [ [ 39.6975506, 21.909062 ], [ 39.6032891, 21.909062 ], [ 39.5413459, 21.9171416 ], [ 39.484789, 21.9440734 ], [ 39.441698, 21.9575394 ], [ 39.3797548, 21.9790848 ], [ 39.3205047, 22.0921986 ], [ 39.3124251, 22.2026192 ], [ 39.2370159, 22.2807216 ], [ 39.1966182, 22.3534376 ], [ 39.2020045, 22.3534376 ], [ 39.2585614, 22.358824 ], [ 39.3124251, 22.4396195 ], [ 39.3609025, 22.4854037 ], [ 39.3905275, 22.5204151 ], [ 39.4255389, 22.5419606 ], [ 39.4794026, 22.563506 ], [ 39.4901754, 22.6119834 ], [ 39.5171072, 22.6631539 ], [ 39.5305731, 22.7008585 ], [ 39.5628914, 22.7439495 ], [ 39.6032891, 22.7547222 ], [ 39.630221, 22.7601086 ], [ 39.6436869, 22.7331767 ], [ 39.6463801, 22.7035517 ], [ 39.6975506, 22.7116312 ], [ 39.7433348, 22.7412563 ], [ 39.7783462, 22.7789609 ], [ 39.805278, 22.8085859 ], [ 39.8118516, 22.8106618 ], [ 39.8268235, 22.8058927 ], [ 39.8241303, 22.7439495 ], [ 39.8241303, 22.6900857 ], [ 39.8322099, 22.6227561 ], [ 39.8133576, 22.5473469 ], [ 39.7891189, 22.4773241 ], [ 39.7406416, 22.4153809 ], [ 39.6921642, 22.358824 ], [ 39.6706188, 22.3130398 ], [ 39.5952096, 22.272642 ], [ 39.5655845, 22.2510966 ], [ 39.6086755, 22.2403238 ], [ 39.6517665, 22.2214715 ], [ 39.6894711, 22.2080056 ], [ 39.7298688, 22.1756874 ], [ 39.732562, 22.1433691 ], [ 39.8025848, 22.1649146 ], [ 39.8591417, 22.1649146 ], [ 39.9183918, 22.1649146 ], [ 39.95071, 22.1649146 ], [ 39.9587896, 22.1137441 ], [ 39.9399373, 22.0652668 ], [ 39.9318577, 22.0140963 ], [ 39.9183918, 21.9575394 ], [ 39.9156986, 21.9359939 ], [ 39.8160508, 21.922528 ], [ 39.6975506, 21.909062 ] ] ] ] } },
{ "type": "Feature", "properties": { "shapeName": "Al Kamil", "shapeISO": "None", "shapeID": "SAU-ADM2-3_0_0-B85", "shapeGroup": "SAU", "shapeType": "ADM2" }, "geometry": { "type": "MultiPolygon", "coordinates": [ [ [ [ 39.9515398, 22.1596593 ], [ 39.95071, 22.1649146 ], [ 39.8591417, 22.1649146 ], [ 39.8025848, 22.1649146 ], [ 39.732562, 22.1433691 ], [ 39.7298688, 22.1756874 ], [ 39.6894711, 22.2080056 ], [ 39.6517665, 22.2214715 ], [ 39.6086755, 22.2403238 ], [ 39.5655845, 22.2510966 ], [ 39.5952096, 22.272642 ], [ 39.6706188, 22.3130398 ], [ 39.6921642, 22.358824 ], [ 39.7406416, 22.4153809 ], [ 39.7891189, 22.4773241 ], [ 39.8133576, 22.5473469 ], [ 39.8322099, 22.6227561 ], [ 39.8241303, 22.6900857 ], [ 39.8241303, 22.7439495 ], [ 39.8268235, 22.8058927 ], [ 39.8118516, 22.8106618 ], [ 39.8564485, 22.824745 ], [ 39.8576061, 22.8326552 ], [ 39.89146, 22.8301314 ], [ 39.9480168, 22.8112791 ], [ 40.0638238, 22.7897336 ], [ 40.1284603, 22.7601086 ], [ 40.1742444, 22.7304835 ], [ 40.1769376, 22.6981653 ], [ 40.2200286, 22.5796652 ], [ 40.2847214, 22.5219421 ], [ 40.2092558, 22.4450059 ], [ 40.182324, 22.3992217 ], [ 40.168858, 22.3265057 ], [ 40.1149943, 22.243017 ], [ 40.0557443, 22.1918465 ], [ 39.9830283, 22.1756874 ], [ 39.9560964, 22.1649146 ], [ 39.9515398, 22.1596593 ] ] ] ] } },
{ "type": "Feature", "properties": { "shapeName": "Al Jumum", "shapeISO": "None", "shapeID": "SAU-ADM2-3_0_0-B86", "shapeGroup": "SAU", "shapeType": "ADM2" }, "geometry": { "type": "MultiPolygon", "coordinates": [ [ [ [ 39.3716752, 21.9925508 ], [ 39.3790695, 21.9803931 ], [ 39.3797548, 21.9790848 ], [ 39.441698, 21.9575394 ], [ 39.484789, 21.9440734 ], [ 39.5413459, 21.9171416 ], [ 39.6032891, 21.909062 ], [ 39.6975506, 21.909062 ], [ 39.8160508, 21.922528 ], [ 39.9156986, 21.9359939 ], [ 39.9183918, 21.9575394 ], [ 39.9318577, 22.0140963 ], [ 39.9399373, 22.0652668 ], [ 39.9587896, 22.1137441 ], [ 39.9515398, 22.1596593 ], [ 39.9560964, 22.1649146 ], [ 39.9830283, 22.1756874 ], [ 40.0557443, 22.1918465 ], [ 40.1149943, 22.243017 ], [ 40.168858, 22.3265057 ], [ 40.182324, 22.3992217 ], [ 40.2092558, 22.4450059 ], [ 40.2847214, 22.5219421 ], [ 40.293207, 22.4588451 ], [ 40.3062105, 22.4476991 ], [ 40.3358355, 22.4019149 ], [ 40.3304491, 22.3561308 ], [ 40.3493014, 22.2941875 ], [ 40.3921365, 22.2928058 ], [ 40.5997677, 22.286108 ], [ 40.6455518, 22.2510966 ], [ 40.7101883, 22.2214715 ], [ 40.7155746, 22.199926 ], [ 40.6805632, 22.06796 ], [ 40.6563246, 22.0167894 ], [ 40.5900042, 21.9592114 ], [ 40.5537406, 21.9113562 ], [ 40.4854974, 21.8717798 ], [ 40.3610206, 21.855841 ], [ 40.2833039, 21.8458888 ], [ 40.2480296, 21.8058661 ], [ 40.1344714, 21.7592398 ], [ 40.0335433, 21.6965469 ], [ 39.9974851, 21.6346808 ], [ 39.9857214, 21.6262776 ], [ 39.9372441, 21.5858798 ], [ 39.8443343, 21.5071639 ], [ 39.7737856, 21.474342 ], [ 39.7564875, 21.4501941 ], [ 39.6718819, 21.4305679 ], [ 39.5709709, 21.5266297 ], [ 39.5709709, 21.5562548 ], [ 39.514414, 21.6020389 ], [ 39.4632435, 21.6343571 ], [ 39.4497776, 21.6720617 ], [ 39.4713231, 21.6989936 ], [ 39.4982549, 21.7259254 ], [ 39.4955617, 21.7797891 ], [ 39.4201525, 21.8471188 ], [ 39.368982, 21.879437 ], [ 39.3501297, 21.9333007 ], [ 39.3716752, 21.9925508 ] ] ] ] } },
{ "type": "Feature", "properties": { "shapeName": "Jeddah", "shapeISO": "None", "shapeID": "SAU-ADM2-3_0_0-B87", "shapeGroup": "SAU", "shapeType": "ADM2" }, "geometry": { "type": "MultiPolygon", "coordinates": [ [ [ [ 39.137613, 22.3534376 ], [ 39.1966182, 22.3534376 ], [ 39.2370159, 22.2807216 ], [ 39.3124251, 22.2026192 ], [ 39.3205047, 22.0921986 ], [ 39.3790695, 21.9803931 ], [ 39.3716752, 21.9925508 ], [ 39.3501297, 21.9333007 ], [ 39.368982, 21.879437 ], [ 39.4201525, 21.8471188 ], [ 39.4955617, 21.7797891 ], [ 39.4982549, 21.7259254 ], [ 39.4713231, 21.6989936 ], [ 39.4497776, 21.6720617 ], [ 39.4632435, 21.6343571 ], [ 39.514414, 21.6020389 ], [ 39.5709709, 21.5562548 ], [ 39.5709709, 21.5266297 ], [ 39.6718819, 21.4305679 ], [ 39.6601238, 21.3721819 ], [ 39.6444463, 21.317424 ], [ 39.6170107, 21.2772552 ], [ 39.4955102, 21.2151545 ], [ 39.4288808, 21.1201265 ], [ 39.346574, 21.0506445 ], [ 39.3016524, 21.0418564 ], [ 39.253175, 21.0903337 ], [ 39.2020045, 21.2142202 ], [ 39.1696863, 21.2869362 ], [ 39.1723795, 21.3381068 ], [ 39.2073909, 21.3731182 ], [ 39.2316296, 21.4242887 ], [ 39.2127773, 21.4916183 ], [ 39.1535272, 21.5374025 ], [ 39.1292885, 21.5993457 ], [ 39.1265953, 21.6801413 ], [ 39.1481408, 21.7286186 ], [ 39.1158226, 21.7744028 ], [ 39.0565725, 21.8174937 ], [ 39.005402, 21.909062 ], [ 38.9811633, 21.981778 ], [ 38.9811633, 22.0221758 ], [ 39.048493, 22.0814259 ], [ 39.0888907, 22.1487555 ], [ 39.1185158, 22.2591761 ], [ 39.1400613, 22.2995739 ], [ 39.137613, 22.3534376 ] ] ] ] } },
{ "type": "Feature", "properties": { "shapeName": "Mahd adh Dhahab", "shapeISO": "None", "shapeID": "SAU-ADM2-3_0_0-B88", "shapeGroup": "SAU", "shapeType": "ADM2" }, "geometry": { "type": "MultiPolygon", "coordinates": [ [ [ [ 42.1294969, 23.8373827 ], [ 42.0702468, 23.8643145 ], [ 41.9744174, 23.8661369 ], [ 41.9248225, 23.8502007 ], [ 41.9065715, 23.781326 ], [ 41.8416326, 23.7631671 ], [ 41.7923381, 23.796074 ], [ 41.7126546, 23.7959388 ], [ 41.696685, 23.7562716 ], [ 41.6559397, 23.6988775 ], [ 41.6282438, 23.6601851 ], [ 41.5894604, 23.6434671 ], [ 41.5118936, 23.6622746 ], [ 41.5089581, 23.6632829 ], [ 41.4992915, 23.5303595 ], [ 41.4211892, 23.4953481 ], [ 41.4131096, 23.449564 ], [ 41.3996437, 23.376848 ], [ 41.3969505, 23.2637342 ], [ 41.418496, 23.2206432 ], [ 41.4642801, 23.1613932 ], [ 41.4885188, 23.1048363 ], [ 41.3975932, 23.0705644 ], [ 41.2953324, 23.0447354 ], [ 41.2492344, 23.0504256 ], [ 41.1752777, 23.0477753 ], [ 41.152771, 23.0249977 ], [ 41.1294403, 23.0038872 ], [ 41.1113815, 22.9852753 ], [ 41.0953138, 22.9163133 ], [ 41.054916, 22.9243929 ], [ 41.0380632, 22.9243929 ], [ 41.0166626, 22.9077759 ], [ 40.9506982, 22.8654268 ], [ 40.9418022, 22.8516769 ], [ 40.9310295, 22.8139723 ], [ 40.9202567, 22.7412563 ], [ 40.8825521, 22.7170176 ], [ 40.8098361, 22.6685403 ], [ 40.7667452, 22.649688 ], [ 40.7101883, 22.6254493 ], [ 40.7006752, 22.6222785 ], [ 40.6838256, 22.5960014 ], [ 40.6552117, 22.607124 ], [ 40.6455518, 22.6039038 ], [ 40.6240063, 22.6092902 ], [ 40.6207917, 22.6232214 ], [ 40.5734912, 22.660409 ], [ 40.501307, 22.654858 ], [ 40.4571945, 22.6400539 ], [ 40.4191666, 22.6324997 ], [ 40.3958282, 22.623333 ], [ 40.3719406, 22.6041641 ], [ 40.3527756, 22.5819435 ], [ 40.2847214, 22.5219421 ], [ 40.2200286, 22.5796652 ], [ 40.1769376, 22.6981653 ], [ 40.1742444, 22.7304835 ], [ 40.1284603, 22.7601086 ], [ 40.0638238, 22.7897336 ], [ 39.9480168, 22.8112791 ], [ 39.89146, 22.8301314 ], [ 39.8576061, 22.8326552 ], [ 39.8726077, 22.9351656 ], [ 39.8726077, 22.9863361 ], [ 39.8833804, 23.0348135 ], [ 39.8775862, 23.0498794 ], [ 39.9291645, 23.085984 ], [ 39.9587896, 23.115609 ], [ 39.9749487, 23.1479272 ], [ 39.9964942, 23.1829386 ], [ 40.0476647, 23.2260296 ], [ 40.0584374, 23.1344613 ], [ 40.0772897, 23.1129158 ], [ 40.1176875, 23.0940635 ], [ 40.1607785, 23.0886772 ], [ 40.2011763, 23.1075295 ], [ 40.2146422, 23.1452341 ], [ 40.1957899, 23.1964046 ], [ 40.1850171, 23.2287228 ], [ 40.1957899, 23.3202911 ], [ 40.1904035, 23.3606889 ], [ 40.2711991, 23.4280185 ], [ 40.2738923, 23.4684163 ], [ 40.2819718, 23.5034277 ], [ 40.2418617, 23.5212546 ], [ 40.2604263, 23.5707573 ], [ 40.2900514, 23.624621 ], [ 40.3115969, 23.6650188 ], [ 40.327756, 23.7027234 ], [ 40.3708469, 23.7538939 ], [ 40.4247106, 23.7619735 ], [ 40.4758812, 23.7942917 ], [ 40.430097, 23.8346895 ], [ 40.4381766, 23.8616213 ], [ 40.4624152, 23.8912464 ], [ 40.4947334, 23.9235646 ], [ 40.5512903, 23.9451101 ], [ 40.6024609, 23.9855079 ], [ 40.6536314, 23.9908942 ], [ 40.6994155, 23.9720419 ], [ 40.720961, 23.9720419 ], [ 40.7613588, 23.988201 ], [ 40.7775179, 24.0124397 ], [ 40.8556203, 24.0770762 ], [ 40.9014044, 24.0959284 ], [ 40.9337226, 24.1282467 ], [ 40.9741204, 24.1578717 ], [ 41.0306773, 24.1848036 ], [ 41.0872342, 24.1794172 ], [ 41.1249388, 24.1578717 ], [ 41.1841889, 24.1228603 ], [ 41.2515185, 24.1417126 ], [ 41.2892231, 24.1605649 ], [ 41.3377004, 24.176724 ], [ 41.4077233, 24.2036559 ], [ 41.4427347, 24.2575196 ], [ 41.4804393, 24.2844514 ], [ 41.5369961, 24.3302356 ], [ 41.5747007, 24.3625538 ], [ 41.5989394, 24.4056448 ], [ 41.636644, 24.4406562 ], [ 41.7174396, 24.4514289 ], [ 41.8494056, 24.4514289 ], [ 41.8763375, 24.4648948 ], [ 41.9086557, 24.4514289 ], [ 41.9598262, 24.4218039 ], [ 42.0783264, 24.4487357 ], [ 42.102565, 24.4702812 ], [ 42.1537356, 24.4756676 ], [ 42.1682911, 24.4683349 ], [ 42.1859069, 24.4409325 ], [ 42.1585045, 24.3880852 ], [ 42.1585045, 24.3567682 ], [ 42.2015653, 24.3156647 ], [ 42.142846, 24.2765185 ], [ 42.142846, 24.1708237 ], [ 42.1604618, 24.1140617 ], [ 42.1976507, 24.0847021 ], [ 42.1565472, 24.0553424 ], [ 42.1232729, 24.0005377 ], [ 42.1565472, 23.9320319 ], [ 42.1294969, 23.8373827 ] ] ] ] } },
{ "type": "Feature", "properties": { "shapeName": "Duruma", "shapeISO": "None", "shapeID": "SAU-ADM2-3_0_0-B89", "shapeGroup": "SAU", "shapeType": "ADM2" }, "geometry": { "type": "MultiPolygon", "coordinates": [ [ [ [ 46.473226, 24.5384945 ], [ 46.5258273, 24.5121939 ], [ 46.620599, 24.4193132 ], [ 46.6176242, 24.4205031 ], [ 46.5962161, 24.4266197 ], [ 46.5411667, 24.429678 ], [ 46.4677676, 24.4327363 ], [ 46.4127182, 24.4480278 ], [ 46.3393191, 24.4908439 ], [ 46.3056778, 24.5091937 ], [ 46.2506285, 24.5275435 ], [ 46.1986374, 24.5091937 ], [ 46.1466464, 24.4939022 ], [ 46.0732473, 24.5550682 ], [ 46.0059647, 24.5917678 ], [ 45.9233907, 24.5917678 ], [ 45.8530499, 24.6284673 ], [ 45.7890327, 24.6350898 ], [ 45.8056948, 24.7719179 ], [ 45.7659931, 24.8137092 ], [ 45.7828343, 24.8080761 ], [ 45.8485858, 24.8146512 ], [ 45.9472132, 24.8146512 ], [ 45.9932394, 24.8672525 ], [ 46.0589909, 24.9264289 ], [ 46.0984419, 24.9264289 ], [ 46.1641935, 24.9330041 ], [ 46.2036444, 24.9132786 ], [ 46.2167948, 24.8804028 ], [ 46.2036444, 24.8409519 ], [ 46.2233699, 24.8343767 ], [ 46.2759712, 24.8212264 ], [ 46.308847, 24.7817754 ], [ 46.3351476, 24.7752003 ], [ 46.3943241, 24.7686251 ], [ 46.4206247, 24.7686251 ], [ 46.433775, 24.7291742 ], [ 46.4140495, 24.683148 ], [ 46.3943241, 24.6568474 ], [ 46.3614483, 24.6173964 ], [ 46.3943241, 24.5910958 ], [ 46.473226, 24.5384945 ] ] ] ] } },
{ "type": "Feature", "properties": { "shapeName": "Ar-Riyad", "shapeISO": "None", "shapeID": "SAU-ADM2-3_0_0-B90", "shapeGroup": "SAU", "shapeType": "ADM2" }, "geometry": { "type": "MultiPolygon", "coordinates": [ [ [ [ 46.638394, 25.3453981 ], [ 46.649806, 25.3503911 ], [ 46.6902558, 25.3261212 ], [ 46.7412442, 25.3110135 ], [ 46.7790134, 25.2940174 ], [ 46.8130056, 25.2751328 ], [ 46.8507748, 25.2581367 ], [ 46.8772132, 25.2505828 ], [ 46.9451977, 25.2203675 ], [ 46.95464, 25.1882637 ], [ 46.9735246, 25.152383 ], [ 46.9961861, 25.1334984 ], [ 46.9961861, 25.0881754 ], [ 46.9905207, 25.0352985 ], [ 47.0075169, 25.0069717 ], [ 47.0207361, 24.9692025 ], [ 47.0566168, 24.9522064 ], [ 47.2492396, 24.9333218 ], [ 47.2907857, 24.9522064 ], [ 47.3625471, 24.9370987 ], [ 47.460747, 25.0239678 ], [ 47.5155123, 25.0258562 ], [ 47.5646122, 25.0239678 ], [ 47.5902325, 25.0204741 ], [ 47.6231545, 24.9710909 ], [ 47.6647005, 24.8955526 ], [ 47.7043582, 24.8332334 ], [ 47.7289081, 24.7652489 ], [ 47.736462, 24.600953 ], [ 47.7440158, 24.5121954 ], [ 47.6187883, 24.4452141 ], [ 47.480064, 24.3857609 ], [ 47.396389, 24.375852 ], [ 47.3666623, 24.3516303 ], [ 47.3347337, 24.3538322 ], [ 47.309411, 24.376953 ], [ 47.3017041, 24.3835589 ], [ 47.1938073, 24.3230046 ], [ 47.1684846, 24.3450243 ], [ 47.137657, 24.3538322 ], [ 46.9967307, 24.3659431 ], [ 46.965903, 24.3340145 ], [ 46.9581961, 24.3064898 ], [ 46.971408, 24.2283197 ], [ 46.8668142, 24.2338246 ], [ 46.8271787, 24.2613493 ], [ 46.7809372, 24.2723592 ], [ 46.7402007, 24.292177 ], [ 46.6853307, 24.298687 ], [ 46.6237407, 24.3409874 ], [ 46.6543237, 24.3838035 ], [ 46.6482071, 24.4082699 ], [ 46.620599, 24.4193132 ], [ 46.5258273, 24.5121939 ], [ 46.473226, 24.5384945 ], [ 46.4657, 24.5435119 ], [ 46.5079428, 24.5879397 ], [ 46.5626481, 24.6131883 ], [ 46.6005211, 24.6678937 ], [ 46.6131454, 24.7268071 ], [ 46.596313, 24.7773043 ], [ 46.5416076, 24.8193853 ], [ 46.5205671, 24.8698826 ], [ 46.474278, 24.9161717 ], [ 46.4616537, 24.9750851 ], [ 46.4580054, 24.9818605 ], [ 46.4658618, 24.9835013 ], [ 46.5037347, 25.0171661 ], [ 46.5626481, 25.055039 ], [ 46.5668562, 25.1181606 ], [ 46.5752725, 25.2023226 ], [ 46.5836887, 25.2570279 ], [ 46.6005211, 25.3243576 ], [ 46.638394, 25.3453981 ] ] ] ] } },
{ "type": "Feature", "properties": { "shapeName": "Ad-Diriyah", "shapeISO": "None", "shapeID": "SAU-ADM2-3_0_0-B91", "shapeGroup": "SAU", "shapeType": "ADM2" }, "geometry": { "type": "MultiPolygon", "coordinates": [ [ [ [ 46.1491262, 25.4004215 ], [ 46.1692748, 25.4236688 ], [ 46.2042862, 25.4936916 ], [ 46.2527635, 25.5475553 ], [ 46.3120136, 25.5852599 ], [ 46.347025, 25.6337372 ], [ 46.4048004, 25.6380169 ], [ 46.4107639, 25.60939 ], [ 46.4315369, 25.5942823 ], [ 46.4674177, 25.5753978 ], [ 46.5127407, 25.5942823 ], [ 46.5448445, 25.6131669 ], [ 46.5845021, 25.5999477 ], [ 46.5996098, 25.5791747 ], [ 46.612829, 25.5659555 ], [ 46.6524866, 25.5565132 ], [ 46.6713712, 25.539517 ], [ 46.6675943, 25.5017479 ], [ 46.6449328, 25.4809748 ], [ 46.6071636, 25.448871 ], [ 46.588279, 25.4148788 ], [ 46.6430443, 25.3544481 ], [ 46.649806, 25.3503911 ], [ 46.638394, 25.3453981 ], [ 46.6005211, 25.3243576 ], [ 46.5836887, 25.2570279 ], [ 46.5752725, 25.2023226 ], [ 46.5668562, 25.1181606 ], [ 46.5626481, 25.055039 ], [ 46.5037347, 25.0171661 ], [ 46.4658618, 24.9835013 ], [ 46.4580054, 24.9818605 ], [ 46.4616537, 24.9750851 ], [ 46.474278, 24.9161717 ], [ 46.5205671, 24.8698826 ], [ 46.5416076, 24.8193853 ], [ 46.596313, 24.7773043 ], [ 46.6131454, 24.7268071 ], [ 46.6005211, 24.6678937 ], [ 46.5626481, 24.6131883 ], [ 46.5079428, 24.5879397 ], [ 46.4657, 24.5435119 ], [ 46.3943241, 24.5910958 ], [ 46.3614483, 24.6173964 ], [ 46.3943241, 24.6568474 ], [ 46.4140495, 24.683148 ], [ 46.433775, 24.7291742 ], [ 46.4206247, 24.7686251 ], [ 46.3943241, 24.7686251 ], [ 46.3351476, 24.7752003 ], [ 46.308847, 24.7817754 ], [ 46.2759712, 24.8212264 ], [ 46.2233699, 24.8343767 ], [ 46.2036444, 24.8409519 ], [ 46.2167948, 24.8804028 ], [ 46.2036444, 24.9132786 ], [ 46.1641935, 24.9330041 ], [ 46.0984419, 24.9264289 ], [ 46.0589909, 24.9264289 ], [ 45.9932394, 24.8672525 ], [ 45.9472132, 24.8146512 ], [ 45.8485858, 24.8146512 ], [ 45.7828343, 24.8080761 ], [ 45.7659931, 24.8137092 ], [ 45.7545242, 24.8257817 ], [ 45.7383651, 24.8580999 ], [ 45.7356719, 24.8958045 ], [ 45.7679902, 24.9442818 ], [ 45.794922, 25.0035319 ], [ 45.8757176, 25.0439297 ], [ 46.0076837, 25.1435775 ], [ 46.0777065, 25.1974412 ], [ 46.1369566, 25.237839 ], [ 46.1396497, 25.3051686 ], [ 46.1342634, 25.383271 ], [ 46.1491262, 25.4004215 ] ] ] ] } },
{ "type": "Feature", "properties": { "shapeName": "Ar Rass", "shapeISO": "None", "shapeID": "SAU-ADM2-3_0_0-B92", "shapeGroup": "SAU", "shapeType": "ADM2" }, "geometry": { "type": "MultiPolygon", "coordinates": [ [ [ [ 43.8073915, 25.3583053 ], [ 43.7858058, 25.3240209 ], [ 43.7696467, 25.28093 ], [ 43.7696467, 25.2620777 ], [ 43.7804195, 25.2109071 ], [ 43.540726, 25.2109071 ], [ 43.540726, 25.2351458 ], [ 43.5461123, 25.310555 ], [ 43.5353396, 25.3671119 ], [ 43.5030214, 25.426362 ], [ 43.4707032, 25.4775325 ], [ 43.4518509, 25.5556349 ], [ 43.4303054, 25.5906463 ], [ 43.3710553, 25.6229645 ], [ 43.3710553, 25.6822146 ], [ 43.3764417, 25.7737829 ], [ 43.3979872, 25.8087943 ], [ 43.424919, 25.8464989 ], [ 43.4276122, 25.8842035 ], [ 43.4356917, 25.9326808 ], [ 43.4437713, 26.0000104 ], [ 43.4599304, 26.0215559 ], [ 43.4733963, 26.0404082 ], [ 43.4841691, 26.0888855 ], [ 43.4760895, 26.1185106 ], [ 43.4922486, 26.1804538 ], [ 43.4922486, 26.2289312 ], [ 43.5218737, 26.2289312 ], [ 43.5811237, 26.2397039 ], [ 43.6043051, 26.2059855 ], [ 43.6069996, 26.2020663 ], [ 43.6269079, 26.1373629 ], [ 43.6053624, 26.0673401 ], [ 43.6188283, 26.0027036 ], [ 43.6322943, 25.9272944 ], [ 43.6753852, 25.8895898 ], [ 43.686158, 25.8545784 ], [ 43.672692, 25.8141806 ], [ 43.6592261, 25.7576237 ], [ 43.6834648, 25.7387715 ], [ 43.7077035, 25.7091464 ], [ 43.7265558, 25.6660555 ], [ 43.7292489, 25.601419 ], [ 43.7750331, 25.5610212 ], [ 43.8208172, 25.5098507 ], [ 43.8034956, 25.4763689 ], [ 43.7976558, 25.4719307 ], [ 43.7959322, 25.3581705 ], [ 43.8073915, 25.3583053 ] ] ] ] } },
{ "type": "Feature", "properties": { "shapeName": "Al Badayea", "shapeISO": "None", "shapeID": "SAU-ADM2-3_0_0-B93", "shapeGroup": "SAU", "shapeType": "ADM2" }, "geometry": { "type": "MultiPolygon", "coordinates": [ [ [ [ 43.30852, 25.0993162 ], [ 43.206771, 25.1085661 ], [ 43.1906119, 25.1624298 ], [ 43.1690664, 25.1597366 ], [ 43.1259754, 25.1516571 ], [ 43.0897865, 25.1361481 ], [ 43.090964, 25.1462707 ], [ 43.0830459, 25.1497899 ], [ 43.0424867, 25.1678162 ], [ 42.9993957, 25.1812821 ], [ 42.5981111, 25.208214 ], [ 42.5765656, 25.2324526 ], [ 42.5657929, 25.3213277 ], [ 42.5415542, 25.3482596 ], [ 42.4769178, 25.3482596 ], [ 42.4580655, 25.2593845 ], [ 42.4621198, 25.1918133 ], [ 42.4661451, 25.1247252 ], [ 42.3584176, 25.1058729 ], [ 42.3153267, 25.0897138 ], [ 42.1618151, 25.0816343 ], [ 42.1187242, 25.0331569 ], [ 42.102565, 25.0116114 ], [ 42.0190763, 25.0089183 ], [ 41.8817239, 25.1462707 ], [ 41.7686101, 25.1516571 ], [ 41.593553, 25.3428732 ], [ 41.4750529, 25.3698051 ], [ 41.34578, 25.5044643 ], [ 41.3431253, 25.5047593 ], [ 41.3511664, 25.5664076 ], [ 41.4023369, 25.5933395 ], [ 41.4508142, 25.631044 ], [ 41.4831324, 25.6849077 ], [ 41.4939052, 25.7064532 ], [ 41.5046779, 25.7279987 ], [ 41.5666212, 25.7441578 ], [ 41.6770418, 25.7737829 ], [ 41.738985, 25.8141806 ], [ 41.7955419, 25.8734307 ], [ 41.8601784, 25.9219081 ], [ 41.9059625, 25.9973172 ], [ 41.9894513, 26.0484878 ], [ 41.9759853, 26.0915787 ], [ 41.9688602, 26.0961135 ], [ 42.000224, 26.1212038 ], [ 42.0675536, 26.1669879 ], [ 42.116031, 26.183147 ], [ 42.1806674, 26.183147 ], [ 42.1914402, 26.2801017 ], [ 42.1537356, 26.3312722 ], [ 42.1914402, 26.3608972 ], [ 42.2399175, 26.4120678 ], [ 42.2722357, 26.4659315 ], [ 42.2728346, 26.4718482 ], [ 42.3247949, 26.4579077 ], [ 42.3754878, 26.4604423 ], [ 42.4477252, 26.4971947 ], [ 42.4806757, 26.5554916 ], [ 42.6027394, 26.6520071 ], [ 42.6008043, 26.5871248 ], [ 42.6008043, 26.5332611 ], [ 42.5873384, 26.4659315 ], [ 42.5754676, 26.4586264 ], [ 42.7031454, 26.4389996 ], [ 42.7462363, 26.4201473 ], [ 42.7731682, 26.37167 ], [ 42.8647365, 26.3608972 ], [ 42.9132138, 26.3608972 ], [ 42.945532, 26.3339654 ], [ 42.9724639, 26.3151131 ], [ 42.9967025, 26.3043404 ], [ 43.0774981, 26.3204995 ], [ 43.1098163, 26.3608972 ], [ 43.1475209, 26.37167 ], [ 43.2229301, 26.3312722 ], [ 43.2821802, 26.3258858 ], [ 43.3252711, 26.3501245 ], [ 43.3710553, 26.3635904 ], [ 43.4383849, 26.3770564 ], [ 43.4599304, 26.3151131 ], [ 43.4626236, 26.2666358 ], [ 43.4787827, 26.2289312 ], [ 43.4922486, 26.2289312 ], [ 43.4922486, 26.1804538 ], [ 43.4760895, 26.1185106 ], [ 43.4841691, 26.0888855 ], [ 43.4733963, 26.0404082 ], [ 43.4599304, 26.0215559 ], [ 43.4437713, 26.0000104 ], [ 43.4356917, 25.9326808 ], [ 43.4276122, 25.8842035 ], [ 43.424919, 25.8464989 ], [ 43.3979872, 25.8087943 ], [ 43.3764417, 25.7737829 ], [ 43.3710553, 25.6822146 ], [ 43.3710553, 25.6229645 ], [ 43.4303054, 25.5906463 ], [ 43.4518509, 25.5556349 ], [ 43.4707032, 25.4775325 ], [ 43.5030214, 25.426362 ], [ 43.5353396, 25.3671119 ], [ 43.5461123, 25.310555 ], [ 43.540726, 25.2351458 ], [ 43.540726, 25.2109071 ], [ 43.5030214, 25.2109071 ], [ 43.4518509, 25.1866685 ], [ 43.4222258, 25.1705094 ], [ 43.3252711, 25.0977934 ], [ 43.30852, 25.0993162 ] ] ] ] } },
{ "type": "Feature", "properties": { "shapeName": "Jubail", "shapeISO": "None", "shapeID": "SAU-ADM2-3_0_0-B94", "shapeGroup": "SAU", "shapeType": "ADM2" }, "geometry": { "type": "MultiPolygon", "coordinates": [ [ [ [ 49.3269484, 27.2484286 ], [ 49.3412236, 27.2270157 ], [ 49.3599931, 27.2270157 ], [ 49.401286, 27.1519378 ], [ 49.4388249, 27.1143988 ], [ 49.4651022, 27.106891 ], [ 49.5026412, 27.1631995 ], [ 49.510149, 27.2120001 ], [ 49.4575944, 27.253293 ], [ 49.4651022, 27.3246171 ], [ 49.4801178, 27.3508943 ], [ 49.5251646, 27.362156 ], [ 49.5627035, 27.3659099 ], [ 49.581473, 27.3546482 ], [ 49.6302737, 27.3246171 ], [ 49.6865821, 27.3246171 ], [ 49.7353828, 27.2795703 ], [ 49.6715665, 27.2683086 ], [ 49.6115042, 27.2382774 ], [ 49.6152581, 27.1894768 ], [ 49.6039964, 27.1256605 ], [ 49.6115042, 27.0806137 ], [ 49.656551, 27.0843676 ], [ 49.6978438, 27.0918754 ], [ 49.7428906, 27.0881215 ], [ 49.727875, 27.0430748 ], [ 49.7203672, 27.0017819 ], [ 49.7241211, 26.9492273 ], [ 49.7428906, 26.9079345 ], [ 49.7879374, 26.9041806 ], [ 49.8404919, 26.8779033 ], [ 49.8930465, 26.8703955 ], [ 49.9380932, 26.8628877 ], [ 49.98314, 26.8215948 ], [ 50.0019095, 26.8103332 ], [ 49.9418471, 26.7690403 ], [ 49.874277, 26.7690403 ], [ 49.8142146, 26.7615325 ], [ 49.7317603, 26.7165856 ], [ 49.719948, 26.7321166 ], [ 49.6438054, 26.7538716 ], [ 49.5857919, 26.7889214 ], [ 49.44801, 26.8626468 ], [ 49.3066022, 26.9822996 ], [ 49.1595995, 27.1246763 ], [ 49.2059377, 27.174655 ], [ 49.2780344, 27.2222388 ], [ 49.3241762, 27.2409839 ], [ 49.3243094, 27.2424165 ], [ 49.324793, 27.2476147 ], [ 49.3269484, 27.2484286 ] ] ] ] } },
{ "type": "Feature", "properties": { "shapeName": "Qatif", "shapeISO": "None", "shapeID": "SAU-ADM2-3_0_0-B95", "shapeGroup": "SAU", "shapeType": "ADM2" }, "geometry": { "type": "MultiPolygon", "coordinates": [ [ [ [ 49.9923519, 26.8037633 ], [ 50.1032647, 26.7352552 ], [ 50.1783427, 26.6301461 ], [ 50.1896043, 26.5775915 ], [ 50.0957569, 26.6639312 ], [ 50.0732335, 26.671439 ], [ 50.0319407, 26.671439 ], [ 50.0244329, 26.6226383 ], [ 50.0544641, 26.596361 ], [ 50.1070186, 26.5775915 ], [ 50.167081, 26.5212831 ], [ 50.2196355, 26.4762363 ], [ 50.2271433, 26.378635 ], [ 50.2083738, 26.3298343 ], [ 50.2046199, 26.2472486 ], [ 50.1820966, 26.160909 ], [ 50.1708349, 26.1121083 ], [ 50.1558193, 26.0445381 ], [ 50.092003, 26.0820771 ], [ 50.0544641, 26.1458934 ], [ 49.9984935, 26.2131405 ], [ 49.9988356, 26.2174738 ], [ 50.0100153, 26.2535056 ], [ 50.0051809, 26.2921812 ], [ 49.9737569, 26.342943 ], [ 49.9882603, 26.449301 ], [ 49.9157435, 26.4746818 ], [ 49.7317603, 26.7165856 ], [ 49.8142146, 26.7615325 ], [ 49.874277, 26.7690403 ], [ 49.9418471, 26.7690403 ], [ 49.9923519, 26.8037633 ] ] ], [ [ [ 49.9923519, 26.8037633 ], [ 49.9756322, 26.814087 ], [ 49.9908686, 26.8169577 ], [ 50.0019095, 26.8103332 ], [ 49.9923519, 26.8037633 ] ] ] ] } },
{ "type": "Feature", "properties": { "shapeName": "Tathleeth", "shapeISO": "None", "shapeID": "SAU-ADM2-3_0_0-B96", "shapeGroup": "SAU", "shapeType": "ADM2" }, "geometry": { "type": "MultiPolygon", "coordinates": [ [ [ [ 43.4809537, 20.9481334 ], [ 43.5128663, 20.9591713 ], [ 43.6674957, 20.9761086 ], [ 43.6919403, 20.9616661 ], [ 43.7724991, 20.8916664 ], [ 43.8408122, 20.7804752 ], [ 43.8474011, 20.7503541 ], [ 43.9660919, 20.5607056 ], [ 44.0053809, 20.5321344 ], [ 44.0529194, 20.4812207 ], [ 44.0906243, 20.40222 ], [ 44.1024366, 20.3242587 ], [ 44.0977117, 20.1848735 ], [ 44.1071615, 20.121087 ], [ 44.2705123, 19.9074667 ], [ 44.2808175, 19.7560624 ], [ 44.2851384, 19.7168828 ], [ 44.2452665, 19.5640541 ], [ 44.2274168, 19.541922 ], [ 44.2100975, 19.4867209 ], [ 44.2144434, 19.4722667 ], [ 44.2362354, 19.4587945 ], [ 44.3841746, 19.4705231 ], [ 44.4190065, 19.4265233 ], [ 44.4544434, 19.4336106 ], [ 44.5560293, 19.4359731 ], [ 44.5155487, 19.3449974 ], [ 44.5041656, 19.3247185 ], [ 44.4830551, 19.3066635 ], [ 44.4374924, 19.28722 ], [ 44.4155502, 19.2794418 ], [ 44.3933258, 19.2699966 ], [ 44.3713837, 19.2533302 ], [ 44.3580551, 19.2311096 ], [ 44.351387, 19.2094421 ], [ 44.3536072, 19.1883316 ], [ 44.3586044, 19.1686096 ], [ 44.3727722, 19.1269417 ], [ 44.3788834, 19.1044426 ], [ 44.3858261, 19.0847206 ], [ 44.3911057, 19.0638885 ], [ 44.3961105, 19.040554 ], [ 44.3991623, 18.9963875 ], [ 44.4022217, 18.973053 ], [ 44.4008331, 18.933609 ], [ 44.3974991, 18.914444 ], [ 44.3899994, 18.8938866 ], [ 44.3802719, 18.871666 ], [ 44.3691635, 18.853054 ], [ 44.3527756, 18.8330536 ], [ 44.3338852, 18.8141632 ], [ 44.288887, 18.7880554 ], [ 44.2647171, 18.7749977 ], [ 44.2183304, 18.7563858 ], [ 44.1966629, 18.7505531 ], [ 44.1749954, 18.746666 ], [ 44.129715, 18.7405548 ], [ 44.1077728, 18.7338867 ], [ 44.0813828, 18.7191658 ], [ 44.0538864, 18.6899986 ], [ 44.0452728, 18.6674995 ], [ 44.0336075, 18.6277771 ], [ 44.0230484, 18.6063881 ], [ 44.0199838, 18.5689711 ], [ 43.975832, 18.4818485 ], [ 43.9402391, 18.5213058 ], [ 43.7207782, 18.7478017 ], [ 43.6139337, 18.8576137 ], [ 43.5107688, 18.9596552 ], [ 43.4714025, 18.9999781 ], [ 43.4177603, 18.9980996 ], [ 43.4045431, 18.9895075 ], [ 43.3371579, 19.129628 ], [ 43.1349448, 19.0914142 ], [ 43.1009641, 19.0355304 ], [ 43.0762067, 18.9894677 ], [ 42.9905069, 18.9056792 ], [ 42.8884374, 18.911145 ], [ 42.8876456, 19.0069962 ], [ 42.8876456, 19.0069972 ], [ 42.8845857, 19.1832943 ], [ 42.8778079, 19.2374273 ], [ 42.9121895, 19.3297924 ], [ 42.9926222, 19.3711098 ], [ 43.0002984, 19.3886957 ], [ 43.0433579, 19.4648357 ], [ 43.0002984, 19.5561565 ], [ 42.946474, 19.606868 ], [ 43.0164457, 19.6879731 ], [ 43.0541228, 19.7335767 ], [ 43.0595052, 19.8652472 ], [ 43.0595052, 19.9209211 ], [ 43.081035, 20.006924 ], [ 43.1833013, 20.09288 ], [ 43.1779189, 20.1888926 ], [ 43.1617715, 20.2394018 ], [ 43.118712, 20.2696994 ], [ 43.0917999, 20.3706488 ], [ 43.0702701, 20.4261429 ], [ 42.9895335, 20.4715323 ], [ 42.8980321, 20.4765747 ], [ 42.9841511, 20.5773885 ], [ 43.0541228, 20.6176954 ], [ 43.1402418, 20.7033122 ], [ 43.1886837, 20.7687512 ], [ 43.212589, 20.8677055 ], [ 43.1891632, 20.8663864 ], [ 43.2620265, 20.9408699 ], [ 43.3129784, 20.9884488 ], [ 43.4809537, 20.9481334 ] ] ] ] } },
{ "type": "Feature", "properties": { "shapeName": "Farasan", "shapeISO": "None", "shapeID": "SAU-ADM2-3_0_0-B97", "shapeGroup": "SAU", "shapeType": "ADM2" }, "geometry": { "type": "MultiPolygon", "coordinates": [ [ [ [ 41.9080532, 16.4248919 ], [ 41.9111261, 16.4244226 ], [ 41.913437, 16.421626 ], [ 41.912674, 16.4192988 ], [ 41.9086697, 16.4196254 ], [ 41.9016198, 16.4186212 ], [ 41.9028955, 16.4222425 ], [ 41.8997041, 16.4301723 ], [ 41.9010225, 16.431092 ], [ 41.9061138, 16.4294952 ], [ 41.9080532, 16.4248919 ] ] ], [ [ [ 42.2578158, 16.4311716 ], [ 42.2658549, 16.4284453 ], [ 42.2725446, 16.4268597 ], [ 42.2694202, 16.4214139 ], [ 42.2680432, 16.4149611 ], [ 42.2706665, 16.4085604 ], [ 42.2634064, 16.4128414 ], [ 42.2657485, 16.4169904 ], [ 42.2652762, 16.4221321 ], [ 42.2607977, 16.4277363 ], [ 42.2511498, 16.4310843 ], [ 42.2436981, 16.4299571 ], [ 42.2364388, 16.4341088 ], [ 42.2396111, 16.4360805 ], [ 42.2494883, 16.4354383 ], [ 42.2578158, 16.4311716 ] ] ], [ [ [ 42.0483223, 16.5642091 ], [ 42.0547172, 16.5648144 ], [ 42.0579402, 16.5634449 ], [ 42.059187, 16.5603744 ], [ 42.0580965, 16.5531531 ], [ 42.0551258, 16.5466774 ], [ 42.0537686, 16.5394523 ], [ 42.0559065, 16.5392252 ], [ 42.0587276, 16.5467283 ], [ 42.0618623, 16.5511475 ], [ 42.0634556, 16.5604345 ], [ 42.0680643, 16.564488 ], [ 42.070483, 16.5633644 ], [ 42.0711176, 16.5566823 ], [ 42.0735302, 16.5559441 ], [ 42.0698965, 16.5492017 ], [ 42.0683737, 16.5440333 ], [ 42.0662787, 16.5414302 ], [ 42.0654185, 16.5365285 ], [ 42.0639714, 16.5352214 ], [ 42.0615497, 16.5277239 ], [ 42.0548032, 16.524026 ], [ 42.0450515, 16.5249175 ], [ 42.0430903, 16.531066 ], [ 42.0389873, 16.5376988 ], [ 42.0359232, 16.5461478 ], [ 42.0366015, 16.5541352 ], [ 42.0406191, 16.5619127 ], [ 42.0445794, 16.5646708 ], [ 42.0483223, 16.5642091 ] ] ], [ [ [ 41.9932285, 16.5980333 ], [ 41.9844271, 16.5891563 ], [ 41.9793761, 16.5879246 ], [ 41.9756348, 16.5882567 ], [ 41.9733101, 16.5918256 ], [ 41.9755141, 16.5959749 ], [ 41.9800036, 16.5989991 ], [ 41.9880281, 16.597829 ], [ 41.9925278, 16.6002102 ], [ 41.9932285, 16.5980333 ] ] ], [ [ [ 41.9221091, 16.6314736 ], [ 41.9186587, 16.630264 ], [ 41.9200524, 16.6265539 ], [ 41.9226279, 16.6240189 ], [ 41.9235064, 16.6191427 ], [ 41.9274455, 16.6148265 ], [ 41.9261422, 16.6128769 ], [ 41.9215897, 16.6138388 ], [ 41.9162061, 16.6167186 ], [ 41.9115878, 16.6217962 ], [ 41.9067396, 16.6245545 ], [ 41.909344, 16.6285813 ], [ 41.9141552, 16.6281383 ], [ 41.9175502, 16.6328206 ], [ 41.9221091, 16.6314736 ] ] ], [ [ [ 42.0363029, 16.6519228 ], [ 42.0406325, 16.6481245 ], [ 42.0432505, 16.6427575 ], [ 42.0433057, 16.6391555 ], [ 42.0372664, 16.6326356 ], [ 42.0344573, 16.6243604 ], [ 42.0350424, 16.6210232 ], [ 42.0332575, 16.6155934 ], [ 42.0320474, 16.5988486 ], [ 42.0276318, 16.6083073 ], [ 42.0263702, 16.620899 ], [ 42.0294932, 16.6260907 ], [ 42.0329504, 16.6269123 ], [ 42.0349984, 16.6326031 ], [ 42.0301829, 16.6333063 ], [ 42.0292919, 16.6304628 ], [ 42.0254407, 16.6292491 ], [ 42.0220965, 16.6210952 ], [ 42.0199914, 16.6191345 ], [ 42.015931, 16.6228081 ], [ 42.0148291, 16.6163587 ], [ 42.0180869, 16.6128027 ], [ 42.0186883, 16.6084366 ], [ 42.0164881, 16.60403 ], [ 42.0103925, 16.6098613 ], [ 42.008206, 16.6131752 ], [ 42.0078831, 16.6167734 ], [ 42.0099542, 16.6209206 ], [ 42.0062923, 16.624728 ], [ 42.0027972, 16.6263498 ], [ 42.0001387, 16.6256685 ], [ 41.9972513, 16.6225386 ], [ 41.9980287, 16.6325861 ], [ 41.9999465, 16.6380179 ], [ 42.0031249, 16.639608 ], [ 42.0088285, 16.6504987 ], [ 42.0162636, 16.6530502 ], [ 42.0216015, 16.653127 ], [ 42.0242507, 16.6544517 ], [ 42.0333135, 16.6553537 ], [ 42.0363029, 16.6519228 ] ] ], [ [ [ 41.853209, 16.6665913 ], [ 41.8580485, 16.6644781 ], [ 41.8650751, 16.659181 ], [ 41.8731209, 16.6568578 ], [ 41.8761337, 16.6521434 ], [ 41.878977, 16.6496131 ], [ 41.8795565, 16.6467913 ], [ 41.8854149, 16.6394173 ], [ 41.8819335, 16.6401368 ], [ 41.8770511, 16.6449523 ], [ 41.8637024, 16.6451364 ], [ 41.860047, 16.6482978 ], [ 41.861039, 16.6529444 ], [ 41.8565648, 16.6572509 ], [ 41.8493091, 16.6602284 ], [ 41.8487332, 16.6627926 ], [ 41.8433535, 16.6652838 ], [ 41.8443579, 16.6691587 ], [ 41.853209, 16.6665913 ] ] ], [ [ [ 41.7425504, 16.7383351 ], [ 41.7505872, 16.7367891 ], [ 41.7615886, 16.7336173 ], [ 41.7862168, 16.7298857 ], [ 41.7950777, 16.726936 ], [ 41.7996566, 16.7245633 ], [ 41.8012969, 16.722273 ], [ 41.8066892, 16.7191397 ], [ 41.8091408, 16.7162191 ], [ 41.8008852, 16.7149332 ], [ 41.8006849, 16.7109424 ], [ 41.8039094, 16.7097058 ], [ 41.8123356, 16.7007015 ], [ 41.8179812, 16.6983446 ], [ 41.8220383, 16.6951902 ], [ 41.8272829, 16.692827 ], [ 41.8327127, 16.679273 ], [ 41.8237248, 16.6819655 ], [ 41.8211451, 16.6846272 ], [ 41.8176543, 16.6858601 ], [ 41.8136573, 16.6854129 ], [ 41.8114452, 16.6900103 ], [ 41.8055201, 16.6931347 ], [ 41.7956448, 16.6929818 ], [ 41.773966, 16.6962467 ], [ 41.7651542, 16.6963664 ], [ 41.760337, 16.6970626 ], [ 41.7558307, 16.7030388 ], [ 41.7441645, 16.7062 ], [ 41.7403928, 16.7081987 ], [ 41.7283045, 16.7203571 ], [ 41.7249379, 16.7221048 ], [ 41.7223444, 16.7254081 ], [ 41.7221323, 16.730036 ], [ 41.732234, 16.7326398 ], [ 41.7399794, 16.7325051 ], [ 41.7443204, 16.7284571 ], [ 41.7552886, 16.7272153 ], [ 41.7531074, 16.7298819 ], [ 41.7477097, 16.7332707 ], [ 41.7425504, 16.7383351 ] ] ], [ [ [ 42.21703, 16.7635574 ], [ 42.2191001, 16.7589526 ], [ 42.2195741, 16.7539397 ], [ 42.2148077, 16.7510443 ], [ 42.2142201, 16.745503 ], [ 42.2102693, 16.7508545 ], [ 42.2140975, 16.7631312 ], [ 42.21703, 16.7635574 ] ] ], [ [ [ 42.4480781, 16.7976965 ], [ 42.451586, 16.7951657 ], [ 42.4497706, 16.7910246 ], [ 42.4503565, 16.7871705 ], [ 42.4540258, 16.7825825 ], [ 42.4521777, 16.7808858 ], [ 42.4474348, 16.7858473 ], [ 42.4444304, 16.790701 ], [ 42.442889, 16.7960875 ], [ 42.4436663, 16.7978991 ], [ 42.4480781, 16.7976965 ] ] ], [ [ [ 42.0089673, 16.7956399 ], [ 42.0093473, 16.78844 ], [ 42.0203379, 16.7860261 ], [ 42.0214585, 16.7826968 ], [ 42.0148136, 16.7805419 ], [ 42.0151612, 16.7754001 ], [ 42.017611, 16.7724759 ], [ 42.0158038, 16.7684614 ], [ 42.0101714, 16.7699237 ], [ 42.0084643, 16.7765897 ], [ 42.0068578, 16.7768237 ], [ 42.0055549, 16.7832381 ], [ 42.0015978, 16.7885846 ], [ 42.0045276, 16.7891419 ], [ 42.0070814, 16.796642 ], [ 42.0089673, 16.7956399 ] ] ], [ [ [ 41.7387245, 16.8060682 ], [ 41.7473157, 16.8035033 ], [ 41.7572334, 16.8014727 ], [ 41.7597938, 16.8000985 ], [ 41.7567759, 16.7969633 ], [ 41.7567337, 16.7915596 ], [ 41.7539981, 16.7875281 ], [ 41.7478568, 16.7874311 ], [ 41.7422671, 16.7863136 ], [ 41.7304569, 16.7897282 ], [ 41.727313, 16.7939236 ], [ 41.7275226, 16.7972718 ], [ 41.7300068, 16.8003986 ], [ 41.7410926, 16.8003173 ], [ 41.7387245, 16.8060682 ] ] ], [ [ [ 42.024658, 16.842961 ], [ 42.025913, 16.8396337 ], [ 42.0315174, 16.8401005 ], [ 42.0360232, 16.8424817 ], [ 42.0396954, 16.8382889 ], [ 42.0381645, 16.8336346 ], [ 42.0310236, 16.8288994 ], [ 42.028448, 16.8313065 ], [ 42.0188126, 16.8323252 ], [ 42.0065138, 16.832789 ], [ 41.9921591, 16.8280763 ], [ 41.9920657, 16.8339937 ], [ 41.9973579, 16.8372874 ], [ 42.0053237, 16.8404917 ], [ 42.0064188, 16.8388355 ], [ 42.0128648, 16.8367416 ], [ 42.0181876, 16.8381058 ], [ 42.0213432, 16.8413689 ], [ 42.024658, 16.842961 ] ] ], [ [ [ 42.4100946, 16.8887308 ], [ 42.413037, 16.8886397 ], [ 42.4191177, 16.8838256 ], [ 42.4152999, 16.8795297 ], [ 42.4112938, 16.8792218 ], [ 42.4060476, 16.8816011 ], [ 42.4034558, 16.8854295 ], [ 42.4100946, 16.8887308 ] ] ], [ [ [ 41.58614, 16.8919553 ], [ 41.5878399, 16.8865815 ], [ 41.5960518, 16.8756565 ], [ 41.6032079, 16.8639417 ], [ 41.6040597, 16.8611262 ], [ 41.6085864, 16.8545125 ], [ 41.6199391, 16.839522 ], [ 41.6201394, 16.8357947 ], [ 41.6244556, 16.8334222 ], [ 41.6253388, 16.828806 ], [ 41.6198183, 16.8312878 ], [ 41.6190232, 16.8384779 ], [ 41.6165764, 16.8408811 ], [ 41.6133647, 16.8412143 ], [ 41.6065554, 16.8485622 ], [ 41.6071814, 16.8508879 ], [ 41.603519, 16.8540423 ], [ 41.6000627, 16.8605454 ], [ 41.5956974, 16.865618 ], [ 41.591415, 16.8735214 ], [ 41.5872005, 16.8775671 ], [ 41.5857957, 16.8814025 ], [ 41.5857169, 16.8857744 ], [ 41.5843213, 16.8890953 ], [ 41.58614, 16.8919553 ] ] ], [ [ [ 41.7583453, 16.8929557 ], [ 41.7666386, 16.8924433 ], [ 41.7701599, 16.8896688 ], [ 41.7763245, 16.8886087 ], [ 41.778656, 16.8850432 ], [ 41.7791227, 16.8811914 ], [ 41.7815621, 16.8791713 ], [ 41.7889031, 16.8760335 ], [ 41.7893915, 16.8718089 ], [ 41.7917138, 16.8700638 ], [ 41.7972337, 16.8686774 ], [ 41.8032153, 16.8660642 ], [ 41.8079956, 16.8671456 ], [ 41.8148137, 16.8650865 ], [ 41.817416, 16.8623802 ], [ 41.8249627, 16.8621266 ], [ 41.8293623, 16.8558017 ], [ 41.8341428, 16.8516095 ], [ 41.8427999, 16.8483168 ], [ 41.8443835, 16.8455474 ], [ 41.849238, 16.8427687 ], [ 41.8546665, 16.8425636 ], [ 41.8529548, 16.8390329 ], [ 41.8540613, 16.8339831 ], [ 41.8538878, 16.8283197 ], [ 41.8562309, 16.8239814 ], [ 41.8640275, 16.821013 ], [ 41.8666363, 16.8166787 ], [ 41.8649147, 16.8076465 ], [ 41.8659906, 16.7909378 ], [ 41.8700194, 16.7814787 ], [ 41.8769715, 16.7728358 ], [ 41.8825803, 16.7646867 ], [ 41.8882925, 16.7583402 ], [ 41.8993609, 16.7510448 ], [ 41.907421, 16.7480781 ], [ 41.9108982, 16.7477439 ], [ 41.9215534, 16.7494472 ], [ 41.9367649, 16.7501885 ], [ 41.9494375, 16.7426564 ], [ 41.9532289, 16.7393673 ], [ 41.9594107, 16.7368853 ], [ 41.9676878, 16.737007 ], [ 41.9730582, 16.7351564 ], [ 41.9778643, 16.7352269 ], [ 41.9807507, 16.7384854 ], [ 41.9876443, 16.7416742 ], [ 41.9897783, 16.7418345 ], [ 41.992928, 16.745354 ], [ 41.997965, 16.7477434 ], [ 42.0014464, 16.747151 ], [ 42.002854, 16.7425394 ], [ 42.0189533, 16.7377543 ], [ 42.0233356, 16.7307411 ], [ 42.0247346, 16.7266438 ], [ 42.0286654, 16.7228404 ], [ 42.0262052, 16.7179154 ], [ 42.0273329, 16.7140715 ], [ 42.0338183, 16.709146 ], [ 42.0388988, 16.7087043 ], [ 42.0515735, 16.7180218 ], [ 42.0570836, 16.7244049 ], [ 42.0624217, 16.7246102 ], [ 42.0649037, 16.7194985 ], [ 42.0687204, 16.7144057 ], [ 42.0745884, 16.7148744 ], [ 42.0809082, 16.7207547 ], [ 42.0825219, 16.7287555 ], [ 42.0799619, 16.7390135 ], [ 42.0767912, 16.7455306 ], [ 42.0727385, 16.7485612 ], [ 42.0665788, 16.7496322 ], [ 42.0655805, 16.7537356 ], [ 42.0599804, 16.753141 ], [ 42.0597568, 16.7503072 ], [ 42.0640188, 16.74239 ], [ 42.0680638, 16.739874 ], [ 42.0706631, 16.7357933 ], [ 42.068706, 16.7328056 ], [ 42.0585395, 16.7339477 ], [ 42.0513341, 16.7335875 ], [ 42.0438774, 16.732194 ], [ 42.0393936, 16.7371484 ], [ 42.0372322, 16.7474111 ], [ 42.0374554, 16.7502452 ], [ 42.0352813, 16.7526581 ], [ 42.0397612, 16.7565827 ], [ 42.0413138, 16.7598224 ], [ 42.0460553, 16.7641361 ], [ 42.048008, 16.7673814 ], [ 42.0468483, 16.7732837 ], [ 42.0464779, 16.7799694 ], [ 42.0480273, 16.7920869 ], [ 42.0538372, 16.7966552 ], [ 42.0536168, 16.7999861 ], [ 42.0564065, 16.8031502 ], [ 42.0590468, 16.8022551 ], [ 42.0613041, 16.7976249 ], [ 42.0661848, 16.795791 ], [ 42.0685803, 16.7973746 ], [ 42.0688166, 16.8039648 ], [ 42.0700611, 16.8099017 ], [ 42.0693582, 16.8122077 ], [ 42.0717268, 16.8145577 ], [ 42.0754884, 16.8131954 ], [ 42.0818957, 16.8135439 ], [ 42.0857315, 16.8160436 ], [ 42.0891222, 16.8127461 ], [ 42.0888904, 16.8104265 ], [ 42.0942527, 16.8092156 ], [ 42.0962403, 16.8015231 ], [ 42.0994378, 16.802083 ], [ 42.0996413, 16.7974536 ], [ 42.0968566, 16.7961274 ], [ 42.0958901, 16.7894226 ], [ 42.1012185, 16.790398 ], [ 42.1077188, 16.7845702 ], [ 42.1032268, 16.7812905 ], [ 42.103434, 16.7764037 ], [ 42.110228, 16.7687785 ], [ 42.1108243, 16.7646691 ], [ 42.1131299, 16.7623852 ], [ 42.1134669, 16.7577574 ], [ 42.1218311, 16.7522125 ], [ 42.1240758, 16.7450377 ], [ 42.1296993, 16.7440866 ], [ 42.1316787, 16.7456583 ], [ 42.1379588, 16.7454882 ], [ 42.1445791, 16.7314249 ], [ 42.1483597, 16.7286462 ], [ 42.1516254, 16.7245735 ], [ 42.1549289, 16.7179275 ], [ 42.160279, 16.7173571 ], [ 42.1674676, 16.7188719 ], [ 42.1740939, 16.7223085 ], [ 42.1805027, 16.722396 ], [ 42.1812417, 16.717516 ], [ 42.1783075, 16.7082106 ], [ 42.1716968, 16.7037449 ], [ 42.1671576, 16.7036828 ], [ 42.1661448, 16.6999366 ], [ 42.1624182, 16.6991133 ], [ 42.1597881, 16.6963753 ], [ 42.1621028, 16.6933187 ], [ 42.1664194, 16.6994255 ], [ 42.1794475, 16.7033361 ], [ 42.1828525, 16.7078861 ], [ 42.1891986, 16.7122197 ], [ 42.1921697, 16.7099438 ], [ 42.1922751, 16.7027387 ], [ 42.1906957, 16.701173 ], [ 42.1905055, 16.6867574 ], [ 42.192264, 16.6852371 ], [ 42.1888384, 16.682102 ], [ 42.1883494, 16.6790069 ], [ 42.1825195, 16.6759674 ], [ 42.1743738, 16.6669774 ], [ 42.173728, 16.6564163 ], [ 42.1775008, 16.6540222 ], [ 42.1801684, 16.6541878 ], [ 42.1820784, 16.6513827 ], [ 42.1798843, 16.6462054 ], [ 42.1806065, 16.6333464 ], [ 42.1796441, 16.626127 ], [ 42.1807981, 16.620223 ], [ 42.1833717, 16.6176842 ], [ 42.1881729, 16.6087411 ], [ 42.1902086, 16.6064523 ], [ 42.1939487, 16.6062455 ], [ 42.1914033, 16.5977176 ], [ 42.1888021, 16.5930497 ], [ 42.1897, 16.5863701 ], [ 42.186804, 16.5836281 ], [ 42.1793774, 16.5804389 ], [ 42.1705776, 16.5799339 ], [ 42.159346, 16.5814532 ], [ 42.1546059, 16.5861503 ], [ 42.1523803, 16.5922965 ], [ 42.1466475, 16.6009686 ], [ 42.1439408, 16.603505 ], [ 42.1406434, 16.6098938 ], [ 42.1216379, 16.6224995 ], [ 42.1085204, 16.6250191 ], [ 42.0944417, 16.627192 ], [ 42.0879745, 16.6271832 ], [ 42.0754098, 16.6295861 ], [ 42.0731581, 16.6334023 ], [ 42.0763551, 16.6357864 ], [ 42.0877649, 16.6383687 ], [ 42.0972322, 16.6393213 ], [ 42.1075574, 16.6446941 ], [ 42.1130314, 16.6535206 ], [ 42.1149968, 16.6580751 ], [ 42.1152601, 16.665133 ], [ 42.1132525, 16.67437 ], [ 42.1076736, 16.6828708 ], [ 42.093466, 16.688609 ], [ 42.0885935, 16.6894658 ], [ 42.0853628, 16.6912218 ], [ 42.0706463, 16.693201 ], [ 42.0674231, 16.694442 ], [ 42.0585973, 16.6953461 ], [ 42.0516642, 16.6947327 ], [ 42.0418183, 16.6925333 ], [ 42.024016, 16.6868737 ], [ 42.0178922, 16.6857561 ], [ 41.9946806, 16.684648 ], [ 41.9885369, 16.684816 ], [ 41.985085, 16.6836081 ], [ 41.9836851, 16.6792131 ], [ 41.9834103, 16.6712316 ], [ 41.9799849, 16.6683511 ], [ 41.9762623, 16.6673957 ], [ 41.9727722, 16.6686314 ], [ 41.9647447, 16.6698005 ], [ 41.9599017, 16.6721746 ], [ 41.9521247, 16.674376 ], [ 41.9500654, 16.6779483 ], [ 41.9458673, 16.6817463 ], [ 41.9375559, 16.6839394 ], [ 41.9288891, 16.6916588 ], [ 41.9220057, 16.6963174 ], [ 41.9176232, 16.7031999 ], [ 41.9161892, 16.7093541 ], [ 41.9082172, 16.7152815 ], [ 41.8986111, 16.7148801 ], [ 41.8916328, 16.717091 ], [ 41.8892365, 16.7166695 ], [ 41.8833301, 16.7186389 ], [ 41.8827668, 16.7204316 ], [ 41.8717168, 16.7266973 ], [ 41.8681621, 16.7317895 ], [ 41.8635584, 16.7357075 ], [ 41.8587191, 16.7376924 ], [ 41.8492502, 16.745139 ], [ 41.8486907, 16.7466742 ], [ 41.8419291, 16.7518451 ], [ 41.8393433, 16.7547647 ], [ 41.8360203, 16.7619184 ], [ 41.8343074, 16.7685819 ], [ 41.8332114, 16.7783425 ], [ 41.8337762, 16.7845266 ], [ 41.8318984, 16.7850123 ], [ 41.8299608, 16.7890992 ], [ 41.8265548, 16.7931635 ], [ 41.8222479, 16.7951553 ], [ 41.8167975, 16.8016318 ], [ 41.8158172, 16.8043186 ], [ 41.8078556, 16.809212 ], [ 41.8008645, 16.8119334 ], [ 41.7960467, 16.8125021 ], [ 41.7947524, 16.8100372 ], [ 41.8011856, 16.8087227 ], [ 41.7958854, 16.8061954 ], [ 41.787051, 16.807344 ], [ 41.7809348, 16.8057046 ], [ 41.7755982, 16.8053636 ], [ 41.7727611, 16.8072493 ], [ 41.7742111, 16.816277 ], [ 41.7769244, 16.8217227 ], [ 41.782739, 16.8254159 ], [ 41.7875364, 16.8339818 ], [ 41.7885005, 16.8401719 ], [ 41.7866736, 16.8455465 ], [ 41.7833986, 16.8496117 ], [ 41.7759741, 16.8541264 ], [ 41.7734784, 16.8594902 ], [ 41.773006, 16.8637276 ], [ 41.7670987, 16.8654354 ], [ 41.7608097, 16.8659797 ], [ 41.7595963, 16.8744511 ], [ 41.7560444, 16.8790258 ], [ 41.754925, 16.8898141 ], [ 41.7583453, 16.8929557 ] ] ], [ [ [ 41.5698615, 16.8982424 ], [ 41.5722911, 16.8968687 ], [ 41.5763542, 16.8863896 ], [ 41.5761289, 16.8840708 ], [ 41.5793032, 16.8784643 ], [ 41.5825638, 16.8754318 ], [ 41.583416, 16.8726164 ], [ 41.5929442, 16.8627423 ], [ 41.594358, 16.8583927 ], [ 41.5989811, 16.8538389 ], [ 41.6026734, 16.8490124 ], [ 41.6024339, 16.8474649 ], [ 41.6088616, 16.839082 ], [ 41.6122128, 16.8309051 ], [ 41.6184779, 16.8240625 ], [ 41.6260323, 16.8198134 ], [ 41.6298367, 16.8161453 ], [ 41.6338535, 16.8155685 ], [ 41.6344216, 16.8136479 ], [ 41.626728, 16.8106919 ], [ 41.6165632, 16.8115537 ], [ 41.606631, 16.8143487 ], [ 41.6030888, 16.8182772 ], [ 41.5993345, 16.8191158 ], [ 41.5933727, 16.8239047 ], [ 41.5839301, 16.82915 ], [ 41.5822495, 16.8334953 ], [ 41.5854353, 16.8345773 ], [ 41.5865812, 16.8376834 ], [ 41.5817861, 16.8444201 ], [ 41.5785606, 16.8455244 ], [ 41.5728112, 16.853274 ], [ 41.5686411, 16.8548767 ], [ 41.5676679, 16.8643785 ], [ 41.5681231, 16.8687591 ], [ 41.5669981, 16.8792874 ], [ 41.5690913, 16.8890976 ], [ 41.5679344, 16.8939659 ], [ 41.5698615, 16.8982424 ] ] ], [ [ [ 41.7335281, 16.9218908 ], [ 41.7357676, 16.9160091 ], [ 41.7288141, 16.9162834 ], [ 41.7266476, 16.9179214 ], [ 41.7233206, 16.9170964 ], [ 41.7219562, 16.911028 ], [ 41.7168931, 16.9101749 ], [ 41.7116143, 16.9063599 ], [ 41.7104695, 16.9107152 ], [ 41.7122796, 16.9142172 ], [ 41.7183491, 16.9186884 ], [ 41.7284402, 16.9224521 ], [ 41.7335281, 16.9218908 ] ] ], [ [ [ 41.9230329, 16.955197 ], [ 41.9246534, 16.954192 ], [ 41.9314936, 16.9535632 ], [ 41.9376943, 16.9472201 ], [ 41.9370567, 16.939454 ], [ 41.9419853, 16.9405572 ], [ 41.943931, 16.9359547 ], [ 41.9470582, 16.9326563 ], [ 41.9451497, 16.9267092 ], [ 41.9422763, 16.9225491 ], [ 41.938568, 16.9204349 ], [ 41.9354319, 16.9160135 ], [ 41.9330299, 16.9074858 ], [ 41.9363366, 16.9013597 ], [ 41.9420769, 16.8934686 ], [ 41.9465568, 16.8891611 ], [ 41.9495954, 16.8830305 ], [ 41.9547197, 16.8801471 ], [ 41.9614203, 16.87896 ], [ 41.9659607, 16.8791566 ], [ 41.9700344, 16.8750995 ], [ 41.976188, 16.874676 ], [ 41.9829191, 16.871558 ], [ 41.9797333, 16.8702244 ], [ 41.9787136, 16.8671214 ], [ 41.9830151, 16.8655127 ], [ 41.9819023, 16.8571731 ], [ 41.9836564, 16.8503396 ], [ 41.9803296, 16.8495186 ], [ 41.974103, 16.8545734 ], [ 41.9692672, 16.8561742 ], [ 41.9614285, 16.8533566 ], [ 41.9542977, 16.8564669 ], [ 41.9505532, 16.8566686 ], [ 41.9388479, 16.8534063 ], [ 41.9340473, 16.8528198 ], [ 41.9261304, 16.8466548 ], [ 41.9239808, 16.8473946 ], [ 41.9250609, 16.8384044 ], [ 41.9314468, 16.8318096 ], [ 41.9335838, 16.8318416 ], [ 41.9342009, 16.8267044 ], [ 41.9368927, 16.8254579 ], [ 41.9390917, 16.8216308 ], [ 41.9420567, 16.820002 ], [ 41.9468649, 16.8200735 ], [ 41.9514243, 16.8189837 ], [ 41.9563268, 16.8131379 ], [ 41.9649233, 16.8101773 ], [ 41.9729038, 16.8123536 ], [ 41.9729488, 16.8095235 ], [ 41.9772958, 16.8049556 ], [ 41.9815857, 16.8039892 ], [ 41.9835205, 16.7999004 ], [ 41.988385, 16.7963689 ], [ 41.9905346, 16.7932113 ], [ 41.9947261, 16.7923444 ], [ 41.9934311, 16.789752 ], [ 41.9983761, 16.7810748 ], [ 42.001573, 16.773144 ], [ 42.004268, 16.7716392 ], [ 42.0063309, 16.7678091 ], [ 42.0111013, 16.7617023 ], [ 42.0015704, 16.7562879 ], [ 41.9998926, 16.7525326 ], [ 41.9969512, 16.7527472 ], [ 41.9942081, 16.7573393 ], [ 41.9907391, 16.7656515 ], [ 41.9873458, 16.7690764 ], [ 41.9890253, 16.7727037 ], [ 41.9882882, 16.7770675 ], [ 41.9848571, 16.7829359 ], [ 41.9792039, 16.7856836 ], [ 41.9737161, 16.786375 ], [ 41.9714895, 16.78364 ], [ 41.9642765, 16.7836626 ], [ 41.9621134, 16.785303 ], [ 41.9511472, 16.7861701 ], [ 41.9382848, 16.7886813 ], [ 41.9350471, 16.7906917 ], [ 41.9235175, 16.7933502 ], [ 41.9175943, 16.7962202 ], [ 41.9108445, 16.8006226 ], [ 41.9040634, 16.8069535 ], [ 41.8967808, 16.8112179 ], [ 41.8920309, 16.8157779 ], [ 41.8856937, 16.8194124 ], [ 41.8829744, 16.8223307 ], [ 41.8819379, 16.8284904 ], [ 41.88182, 16.8356934 ], [ 41.8765419, 16.8398584 ], [ 41.8722554, 16.8405649 ], [ 41.8683076, 16.8450081 ], [ 41.8674129, 16.8506552 ], [ 41.8646355, 16.8570455 ], [ 41.8532067, 16.8694783 ], [ 41.8440564, 16.8814308 ], [ 41.8423507, 16.8875798 ], [ 41.8369557, 16.8985603 ], [ 41.8396503, 16.9052919 ], [ 41.8434214, 16.9115253 ], [ 41.8434911, 16.915386 ], [ 41.8552511, 16.9154382 ], [ 41.8640908, 16.9142875 ], [ 41.8731638, 16.9151985 ], [ 41.8896474, 16.9205962 ], [ 41.8965134, 16.9257186 ], [ 41.909386, 16.9395515 ], [ 41.916163, 16.9502041 ], [ 41.9170308, 16.9543344 ], [ 41.9230329, 16.955197 ] ] ], [ [ [ 41.6860681, 16.9611312 ], [ 41.6925247, 16.9587925 ], [ 41.6941643, 16.9567609 ], [ 41.7017054, 16.9535385 ], [ 41.7046943, 16.9507568 ], [ 41.7053365, 16.9445925 ], [ 41.7104406, 16.9431314 ], [ 41.7110197, 16.940568 ], [ 41.717754, 16.9375892 ], [ 41.7212367, 16.9371304 ], [ 41.7220874, 16.9343142 ], [ 41.7269284, 16.9325909 ], [ 41.7265893, 16.9289834 ], [ 41.7208829, 16.9267046 ], [ 41.7185984, 16.9197215 ], [ 41.7145882, 16.9197861 ], [ 41.7091998, 16.914554 ], [ 41.7070097, 16.9098878 ], [ 41.7078604, 16.8993531 ], [ 41.6965089, 16.8990411 ], [ 41.6909254, 16.8974072 ], [ 41.6835486, 16.8913705 ], [ 41.6795527, 16.8906629 ], [ 41.6772454, 16.8926837 ], [ 41.6748557, 16.899462 ], [ 41.6716544, 16.8991526 ], [ 41.6695756, 16.9033641 ], [ 41.6642783, 16.908294 ], [ 41.661541, 16.91198 ], [ 41.6539876, 16.9159727 ], [ 41.6511228, 16.9192701 ], [ 41.6516911, 16.9249392 ], [ 41.6532623, 16.9267659 ], [ 41.6561844, 16.9353034 ], [ 41.6641621, 16.9452098 ], [ 41.6686593, 16.947856 ], [ 41.6712409, 16.9530435 ], [ 41.6733652, 16.95385 ], [ 41.6777996, 16.9600966 ], [ 41.6823178, 16.9615848 ], [ 41.6860681, 16.9611312 ] ] ], [ [ [ 41.7916486, 16.985591 ], [ 41.7990459, 16.9830055 ], [ 41.8035637, 16.9829794 ], [ 41.8096628, 16.9796989 ], [ 41.8112595, 16.9722623 ], [ 41.8150189, 16.971292 ], [ 41.8204277, 16.9676453 ], [ 41.814332, 16.9644625 ], [ 41.8097476, 16.9588594 ], [ 41.8092782, 16.9549926 ], [ 41.8073046, 16.9531607 ], [ 41.8014532, 16.9513962 ], [ 41.7985023, 16.9519936 ], [ 41.7956477, 16.9547789 ], [ 41.7955823, 16.9586373 ], [ 41.7936677, 16.9611801 ], [ 41.7921392, 16.966265 ], [ 41.7922747, 16.9817889 ], [ 41.7916486, 16.985591 ] ] ], [ [ [ 41.8607982, 17.0126467 ], [ 41.8650986, 17.0140011 ], [ 41.8706674, 17.0108344 ], [ 41.8738687, 17.0102744 ], [ 41.8852951, 17.0053521 ], [ 41.8864081, 17.008167 ], [ 41.8900908, 17.0041255 ], [ 41.893571, 17.0043334 ], [ 41.8929126, 16.9983542 ], [ 41.900723, 16.995 ], [ 41.9010579, 16.9908879 ], [ 41.9040261, 16.9892602 ], [ 41.9093709, 16.9894706 ], [ 41.9104824, 16.9869142 ], [ 41.9169891, 16.9814801 ], [ 41.9215232, 16.9821924 ], [ 41.9258299, 16.9804562 ], [ 41.9298923, 16.9773005 ], [ 41.9373419, 16.9796004 ], [ 41.9362263, 16.9741799 ], [ 41.9374589, 16.9723973 ], [ 41.942145, 16.9719529 ], [ 41.9421034, 16.9662913 ], [ 41.9435525, 16.9593654 ], [ 41.9415848, 16.9570199 ], [ 41.9420631, 16.9522661 ], [ 41.9394049, 16.951326 ], [ 41.936949, 16.9543771 ], [ 41.9315362, 16.9584128 ], [ 41.9258915, 16.9602572 ], [ 41.9226859, 16.9600807 ], [ 41.9180662, 16.9646426 ], [ 41.9148613, 16.972571 ], [ 41.9150571, 16.9769482 ], [ 41.911636, 16.9817855 ], [ 41.9054262, 16.9854218 ], [ 41.902214, 16.9856303 ], [ 41.8981681, 16.9877562 ], [ 41.9003934, 16.9906207 ], [ 41.8961758, 16.9950588 ], [ 41.8849842, 17.0025256 ], [ 41.8770031, 17.0053404 ], [ 41.8703667, 17.0086514 ], [ 41.8553989, 17.0093768 ], [ 41.8479555, 17.0124405 ], [ 41.8480355, 17.0177157 ], [ 41.8565817, 17.0168236 ], [ 41.857345, 17.0142394 ], [ 41.8607982, 17.0126467 ] ] ], [ [ [ 41.7502811, 17.0647459 ], [ 41.7561214, 17.0615781 ], [ 41.758804, 17.0620562 ], [ 41.7694538, 17.0584371 ], [ 41.7719529, 17.0555718 ], [ 41.7723052, 17.0522211 ], [ 41.7653066, 17.0493564 ], [ 41.7578087, 17.0489436 ], [ 41.755145, 17.049752 ], [ 41.7412308, 17.049683 ], [ 41.7391151, 17.0513849 ], [ 41.7375963, 17.0573252 ], [ 41.7387114, 17.0603987 ], [ 41.7416655, 17.0611309 ], [ 41.7457424, 17.0654512 ], [ 41.7502811, 17.0647459 ] ] ], [ [ [ 41.9358142, 17.0717962 ], [ 41.9233121, 17.0764798 ], [ 41.9148579, 17.0834217 ], [ 41.9091322, 17.093798 ], [ 41.9123486, 17.0941373 ], [ 41.9160721, 17.0926688 ], [ 41.9218615, 17.0864091 ], [ 41.9253191, 17.0850725 ], [ 41.9298146, 17.081662 ], [ 41.9351894, 17.0746359 ], [ 41.9358142, 17.0717962 ] ] ] ] } },
{ "type": "Feature", "properties": { "shapeName": "Yadmah", "shapeISO": "None", "shapeID": "SAU-ADM2-3_0_0-B98", "shapeGroup": "SAU", "shapeType": "ADM2" }, "geometry": { "type": "MultiPolygon", "coordinates": [ [ [ [ 44.3527756, 18.8330536 ], [ 44.3691635, 18.853054 ], [ 44.3802719, 18.871666 ], [ 44.3899994, 18.8938866 ], [ 44.3974991, 18.914444 ], [ 44.4008331, 18.933609 ], [ 44.4022217, 18.973053 ], [ 44.3991623, 18.9963875 ], [ 44.3961105, 19.040554 ], [ 44.3911057, 19.0638885 ], [ 44.3858261, 19.0847206 ], [ 44.3788834, 19.1044426 ], [ 44.3727722, 19.1269417 ], [ 44.3586044, 19.1686096 ], [ 44.3536072, 19.1883316 ], [ 44.351387, 19.2094421 ], [ 44.3580551, 19.2311096 ], [ 44.3713837, 19.2533302 ], [ 44.3933258, 19.2699966 ], [ 44.4155502, 19.2794418 ], [ 44.4374924, 19.28722 ], [ 44.4830551, 19.3066635 ], [ 44.5041656, 19.3247185 ], [ 44.5155487, 19.3449974 ], [ 44.5560293, 19.4359731 ], [ 44.6221782, 19.4170734 ], [ 44.789913, 19.4312482 ], [ 45.0143468, 19.4525103 ], [ 45.4344015, 19.4390215 ], [ 45.405153, 19.1008019 ], [ 45.3862184, 18.6469177 ], [ 45.3958548, 18.5677681 ], [ 45.3025695, 18.5130032 ], [ 45.2835253, 18.4567916 ], [ 45.2587368, 18.3810093 ], [ 45.1651465, 18.4104754 ], [ 45.1333372, 18.4155351 ], [ 44.9664165, 18.3913103 ], [ 44.7701962, 18.3647086 ], [ 44.6345315, 18.385828 ], [ 44.4982517, 18.3271085 ], [ 44.3825676, 18.1537282 ], [ 44.1254547, 18.2163047 ], [ 43.9070843, 18.2907241 ], [ 43.8554647, 18.2802624 ], [ 43.8483554, 18.2930898 ], [ 43.8203641, 18.2951341 ], [ 43.8411147, 18.314446 ], [ 43.9165751, 18.3754603 ], [ 43.9738691, 18.4523606 ], [ 43.9682795, 18.4669412 ], [ 44.0199838, 18.5689711 ], [ 44.0230484, 18.6063881 ], [ 44.0336075, 18.6277771 ], [ 44.0452728, 18.6674995 ], [ 44.0538864, 18.6899986 ], [ 44.0813828, 18.7191658 ], [ 44.1077728, 18.7338867 ], [ 44.129715, 18.7405548 ], [ 44.1749954, 18.746666 ], [ 44.1966629, 18.7505531 ], [ 44.2183304, 18.7563858 ], [ 44.2647171, 18.7749977 ], [ 44.288887, 18.7880554 ], [ 44.3338852, 18.8141632 ], [ 44.3527756, 18.8330536 ] ] ] ] } },
{ "type": "Feature", "properties": { "shapeName": "Dhahran Janoub", "shapeISO": "None", "shapeID": "SAU-ADM2-3_0_0-B99", "shapeGroup": "SAU", "shapeType": "ADM2" }, "geometry": { "type": "MultiPolygon", "coordinates": [ [ [ [ 43.7190258, 17.5443276 ], [ 43.7389341, 17.3991026 ], [ 43.7477302, 17.3902424 ], [ 43.7466347, 17.3724692 ], [ 43.6833043, 17.3666956 ], [ 43.6536327, 17.3933696 ], [ 43.6178065, 17.4260944 ], [ 43.6068056, 17.4388938 ], [ 43.5665042, 17.4833974 ], [ 43.527201, 17.5142995 ], [ 43.5202998, 17.5091005 ], [ 43.5062061, 17.5239994 ], [ 43.4957037, 17.5268955 ], [ 43.4846004, 17.5450997 ], [ 43.4644996, 17.5523986 ], [ 43.4592669, 17.5525538 ], [ 43.4455335, 17.5501376 ], [ 43.4312972, 17.5638989 ], [ 43.4195995, 17.5657989 ], [ 43.3992006, 17.5563822 ], [ 43.3793988, 17.5554011 ], [ 43.3756, 17.5439992 ], [ 43.3547998, 17.5563992 ], [ 43.3359098, 17.5398051 ], [ 43.3101995, 17.527699 ], [ 43.3046989, 17.5318978 ], [ 43.3026982, 17.5274953 ], [ 43.2942948, 17.5230953 ], [ 43.2854006, 17.5172983 ], [ 43.2604033, 17.4898996 ], [ 43.2408107, 17.480495 ], [ 43.2564979, 17.4578068 ], [ 43.2290388, 17.4298092 ], [ 43.1917382, 17.4215676 ], [ 43.151932, 17.4313058 ], [ 43.151932, 17.4575965 ], [ 43.1498342, 17.480276 ], [ 43.1711249, 17.5371267 ], [ 43.176715, 17.5517315 ], [ 43.2091228, 17.6262374 ], [ 43.2491559, 17.7052527 ], [ 43.2729852, 17.7978471 ], [ 43.3526633, 17.8301737 ], [ 43.4157224, 17.8563919 ], [ 43.4486452, 17.8707167 ], [ 43.613259, 17.8868307 ], [ 43.5737517, 17.776689 ], [ 43.6358347, 17.6575162 ], [ 43.6670841, 17.601142 ], [ 43.6951752, 17.5706028 ], [ 43.7190258, 17.5443276 ] ] ] ] } },
{ "type": "Feature", "properties": { "shapeName": "Al Aridhah", "shapeISO": "None", "shapeID": "SAU-ADM2-3_0_0-B100", "shapeGroup": "SAU", "shapeType": "ADM2" }, "geometry": { "type": "MultiPolygon", "coordinates": [ [ [ [ 43.0374764, 17.2036041 ], [ 43.0402269, 17.1981877 ], [ 43.0558714, 17.1904247 ], [ 43.0625604, 17.1812385 ], [ 43.0717579, 17.1704541 ], [ 43.0771928, 17.1620658 ], [ 43.078447, 17.144489 ], [ 43.1281969, 17.1464865 ], [ 43.1453377, 17.146886 ], [ 43.1424112, 17.1776437 ], [ 43.1386488, 17.1914225 ], [ 43.1549941, 17.1857443 ], [ 43.1731991, 17.1748738 ], [ 43.1708015, 17.1726975 ], [ 43.1779014, 17.1307013 ], [ 43.1638056, 17.1254084 ], [ 43.1580011, 17.114097 ], [ 43.1579021, 17.1045068 ], [ 43.1601986, 17.0869994 ], [ 43.185304, 17.0986003 ], [ 43.2080999, 17.0782977 ], [ 43.2272124, 17.0753815 ], [ 43.2288101, 17.0588776 ], [ 43.2397012, 17.0473986 ], [ 43.2425999, 17.0335117 ], [ 43.248588, 17.0153166 ], [ 43.2398051, 17.0238123 ], [ 43.2374939, 17.0293116 ], [ 43.2308882, 17.0295024 ], [ 43.2322977, 17.0221014 ], [ 43.2274899, 17.0206845 ], [ 43.2254367, 17.0114044 ], [ 43.2211929, 17.0142484 ], [ 43.2145992, 17.0218984 ], [ 43.2114965, 17.0225975 ], [ 43.2072988, 17.0210017 ], [ 43.2027008, 17.0100989 ], [ 43.1980004, 17.0139003 ], [ 43.1957004, 17.0134998 ], [ 43.1909997, 17.0160992 ], [ 43.190403, 17.0247995 ], [ 43.182004, 17.0303954 ], [ 43.1794997, 17.0302013 ], [ 43.1789999, 17.0168001 ], [ 43.1840983, 17.0143006 ], [ 43.1800012, 17.008997 ], [ 43.1784015, 16.9966019 ], [ 43.1770013, 16.9932864 ], [ 43.1776003, 16.9898015 ], [ 43.181799, 16.9838957 ], [ 43.1812068, 16.9804945 ], [ 43.1776997, 16.977999 ], [ 43.1780973, 16.9633074 ], [ 43.1948029, 16.9551051 ], [ 43.1937044, 16.9505955 ], [ 43.1946993, 16.9445005 ], [ 43.1828128, 16.938799 ], [ 43.1755034, 16.9368995 ], [ 43.1723002, 16.9313999 ], [ 43.1642979, 16.9305979 ], [ 43.1602654, 16.9282367 ], [ 43.154201, 16.9289004 ], [ 43.1426069, 16.9232355 ], [ 43.0961669, 16.9637542 ], [ 43.0340923, 16.9620079 ], [ 43.0042722, 16.9206743 ], [ 42.9946904, 16.9169036 ], [ 42.9916495, 16.9248002 ], [ 42.9600064, 16.9492639 ], [ 42.9538368, 17.0188897 ], [ 42.9575386, 17.0483844 ], [ 42.9797491, 17.1167941 ], [ 43.0063743, 17.1963572 ], [ 43.0176044, 17.232977 ], [ 43.0225138, 17.2471475 ], [ 43.039366, 17.2490788 ], [ 43.0464689, 17.2495559 ], [ 43.0416571, 17.2407411 ], [ 43.0378945, 17.2291616 ], [ 43.0366403, 17.2235712 ], [ 43.0387306, 17.2163833 ], [ 43.0362222, 17.2111919 ], [ 43.0374764, 17.2036041 ] ] ] ] } },
{ "type": "Feature", "properties": { "shapeName": "Ahd Al-Masarha", "shapeISO": "None", "shapeID": "SAU-ADM2-3_0_0-B101", "shapeGroup": "SAU", "shapeType": "ADM2" }, "geometry": { "type": "MultiPolygon", "coordinates": [ [ [ [ 43.0388085, 16.8251096 ], [ 43.0197684, 16.7759717 ], [ 43.0313541, 16.7303861 ], [ 43.0187709, 16.7199038 ], [ 42.9919134, 16.6982778 ], [ 42.9669938, 16.6937146 ], [ 42.9711816, 16.6592147 ], [ 42.9575403, 16.6342638 ], [ 42.9433065, 16.6159367 ], [ 42.9351009, 16.6189631 ], [ 42.9276599, 16.6165358 ], [ 42.9225936, 16.6125913 ], [ 42.9086614, 16.6103156 ], [ 42.909928, 16.5992402 ], [ 42.9114726, 16.5910985 ], [ 42.9094599, 16.5890538 ], [ 42.903429, 16.5813472 ], [ 42.9039919, 16.5763626 ], [ 42.9135102, 16.5766546 ], [ 42.8980149, 16.553448 ], [ 42.8707324, 16.5249167 ], [ 42.8223679, 16.4892467 ], [ 42.7704697, 16.4759166 ], [ 42.7664706, 16.4849576 ], [ 42.7616142, 16.4908929 ], [ 42.7566239, 16.4955224 ], [ 42.7462583, 16.4969806 ], [ 42.7372604, 16.5019046 ], [ 42.7373583, 16.5049954 ], [ 42.7349433, 16.5061273 ], [ 42.7324891, 16.5106068 ], [ 42.7335263, 16.5131929 ], [ 42.7327055, 16.5263148 ], [ 42.7332094, 16.528895 ], [ 42.7271206, 16.5360379 ], [ 42.7262808, 16.5507043 ], [ 42.7215137, 16.5588912 ], [ 42.7180134, 16.5614276 ], [ 42.7151404, 16.5673177 ], [ 42.7148036, 16.5732357 ], [ 42.712859, 16.5796509 ], [ 42.7158017, 16.5904969 ], [ 42.7181497, 16.5951571 ], [ 42.7167023, 16.6046674 ], [ 42.7233071, 16.6106615 ], [ 42.7269343, 16.6275127 ], [ 42.7295846, 16.6331298 ], [ 42.728353, 16.6356909 ], [ 42.7300586, 16.6496127 ], [ 42.7259847, 16.656079 ], [ 42.7299796, 16.6563061 ], [ 42.7295927, 16.6664711 ], [ 42.7218172, 16.6689604 ], [ 42.7143393, 16.668878 ], [ 42.7115545, 16.6671744 ], [ 42.7076534, 16.6695766 ], [ 42.7068199, 16.6722711 ], [ 42.7105451, 16.6734705 ], [ 42.7132603, 16.6697678 ], [ 42.7218112, 16.6694753 ], [ 42.7301223, 16.6668637 ], [ 42.7363494, 16.6710513 ], [ 42.7355331, 16.673538 ], [ 42.8268686, 16.6639852 ], [ 42.810326, 16.7347925 ], [ 42.809809, 16.7412282 ], [ 42.804799, 16.7608205 ], [ 42.7677739, 16.8377379 ], [ 42.7734281, 16.8825734 ], [ 42.7779942, 16.8991647 ], [ 42.780393, 16.8959514 ], [ 42.8623526, 16.9122592 ], [ 42.8947762, 16.9195395 ], [ 42.9860917, 16.9176403 ], [ 42.9946904, 16.9169036 ], [ 43.0048197, 16.8905978 ], [ 43.0155227, 16.8823546 ], [ 43.0201551, 16.8686336 ], [ 43.0388085, 16.8251096 ] ] ] ] } },
{ "type": "Feature", "properties": { "shapeName": "Al Dhamd", "shapeISO": "None", "shapeID": "SAU-ADM2-3_0_0-B102", "shapeGroup": "SAU", "shapeType": "ADM2" }, "geometry": { "type": "MultiPolygon", "coordinates": [ [ [ [ 42.8968311, 17.2022643 ], [ 42.9314087, 17.1447944 ], [ 42.9288021, 17.1451862 ], [ 42.8281072, 17.060135 ], [ 42.7742472, 17.0549113 ], [ 42.7499917, 17.0341096 ], [ 42.7341174, 17.0221838 ], [ 42.7159286, 17.0020732 ], [ 42.6880769, 16.9912017 ], [ 42.6777391, 17.0316034 ], [ 42.67043, 17.0653586 ], [ 42.7093653, 17.0970848 ], [ 42.7437866, 17.1243279 ], [ 42.7635288, 17.1302413 ], [ 42.7822075, 17.1361155 ], [ 42.7912594, 17.1486865 ], [ 42.8198973, 17.1876537 ], [ 42.8968311, 17.2022643 ] ] ] ] } },
{ "type": "Feature", "properties": { "shapeName": "Jazan", "shapeISO": "None", "shapeID": "SAU-ADM2-3_0_0-B103", "shapeGroup": "SAU", "shapeType": "ADM2" }, "geometry": { "type": "MultiPolygon", "coordinates": [ [ [ [ 42.7341174, 17.0221838 ], [ 42.7551483, 16.9982683 ], [ 42.7159286, 16.9536902 ], [ 42.7312754, 16.9194341 ], [ 42.7380962, 16.9150836 ], [ 42.7736267, 16.883295 ], [ 42.7734281, 16.8825734 ], [ 42.7677739, 16.8377379 ], [ 42.804799, 16.7608205 ], [ 42.809809, 16.7412282 ], [ 42.810326, 16.7347925 ], [ 42.8268686, 16.6639852 ], [ 42.7355331, 16.673538 ], [ 42.7345443, 16.6769532 ], [ 42.7275636, 16.6799663 ], [ 42.7222812, 16.6748873 ], [ 42.7196227, 16.6738281 ], [ 42.7167889, 16.6762434 ], [ 42.7160146, 16.685246 ], [ 42.7189465, 16.6857931 ], [ 42.7198443, 16.6888927 ], [ 42.7201476, 16.6971348 ], [ 42.7177069, 16.7001974 ], [ 42.7149752, 16.6939882 ], [ 42.7141191, 16.6874131 ], [ 42.7114404, 16.6880275 ], [ 42.7072262, 16.6941598 ], [ 42.7086343, 16.6993248 ], [ 42.7086876, 16.7060194 ], [ 42.7054096, 16.7151402 ], [ 42.7043533, 16.7197662 ], [ 42.6994964, 16.7243776 ], [ 42.6973238, 16.728426 ], [ 42.6936969, 16.7315459 ], [ 42.6902588, 16.7323956 ], [ 42.6866818, 16.7370016 ], [ 42.6862709, 16.7395722 ], [ 42.6942655, 16.7423504 ], [ 42.6879384, 16.7435278 ], [ 42.6890802, 16.7480081 ], [ 42.6855869, 16.7496418 ], [ 42.6833574, 16.7572122 ], [ 42.6802062, 16.7636133 ], [ 42.676262, 16.7693612 ], [ 42.676773, 16.7712982 ], [ 42.6721271, 16.7797418 ], [ 42.6751339, 16.7851824 ], [ 42.6706733, 16.7893795 ], [ 42.6626171, 16.7925067 ], [ 42.659437, 16.7902818 ], [ 42.6545716, 16.7947321 ], [ 42.6516132, 16.7962432 ], [ 42.6496948, 16.8000829 ], [ 42.653169, 16.8001387 ], [ 42.6517695, 16.8052718 ], [ 42.6474522, 16.8085694 ], [ 42.6393773, 16.8131109 ], [ 42.6325042, 16.8226936 ], [ 42.626234, 16.82489 ], [ 42.623416, 16.8212838 ], [ 42.6186516, 16.8252463 ], [ 42.6123508, 16.8228556 ], [ 42.6137782, 16.8269756 ], [ 42.6101748, 16.8297972 ], [ 42.6070076, 16.828043 ], [ 42.5996348, 16.8359849 ], [ 42.5951675, 16.8383657 ], [ 42.5878245, 16.8398697 ], [ 42.5791716, 16.8393124 ], [ 42.5728238, 16.8415051 ], [ 42.5725029, 16.8486306 ], [ 42.5753556, 16.8473921 ], [ 42.5768087, 16.8569196 ], [ 42.5749081, 16.8592141 ], [ 42.5717151, 16.8580173 ], [ 42.5689166, 16.8624948 ], [ 42.5591871, 16.8725293 ], [ 42.5536285, 16.87259 ], [ 42.5487095, 16.8738768 ], [ 42.5470704, 16.8729593 ], [ 42.5424005, 16.877834 ], [ 42.5423532, 16.8800356 ], [ 42.5389859, 16.882106 ], [ 42.5363803, 16.8862585 ], [ 42.534227, 16.8848184 ], [ 42.5342935, 16.8931716 ], [ 42.5382299, 16.89731 ], [ 42.537848, 16.9004942 ], [ 42.5435644, 16.9022957 ], [ 42.542328, 16.9135275 ], [ 42.5458911, 16.9183885 ], [ 42.5432009, 16.9221915 ], [ 42.5470751, 16.9270553 ], [ 42.54525, 16.9353979 ], [ 42.5439567, 16.9443219 ], [ 42.53823, 16.9515972 ], [ 42.5369748, 16.967156 ], [ 42.5390882, 16.9734875 ], [ 42.5427855, 16.9874326 ], [ 42.5510744, 16.9865979 ], [ 42.5550017, 16.9929711 ], [ 42.5563672, 17.0010969 ], [ 42.5533712, 17.0051799 ], [ 42.6259369, 17.031776 ], [ 42.6384262, 17.0392393 ], [ 42.67043, 17.0653586 ], [ 42.6777391, 17.0316034 ], [ 42.6880769, 16.9912017 ], [ 42.7159286, 17.0020732 ], [ 42.7341174, 17.0221838 ] ] ] ] } },
{ "type": "Feature", "properties": { "shapeName": "Samtah", "shapeISO": "None", "shapeID": "SAU-ADM2-3_0_0-B104", "shapeGroup": "SAU", "shapeType": "ADM2" }, "geometry": { "type": "MultiPolygon", "coordinates": [ [ [ [ 43.0388085, 16.8251096 ], [ 43.074739, 16.741245 ], [ 43.129463, 16.7620168 ], [ 43.1486904, 16.6982778 ], [ 43.1503645, 16.6785 ], [ 43.1472747, 16.6789982 ], [ 43.1438386, 16.6769217 ], [ 43.1428385, 16.6717578 ], [ 43.1351992, 16.6626464 ], [ 43.1409495, 16.6540905 ], [ 43.1417734, 16.6467701 ], [ 43.1410078, 16.6357446 ], [ 43.1394503, 16.6255338 ], [ 43.1394482, 16.6218898 ], [ 43.1361698, 16.6069447 ], [ 43.1343575, 16.5964226 ], [ 43.1285798, 16.5919709 ], [ 43.1262488, 16.5746935 ], [ 43.1211428, 16.5475895 ], [ 43.1155836, 16.5317716 ], [ 43.1132901, 16.5307762 ], [ 43.1016831, 16.531716 ], [ 43.0786181, 16.528091 ], [ 43.0672377, 16.5297542 ], [ 43.0615502, 16.5294351 ], [ 43.0561221, 16.5278889 ], [ 43.0243207, 16.5242422 ], [ 43.0199818, 16.5232126 ], [ 42.9977036, 16.5213241 ], [ 42.9903237, 16.5217254 ], [ 42.9863264, 16.5200742 ], [ 42.9678351, 16.5074934 ], [ 42.9561839, 16.5015786 ], [ 42.9502602, 16.4970249 ], [ 42.9446596, 16.4898862 ], [ 42.9435503, 16.4821118 ], [ 42.941582, 16.4741561 ], [ 42.9397828, 16.4610666 ], [ 42.937573, 16.4509535 ], [ 42.9393335, 16.445884 ], [ 42.9418652, 16.4425587 ], [ 42.946167, 16.4342109 ], [ 42.9430522, 16.4260047 ], [ 42.9426702, 16.4219907 ], [ 42.9387276, 16.4130233 ], [ 42.9381761, 16.4086042 ], [ 42.9498865, 16.4071497 ], [ 42.9513457, 16.404587 ], [ 42.948506, 16.4002894 ], [ 42.9394245, 16.3985127 ], [ 42.9314119, 16.3989272 ], [ 42.9231668, 16.394902 ], [ 42.9016993, 16.391421 ], [ 42.8305344, 16.3795622 ], [ 42.82765, 16.3882314 ], [ 42.8113035, 16.3958028 ], [ 42.8028446, 16.4022341 ], [ 42.7960179, 16.402987 ], [ 42.7848747, 16.4057893 ], [ 42.7745537, 16.4030706 ], [ 42.7681234, 16.4052965 ], [ 42.7666827, 16.4129053 ], [ 42.7635499, 16.4203107 ], [ 42.7601984, 16.4218197 ], [ 42.7606641, 16.4277467 ], [ 42.7638474, 16.4293254 ], [ 42.7651311, 16.4337163 ], [ 42.7704339, 16.436605 ], [ 42.771703, 16.4422829 ], [ 42.7735558, 16.44359 ], [ 42.7753381, 16.4510757 ], [ 42.7767873, 16.4526359 ], [ 42.775632, 16.4603481 ], [ 42.7728582, 16.4695877 ], [ 42.7729362, 16.4744806 ], [ 42.7704697, 16.4759166 ], [ 42.8223679, 16.4892467 ], [ 42.8707324, 16.5249167 ], [ 42.8980149, 16.553448 ], [ 42.9135102, 16.5766546 ], [ 42.9039919, 16.5763626 ], [ 42.903429, 16.5813472 ], [ 42.9094599, 16.5890538 ], [ 42.9114726, 16.5910985 ], [ 42.909928, 16.5992402 ], [ 42.9086614, 16.6103156 ], [ 42.9225936, 16.6125913 ], [ 42.9276599, 16.6165358 ], [ 42.9351009, 16.6189631 ], [ 42.9433065, 16.6159367 ], [ 42.9575403, 16.6342638 ], [ 42.9711816, 16.6592147 ], [ 42.9669938, 16.6937146 ], [ 42.9919134, 16.6982778 ], [ 43.0187709, 16.7199038 ], [ 43.0313541, 16.7303861 ], [ 43.0197684, 16.7759717 ], [ 43.0388085, 16.8251096 ] ] ] ] } },
{ "type": "Feature", "properties": { "shapeName": "Beesh", "shapeISO": "None", "shapeID": "SAU-ADM2-3_0_0-B105", "shapeGroup": "SAU", "shapeType": "ADM2" }, "geometry": { "type": "MultiPolygon", "coordinates": [ [ [ [ 42.7558169, 17.5060119 ], [ 42.7530187, 17.4294938 ], [ 42.6937857, 17.4026173 ], [ 42.670889, 17.3916428 ], [ 42.6320622, 17.3722146 ], [ 42.5599665, 17.3454262 ], [ 42.5445477, 17.3401278 ], [ 42.5285358, 17.3257983 ], [ 42.434466, 17.3444264 ], [ 42.4120887, 17.1613503 ], [ 42.4073751, 17.1638639 ], [ 42.3963488, 17.1673256 ], [ 42.3883844, 17.1719851 ], [ 42.3874226, 17.1737743 ], [ 42.3804004, 17.1780591 ], [ 42.3758474, 17.1781281 ], [ 42.3715095, 17.1819325 ], [ 42.3664082, 17.1828957 ], [ 42.3613727, 17.1886216 ], [ 42.3598174, 17.1849977 ], [ 42.3627382, 17.1773141 ], [ 42.3591493, 17.1754653 ], [ 42.3621597, 17.1708717 ], [ 42.361921, 17.1688093 ], [ 42.3661653, 17.1621726 ], [ 42.3722279, 17.1594202 ], [ 42.3770071, 17.1527898 ], [ 42.3757066, 17.1500699 ], [ 42.3781863, 17.1450832 ], [ 42.3826926, 17.1387067 ], [ 42.3791049, 17.1368583 ], [ 42.3807595, 17.1334045 ], [ 42.3862116, 17.1263969 ], [ 42.3887682, 17.1254003 ], [ 42.3908334, 17.1213087 ], [ 42.3946306, 17.117754 ], [ 42.3943936, 17.1155625 ], [ 42.3876811, 17.1170205 ], [ 42.3802198, 17.1146073 ], [ 42.3751835, 17.1110675 ], [ 42.3721525, 17.107682 ], [ 42.3692954, 17.1014675 ], [ 42.3699391, 17.0937538 ], [ 42.3716601, 17.0855393 ], [ 42.3734577, 17.0814442 ], [ 42.3765668, 17.0791679 ], [ 42.378219, 17.075843 ], [ 42.3748378, 17.0688495 ], [ 42.3767431, 17.0665576 ], [ 42.3751918, 17.0626765 ], [ 42.3755492, 17.0562462 ], [ 42.377639, 17.050353 ], [ 42.3769011, 17.0457102 ], [ 42.3780861, 17.0374887 ], [ 42.3766393, 17.0356682 ], [ 42.3784649, 17.029514 ], [ 42.3807115, 17.028425 ], [ 42.3801379, 17.024645 ], [ 42.3740429, 17.0204479 ], [ 42.3718478, 17.0147567 ], [ 42.3698747, 17.0219385 ], [ 42.3686715, 17.0314467 ], [ 42.3687049, 17.0481782 ], [ 42.368112, 17.0522889 ], [ 42.3676137, 17.0687559 ], [ 42.3670423, 17.0713225 ], [ 42.3664059, 17.0975688 ], [ 42.3657911, 17.1032236 ], [ 42.3649333, 17.1261208 ], [ 42.3626252, 17.137931 ], [ 42.3597811, 17.1497341 ], [ 42.3567055, 17.1589601 ], [ 42.3533143, 17.1715279 ], [ 42.3512888, 17.1727883 ], [ 42.3461047, 17.1889359 ], [ 42.3455107, 17.1930465 ], [ 42.34331, 17.1971357 ], [ 42.3407375, 17.1991608 ], [ 42.3402398, 17.2058465 ], [ 42.3379274, 17.2083899 ], [ 42.3376936, 17.2153364 ], [ 42.3383349, 17.2266699 ], [ 42.335502, 17.2374429 ], [ 42.3345802, 17.2456671 ], [ 42.3372232, 17.2668081 ], [ 42.337901, 17.2755684 ], [ 42.3369049, 17.2889394 ], [ 42.3346027, 17.2999764 ], [ 42.3312506, 17.3094553 ], [ 42.3292637, 17.3171505 ], [ 42.3296953, 17.3243631 ], [ 42.3272285, 17.3374568 ], [ 42.3233243, 17.3479575 ], [ 42.3219771, 17.3391883 ], [ 42.3176052, 17.3357836 ], [ 42.3133107, 17.3362408 ], [ 42.3108505, 17.3395538 ], [ 42.3145118, 17.3457802 ], [ 42.3142344, 17.3648229 ], [ 42.3190603, 17.3738962 ], [ 42.3234366, 17.3863094 ], [ 42.3249061, 17.3958523 ], [ 42.3252737, 17.4074396 ], [ 42.3243308, 17.41695 ], [ 42.3211907, 17.4300345 ], [ 42.3159543, 17.4397446 ], [ 42.3128227, 17.4430483 ], [ 42.3049724, 17.4480897 ], [ 42.2934007, 17.450892 ], [ 42.2899785, 17.4556073 ], [ 42.2887116, 17.4597081 ], [ 42.2851709, 17.4633913 ], [ 42.2829583, 17.4588574 ], [ 42.2821178, 17.4522823 ], [ 42.2790732, 17.4586752 ], [ 42.2798003, 17.4458162 ], [ 42.2752142, 17.4476843 ], [ 42.2731496, 17.4512592 ], [ 42.2719698, 17.4584495 ], [ 42.2685651, 17.4669909 ], [ 42.3635735, 17.486458 ], [ 42.4996616, 17.5122596 ], [ 42.5595076, 17.4614347 ], [ 42.6138948, 17.50081 ], [ 42.6698871, 17.54545 ], [ 42.7558169, 17.5060119 ] ] ] ] } },
{ "type": "Feature", "properties": { "shapeName": "Khamis Mushayt", "shapeISO": "None", "shapeID": "SAU-ADM2-3_0_0-B106", "shapeGroup": "SAU", "shapeType": "ADM2" }, "geometry": { "type": "MultiPolygon", "coordinates": [ [ [ [ 42.8884374, 18.911145 ], [ 42.9905069, 18.9056792 ], [ 43.0762067, 18.9894677 ], [ 43.1009641, 19.0355304 ], [ 43.1349448, 19.0914142 ], [ 43.3371579, 19.129628 ], [ 43.4045431, 18.9895075 ], [ 43.4177603, 18.9980996 ], [ 43.4714025, 18.9999781 ], [ 43.3982095, 18.8412428 ], [ 43.3483487, 18.7362384 ], [ 43.3316413, 18.6949128 ], [ 43.330574, 18.6951824 ], [ 43.2946212, 18.6139529 ], [ 43.2645193, 18.5524984 ], [ 43.2483206, 18.5118243 ], [ 43.2277044, 18.4690657 ], [ 43.2004632, 18.4378041 ], [ 43.1467955, 18.3700809 ], [ 43.0925014, 18.3064177 ], [ 43.0663947, 18.2571086 ], [ 43.0578383, 18.227807 ], [ 43.0427117, 18.2047547 ], [ 42.863569, 18.1743499 ], [ 42.8554252, 18.1999786 ], [ 42.8406645, 18.2028798 ], [ 42.8314489, 18.2015179 ], [ 42.8233588, 18.2023963 ], [ 42.8192869, 18.1994951 ], [ 42.81267, 18.1883736 ], [ 42.7760227, 18.1811201 ], [ 42.7770407, 18.1632268 ], [ 42.712399, 18.1917585 ], [ 42.6945844, 18.1917585 ], [ 42.692755, 18.2060294 ], [ 42.7021509, 18.2095318 ], [ 42.6583028, 18.2691856 ], [ 42.6463875, 18.265318 ], [ 42.6463875, 18.277504 ], [ 42.6179909, 18.3031696 ], [ 42.5737857, 18.3449532 ], [ 42.5712678, 18.4369395 ], [ 42.5595995, 18.6459875 ], [ 42.4393821, 18.7333586 ], [ 42.4265121, 18.8289621 ], [ 42.2869219, 19.0097099 ], [ 42.269984, 19.0327328 ], [ 42.3093742, 19.0404368 ], [ 42.3402392, 19.0612758 ], [ 42.404174, 19.0841956 ], [ 42.5083436, 19.1999183 ], [ 42.5393464, 19.1120598 ], [ 42.5806835, 19.089274 ], [ 42.6583708, 18.982263 ], [ 42.6840263, 18.9883279 ], [ 42.7024923, 18.9877043 ], [ 42.7555545, 18.9575966 ], [ 42.8879635, 18.9685139 ], [ 42.8884374, 18.911145 ] ] ] ] } },
{ "type": "Feature", "properties": { "shapeName": "Khabash", "shapeISO": "None", "shapeID": "SAU-ADM2-3_0_0-B107", "shapeGroup": "SAU", "shapeType": "ADM2" }, "geometry": { "type": "MultiPolygon", "coordinates": [ [ [ [ 44.5108692, 17.6901542 ], [ 44.5596164, 17.7786559 ], [ 44.5310848, 17.8294119 ], [ 44.3350458, 17.8636284 ], [ 44.3825085, 17.903855 ], [ 44.4522649, 17.9462583 ], [ 44.4954091, 17.9599394 ], [ 44.6158153, 17.9775847 ], [ 45.2270228, 17.9700214 ], [ 45.3993358, 18.0139673 ], [ 45.4536952, 18.0759901 ], [ 45.7472362, 18.0044233 ], [ 45.7597296, 17.9630949 ], [ 46.0217414, 17.9592434 ], [ 46.0092167, 17.7745236 ], [ 46.0216355, 17.6339976 ], [ 46.0327617, 17.5749289 ], [ 45.9990799, 17.2888405 ], [ 45.073886, 17.4333819 ], [ 44.8885881, 17.4334945 ], [ 44.6497176, 17.435138 ], [ 44.6150265, 17.4235348 ], [ 44.5968812, 17.4177993 ], [ 44.5814365, 17.4118579 ], [ 44.5666849, 17.4074106 ], [ 44.5454302, 17.4135164 ], [ 44.5782476, 17.6138887 ], [ 44.5425167, 17.6883217 ], [ 44.5108692, 17.6901542 ] ] ] ] } },
{ "type": "Feature", "properties": { "shapeName": "Haboone", "shapeISO": "None", "shapeID": "SAU-ADM2-3_0_0-B108", "shapeGroup": "SAU", "shapeType": "ADM2" }, "geometry": { "type": "MultiPolygon", "coordinates": [ [ [ [ 44.5108692, 17.6901542 ], [ 44.4883414, 17.6914586 ], [ 44.401003, 17.7295604 ], [ 44.3347781, 17.727036 ], [ 44.2881005, 17.7284041 ], [ 44.1023578, 17.7237786 ], [ 43.9360392, 17.6428136 ], [ 43.9180621, 17.6347206 ], [ 43.9161482, 17.7407845 ], [ 43.9141159, 17.7960486 ], [ 43.951247, 17.7793712 ], [ 43.9806342, 17.8045547 ], [ 44.0041963, 17.8281675 ], [ 44.0413118, 17.8628886 ], [ 44.3007913, 17.8754788 ], [ 44.3350458, 17.8636284 ], [ 44.5310848, 17.8294119 ], [ 44.5596164, 17.7786559 ], [ 44.5108692, 17.6901542 ] ] ] ] } },
{ "type": "Feature", "properties": { "shapeName": "Sharourah", "shapeISO": "None", "shapeID": "SAU-ADM2-3_0_0-B109", "shapeGroup": "SAU", "shapeType": "ADM2" }, "geometry": { "type": "MultiPolygon", "coordinates": [ [ [ [ 46.0217414, 17.9592434 ], [ 46.6007189, 17.9984803 ], [ 46.6414081, 18.0750536 ], [ 46.7660674, 18.2571086 ], [ 46.9017632, 18.1386469 ], [ 47.0471357, 18.0924217 ], [ 47.4705234, 18.1077397 ], [ 47.6307023, 18.1300331 ], [ 47.6167211, 18.0334659 ], [ 47.6562076, 17.8162904 ], [ 47.6680535, 17.7096769 ], [ 47.731008, 17.591177 ], [ 47.6798082, 17.541894 ], [ 47.6363737, 17.4871286 ], [ 47.5948276, 17.4285864 ], [ 47.5495046, 17.3417173 ], [ 47.5117354, 17.2548482 ], [ 47.4796316, 17.1868637 ], [ 47.4720777, 17.1283215 ], [ 47.4531932, 17.101883 ], [ 47.4059817, 17.0660023 ], [ 47.3134472, 17.0376754 ], [ 47.2511281, 16.9829101 ], [ 47.1888089, 16.9621371 ], [ 47.0226245, 16.9715794 ], [ 46.9810785, 16.9923524 ], [ 46.9678592, 17.0263447 ], [ 46.7363984, 17.2910327 ], [ 46.5813154, 17.306176 ], [ 46.4279946, 17.242229 ], [ 45.9990799, 17.2888405 ], [ 46.0327617, 17.5749289 ], [ 46.0216355, 17.6339976 ], [ 46.0092167, 17.7745236 ], [ 46.0217414, 17.9592434 ] ] ], [ [ [ 46.0217414, 17.9592434 ], [ 45.7597296, 17.9630949 ], [ 45.7472362, 18.0044233 ], [ 45.4536952, 18.0759901 ], [ 45.4386418, 18.1213006 ], [ 45.4246346, 18.1611126 ], [ 45.3950528, 18.2374794 ], [ 45.4110763, 18.2553827 ], [ 45.3857608, 18.3410088 ], [ 45.2587368, 18.3810093 ], [ 45.2835254, 18.4567918 ], [ 45.3537157, 18.4434753 ], [ 45.4122766, 18.4434753 ], [ 45.450169, 18.4042569 ], [ 45.4915061, 18.3486823 ], [ 45.550067, 18.3748373 ], [ 45.6396308, 18.3813754 ], [ 45.7154155, 18.4075255 ], [ 45.7739764, 18.3879133 ], [ 45.8600954, 18.3715681 ], [ 45.8979878, 18.315983 ], [ 45.9565487, 18.217848 ], [ 45.975947, 18.1167317 ], [ 46.0217414, 17.9592434 ] ] ] ] } },
{ "type": "Feature", "properties": { "shapeName": "Kharkheer", "shapeISO": "None", "shapeID": "SAU-ADM2-3_0_0-B110", "shapeGroup": "SAU", "shapeType": "ADM2" }, "geometry": { "type": "MultiPolygon", "coordinates": [ [ [ [ 51.1624914, 18.8661673 ], [ 51.1428619, 18.8626815 ], [ 51.0904389, 18.854473 ], [ 51.0929589, 18.8645019 ], [ 51.0977885, 18.8737562 ], [ 51.1195215, 18.8815248 ], [ 51.1419789, 18.8824387 ], [ 51.1559846, 18.8759268 ], [ 51.1624914, 18.8661673 ] ] ] ] } },
{ "type": "Feature", "properties": { "shapeName": "Al Mandaq", "shapeISO": "None", "shapeID": "SAU-ADM2-3_0_0-B111", "shapeGroup": "SAU", "shapeType": "ADM2" }, "geometry": { "type": "MultiPolygon", "coordinates": [ [ [ [ 41.2610565, 20.1379437 ], [ 41.2580408, 20.1398902 ], [ 41.2114288, 20.131204 ], [ 41.1696089, 20.1626129 ], [ 41.1560174, 20.1949966 ], [ 41.2062013, 20.2312977 ], [ 41.2304356, 20.2573761 ], [ 41.2498009, 20.2948557 ], [ 41.2574738, 20.2945286 ], [ 41.2676306, 20.2790951 ], [ 41.2845683, 20.2504469 ], [ 41.2747009, 20.2373267 ], [ 41.2584762, 20.2165821 ], [ 41.2657947, 20.1665385 ], [ 41.2610565, 20.1379437 ] ] ] ] } },
{ "type": "Feature", "properties": { "shapeName": "Belqarn", "shapeISO": "None", "shapeID": "SAU-ADM2-3_0_0-B112", "shapeGroup": "SAU", "shapeType": "ADM2" }, "geometry": { "type": "MultiPolygon", "coordinates": [ [ [ [ 41.7894829, 19.4760208 ], [ 41.5986105, 19.3832923 ], [ 41.532909, 19.5093356 ], [ 41.6385416, 19.5510845 ], [ 41.7031308, 19.6524947 ], [ 41.8021506, 19.8147397 ], [ 41.8353752, 19.8760758 ], [ 41.8684449, 19.9693475 ], [ 41.8788377, 19.991886 ], [ 41.9723268, 19.9364437 ], [ 41.9669357, 19.7221756 ], [ 42.01276, 19.6130292 ], [ 42.0390468, 19.5256229 ], [ 42.1172281, 19.5256229 ], [ 42.1314429, 19.4932428 ], [ 42.0212783, 19.4530378 ], [ 41.9798185, 19.4117056 ], [ 41.8937387, 19.4087852 ], [ 41.8242892, 19.4127229 ], [ 41.7894829, 19.4760208 ] ] ] ] } },
{ "type": "Feature", "properties": { "shapeName": "Namas", "shapeISO": "None", "shapeID": "SAU-ADM2-3_0_0-B113", "shapeGroup": "SAU", "shapeType": "ADM2" }, "geometry": { "type": "MultiPolygon", "coordinates": [ [ [ [ 42.1172281, 19.5256229 ], [ 42.2830673, 19.52339 ], [ 42.2808805, 19.3865877 ], [ 42.3085475, 19.3624953 ], [ 42.3860546, 19.3685888 ], [ 42.3946665, 19.3462448 ], [ 42.4360036, 19.3039862 ], [ 42.4807855, 19.2324466 ], [ 42.4879158, 19.1772314 ], [ 42.404174, 19.0841956 ], [ 42.3402392, 19.0612758 ], [ 42.3093742, 19.0404368 ], [ 42.1815047, 19.0154266 ], [ 42.1635598, 18.9961978 ], [ 42.1509417, 19.0117063 ], [ 41.9685698, 19.011198 ], [ 41.9716347, 19.1299632 ], [ 41.9212492, 19.2271241 ], [ 41.8779459, 19.351364 ], [ 41.829971, 19.4023878 ], [ 41.8242892, 19.4127229 ], [ 41.8937387, 19.4087852 ], [ 41.9798185, 19.4117056 ], [ 42.0212783, 19.4530378 ], [ 42.1314429, 19.4932428 ], [ 42.1172281, 19.5256229 ] ] ] ] } },
{ "type": "Feature", "properties": { "shapeName": "Qilwah", "shapeISO": "None", "shapeID": "SAU-ADM2-3_0_0-B114", "shapeGroup": "SAU", "shapeType": "ADM2" }, "geometry": { "type": "MultiPolygon", "coordinates": [ [ [ [ 41.3808417, 19.9324153 ], [ 41.2856742, 19.9316002 ], [ 41.2600457, 19.9048275 ], [ 41.2571981, 19.8628745 ], [ 41.1429517, 19.83209 ], [ 41.1214713, 19.7823425 ], [ 41.1266039, 19.751981 ], [ 41.0636085, 19.7275805 ], [ 41.030326, 19.7589064 ], [ 40.9923907, 19.7600581 ], [ 41.0148155, 19.7989297 ], [ 41.0549498, 19.8508438 ], [ 41.0574582, 19.9357576 ], [ 41.0097987, 19.9805549 ], [ 40.9822063, 20.0630427 ], [ 40.9860766, 20.0921238 ], [ 41.046845, 20.1295116 ], [ 41.0574582, 20.131357 ], [ 41.1560174, 20.1949966 ], [ 41.1696089, 20.1626129 ], [ 41.2114288, 20.131204 ], [ 41.2580408, 20.1398902 ], [ 41.2723474, 20.0907504 ], [ 41.3397789, 20.0080024 ], [ 41.3634711, 19.9646137 ], [ 41.3808417, 19.9324153 ] ] ] ] } },
{ "type": "Feature", "properties": { "shapeName": "Mikhwah", "shapeISO": "None", "shapeID": "SAU-ADM2-3_0_0-B115", "shapeGroup": "SAU", "shapeType": "ADM2" }, "geometry": { "type": "MultiPolygon", "coordinates": [ [ [ [ 41.0636085, 19.7275805 ], [ 41.1266039, 19.751981 ], [ 41.1214713, 19.7823425 ], [ 41.1429517, 19.83209 ], [ 41.2571981, 19.8628745 ], [ 41.2600457, 19.9048275 ], [ 41.2856742, 19.9316002 ], [ 41.3808417, 19.9324153 ], [ 41.3731977, 19.8803075 ], [ 41.4691745, 19.7995134 ], [ 41.4195628, 19.6355131 ], [ 41.3762879, 19.4780334 ], [ 41.3738861, 19.454998 ], [ 41.3718975, 19.4452033 ], [ 41.2671533, 19.4800594 ], [ 41.1810343, 19.5105026 ], [ 41.1541221, 19.5612284 ], [ 41.1164451, 19.6271481 ], [ 41.1056802, 19.6879731 ], [ 41.0636085, 19.7275805 ] ] ] ] } }
]
}
