{"type":"Topology","arcs":[[[12118,871],[-7,-9],[-1,-12],[3,-13],[9,-3],[6,-16],[2,-16],[12,-7],[11,-8],[12,-7],[-1,-14],[7,-14],[14,-1],[5,5],[8,3],[4,-6],[27,-19],[5,-23],[10,-25],[1,-2],[14,-2],[6,3],[11,-6],[3,-4],[4,-1],[11,-9],[-15,-7],[-5,-6],[0,-8],[-4,-9],[-2,-2],[4,-11],[6,-13],[8,-3],[0,-6],[-13,-9],[-3,0],[-7,-7],[-5,-2],[-5,5],[-8,-3],[-5,6],[-8,1],[-3,-2],[-1,-8],[5,-8],[-3,-9],[5,0],[4,-7],[-9,-5],[-8,-6],[-6,-12],[-2,-5],[4,-6],[8,-10],[8,-1],[5,-8],[-1,-4],[6,-12],[0,-7],[2,-9],[0,-8],[-2,-11],[2,-8],[1,-11],[-7,-3],[-6,3],[-41,7],[-7,3],[-11,3],[-8,6],[-9,2],[-9,5],[-6,8],[-7,7],[-7,4],[-3,31],[-27,102],[-77,-33],[-78,204],[-6,22],[-16,13],[-14,42],[14,6],[42,67],[88,2],[66,-64]],[[12240,1682],[-5,-6],[31,-40],[-17,-17],[-1,-2],[-9,-6],[26,-23],[17,-14],[26,-7],[70,-48],[15,-39],[-12,-1],[-26,-6],[-11,-10],[-14,-1],[-29,-2],[-7,1],[-16,-22],[-15,-4],[-18,-11],[-40,-14],[-3,-7],[3,-13],[-6,-8],[23,-52],[-7,-5],[-31,-29],[1,-5],[-12,-5],[-12,-12]],[[12161,1274],[-26,17],[-23,9],[5,-22],[5,-49],[-25,-1],[-70,-3],[-2,28],[-8,13],[-13,18],[-9,14]],[[11995,1298],[-22,13],[-4,9]],[[11969,1320],[-2,12],[3,8],[-2,12],[1,8],[6,19],[6,14],[-10,-1]],[[11971,1392],[-24,-3]],[[11947,1389],[25,71],[4,40],[7,48],[10,102],[-20,34],[-29,58],[-21,33],[-34,40],[-21,42],[-19,27],[-28,17]],[[11821,1901],[29,28],[60,15]],[[11910,1944],[7,6],[3,1]],[[11920,1951],[37,22]],[[11957,1973],[21,34],[31,-41]],[[12009,1966],[45,-17],[26,-23],[8,-42],[23,-55],[16,-50]],[[12127,1779],[4,-53]],[[12131,1726],[0,-42],[56,-15],[53,13]],[[11954,2090],[-2,-21],[26,-62]],[[11978,2007],[-21,-34]],[[11920,1951],[-3,-1],[-7,-6]],[[11910,1944],[-60,-15],[-29,-28]],[[11821,1901],[-29,7],[-31,8],[-108,-31],[-45,-24],[-39,-57]],[[11569,1804],[-121,63]],[[11448,1867],[-37,131],[106,192]],[[11517,2190],[41,-7],[90,15]],[[11648,2198],[17,1],[67,15],[52,0],[32,-15],[49,-29],[32,-59],[57,-21]],[[11908,860],[-12,2],[-130,3],[-46,-12],[-116,-26]],[[11604,827],[-3,5],[-6,-25]],[[11595,807],[-51,51],[-9,7],[-22,54],[55,72],[-29,38]],[[11539,1029],[22,19],[35,33],[76,9],[143,136]],[[11815,1226],[81,-14]],[[11896,1212],[-9,-31]],[[11887,1181],[-32,-110],[-5,-47],[9,-112]],[[11859,912],[45,-39],[4,-13]],[[10917,2298],[11,5]],[[10928,2303],[28,8],[27,-3],[22,1],[25,-23],[35,-13]],[[11065,2273],[98,1],[89,2],[54,-11]],[[11306,2265],[211,-75]],[[11448,1867],[-80,-72],[-77,-63],[-85,82],[-193,-42],[-134,-31]],[[10879,1741],[-6,6],[-6,3],[-4,15],[-1,13],[-8,-2],[-17,18],[-1,11],[-5,0],[-3,8],[-5,10],[-3,3],[-10,3],[-4,7],[-11,3],[-11,12],[-4,7],[-3,7],[-7,4],[-7,3],[-7,9],[-3,0],[-1,8],[-24,9],[-3,5],[-7,4],[-14,-4],[-6,-6],[-7,13],[4,24],[0,13],[-4,12],[-7,5],[-18,25],[-12,13],[-16,11],[-7,8],[-8,5],[-5,5],[-5,9],[-9,6],[-8,2],[-14,-3],[-8,5],[-2,3],[-1,8],[-6,15],[-6,11],[-7,7],[-12,7],[-2,3],[-12,6],[-8,0],[-5,-3],[-3,3],[-10,5],[-6,7],[-6,2],[0,5],[-8,2],[-4,2],[-6,11],[-8,3],[-7,0],[-4,2],[-11,14],[-1,5],[-9,12],[-4,3],[-9,0],[-7,7]],[[10410,2190],[18,20],[18,22],[6,14],[18,23],[4,20],[7,27],[24,20],[20,18],[28,10],[16,-6],[10,-6],[8,-28],[9,-20],[18,-1],[64,18],[5,-12],[-3,-33],[-9,-29],[10,-14],[44,0],[41,-22],[31,4],[48,24],[44,31],[28,28]],[[11925,1308],[-29,-96]],[[11896,1212],[-78,13]],[[11818,1225],[-49,92]],[[11769,1317],[-2,5],[-25,45]],[[11742,1367],[-3,10],[-60,101]],[[11679,1478],[-114,203]],[[11565,1681],[4,123]],[[11947,1389],[-6,-22]],[[11941,1367],[-16,-59]],[[14026,2101],[76,-5],[51,-119]],[[14153,1977],[-46,-321]],[[14107,1656],[-17,3],[-5,3],[-20,6],[-69,22],[-42,0],[-22,0],[-3,0],[-45,0],[-32,-3],[-107,-14],[-72,-8],[-18,-2],[-26,-7],[-26,1],[-15,-1],[-59,-8],[-10,-40],[-29,-28],[-14,0],[-48,63],[-25,-1],[-37,-22],[-17,18],[-63,-115],[-87,18],[-104,-5],[-37,29],[-24,29],[-30,-1],[-30,-3]],[[12974,1590],[2,28],[-13,15]],[[12963,1633],[-28,230]],[[12935,1863],[26,15],[82,43]],[[13043,1921],[200,102]],[[13243,2023],[235,130],[264,7],[66,-2],[94,4],[124,-61]],[[18500,4783],[5,-554],[-40,-668],[11,-471],[5,-287]],[[18481,2803],[-228,-36]],[[18253,2767],[-388,-19],[-212,-5]],[[17653,2743],[-206,74],[-192,190]],[[17255,3007],[-177,-292],[-58,-123]],[[17020,2592],[-255,-20],[-185,-15],[-157,-12],[-224,-15]],[[16199,2530],[-24,120],[-40,132],[-28,162],[-83,157],[-54,89],[-122,26],[-83,31],[-107,-41],[-127,-11],[-83,-42],[-59,89]],[[15389,3242],[-54,63],[-83,0]],[[15252,3305],[-99,21],[27,90],[132,88],[-13,127],[26,727],[42,541],[2146,-78],[36,4],[951,-42]],[[15298,3141],[36,-137]],[[15334,3004],[-23,-29],[42,-122]],[[15353,2853],[20,-64],[21,-72]],[[15394,2717],[-77,-100],[-244,-70],[-867,12],[-170,-28],[-62,-22],[-98,-68],[-68,-65]],[[13808,2376],[-48,19],[-368,-20],[-53,-55],[-33,-38],[-42,-40],[-52,26]],[[13212,2268],[-3,27],[-65,400],[-38,334]],[[13106,3029],[22,15],[74,16],[309,-119],[365,-100],[164,278],[193,94],[192,-34],[278,42],[237,39],[45,-8],[313,-111]],[[13212,2268],[2,-88],[3,-170]],[[13217,2010],[-174,-89]],[[12935,1863],[0,2]],[[12935,1865],[-34,42],[-40,49],[-44,90],[-88,191],[56,177]],[[12785,2414],[28,19],[21,69],[40,75],[42,57],[-3,31],[49,153],[31,94]],[[12993,2912],[3,27],[25,-6]],[[13021,2933],[4,79]],[[13025,3012],[39,57],[54,-5],[10,-20],[-22,-15]],[[13299,3366],[-11,-23],[8,-24],[-81,-123],[-107,-98],[-29,-31],[-15,2],[-39,-57]],[[13021,2933],[-25,6],[-3,-27]],[[12785,2414],[-233,-26],[-47,-23],[-89,-42],[-113,-52],[-34,-148],[-57,-127],[-46,-119],[-8,-23],[-30,-91]],[[12128,1763],[-1,16]],[[12009,1966],[-31,41]],[[11978,2007],[-26,62],[2,21]],[[11648,2198],[25,30],[14,36],[47,131]],[[11734,2395],[15,35]],[[11749,2430],[168,78],[41,21],[43,0],[77,44],[-53,181],[-49,169]],[[11976,2923],[22,37],[12,47],[37,79],[77,101],[76,109],[38,50],[30,68],[23,66],[42,98]],[[12333,3578],[51,130],[2,0]],[[12386,3708],[23,66],[71,168],[104,254]],[[12584,4196],[56,-64]],[[12640,4132],[146,-164],[151,-176],[312,-362],[50,-64]],[[11480,2925],[3,-23],[25,0],[91,-46],[-1,29],[52,11],[9,18],[6,5],[12,-1],[13,2],[21,-5],[11,-41],[254,49]],[[11749,2430],[-5,-12]],[[11744,2418],[-130,23],[-42,51],[0,74],[-82,16],[-106,170],[-23,122]],[[11361,2874],[119,51]],[[11679,1478],[60,-101],[3,-10]],[[11769,1317],[-109,-23],[-40,-62],[-13,-21],[-27,-9],[-28,-9],[-48,-44],[-56,-51]],[[11448,1098],[-45,-42],[-18,-12],[-103,-42]],[[11282,1002],[-6,6],[-13,6],[5,5],[-9,12],[-7,-1],[-5,3],[-2,12],[-17,3],[0,3],[-18,7],[-4,3],[-8,1],[-4,3],[-24,-1],[-4,3],[-8,0],[-4,6],[-7,3],[-8,12],[-2,2],[0,6],[-7,5],[0,12],[-8,10],[-5,5],[-4,0],[-3,5],[-4,4],[-1,4],[-5,2],[0,3],[-8,7],[-5,7],[-1,16],[2,4],[-2,12],[0,11],[3,3],[2,10],[4,4],[0,13],[5,4],[0,11],[-3,3],[-6,-3],[-9,4]],[[11082,1252],[32,293],[133,-30],[23,23],[22,9],[102,43],[55,31],[32,17],[84,43]],[[10373,2799],[44,32],[215,151],[31,3],[171,1],[158,0]],[[10992,2986],[-47,-333]],[[10945,2653],[-29,-178],[-15,-86],[17,-91]],[[10918,2298],[-1,0]],[[10410,2190],[-6,3],[-3,10],[-5,7],[-3,6],[-6,4],[-8,1],[-3,-2],[-6,4],[-2,4],[-6,0],[-8,8],[-1,14],[-2,5],[-10,5],[-3,6],[-7,6],[5,6],[7,-1],[2,6],[-1,3],[-5,-1],[-4,5],[-6,-9],[-4,-2],[-20,12],[-6,-5],[-22,6],[-4,-2],[-9,2],[-3,7],[-9,8],[-4,2],[-11,8],[-5,2],[-5,5],[-7,11],[-8,3],[-5,0],[-10,1],[-15,-6],[-7,7],[-1,4],[9,5],[3,5],[1,11],[-5,11],[-7,1],[-1,5],[-10,5],[-5,13],[-16,14],[-4,5],[-8,5],[-11,12],[-22,18],[-6,10],[0,5],[-6,1],[-3,4],[-3,9],[-8,1],[-4,5],[1,5],[-1,6],[-13,5],[-8,6],[4,6],[3,0],[8,8],[-3,6],[-8,1],[0,5],[-6,5],[-2,4],[0,13],[-8,-1],[-6,2],[-6,7],[-2,6],[10,3],[3,5],[0,9],[2,1],[0,14],[-7,2],[-2,14],[-8,-1],[-3,-3],[2,-7],[-4,-18],[-6,-3],[-1,-5],[-7,-2],[-1,6],[-11,0],[-4,7],[1,10],[-2,4],[-6,4],[3,9],[3,-3],[7,3],[14,-1],[1,4],[-6,9],[-7,5],[-3,5],[8,12],[-1,4],[-4,2],[3,5],[0,6],[-3,0],[0,8],[-10,-1],[-3,3],[-7,0],[-3,5],[-8,3],[-4,4],[-6,3],[-8,0],[-8,-3],[1,16],[-3,14],[-8,3],[-3,7],[-11,6],[-6,17],[3,5],[-4,16],[1,8],[-1,9],[107,199],[241,-296],[121,101]],[[10373,2799],[-121,-101],[-241,296],[-107,-199],[0,7],[-1,7],[-6,-1],[0,10],[2,2],[-3,9],[2,5],[-9,9],[-2,7],[2,8],[-8,2],[-2,4],[-9,-2],[-8,3],[-4,4],[1,4],[11,-4],[5,0],[4,3],[-5,8],[-9,6],[1,6],[-4,12],[-5,-1],[-2,8],[-6,-1],[-3,5],[-4,3],[-5,9],[-3,0],[-5,-9],[-5,0],[-1,6],[0,9],[11,3],[5,12],[0,6],[-11,6],[1,14],[-3,4],[-10,3],[-2,8],[-3,6],[0,6],[-6,-1],[1,-6],[-11,5],[-5,-2],[1,-13],[-2,-8],[1,-9],[3,-4],[-6,-6],[-10,11],[-3,9],[1,11],[2,4],[11,5],[6,15],[14,7],[3,13],[-8,2],[-5,-10],[-9,1],[-1,8],[3,1],[10,10],[-2,7],[-8,1],[-5,-5],[-1,8],[-12,2],[7,6],[-8,4],[-2,-5],[-11,-2],[-3,-2],[-6,8],[0,9],[-2,7],[2,5],[12,5],[-5,4],[2,8],[-9,5],[-5,9],[0,7],[-5,4],[-8,3],[-5,14],[-1,10],[-6,11],[1,15],[-6,16],[0,8],[-2,6],[-3,5],[-3,11],[0,17],[6,5],[7,-2],[5,5],[-3,10],[1,7],[-1,8],[-4,7],[-7,6],[-2,-6],[-3,-2],[0,17],[2,2],[-1,8],[-6,12],[3,3],[-2,6],[-8,3],[-3,6],[3,2],[2,6],[3,4],[3,12],[0,3],[-7,1],[-3,-2],[-2,8],[-3,2],[-11,-2],[-3,-2],[3,-9],[-4,-10],[-5,12],[1,11],[7,9],[7,6],[-9,8],[3,8],[-1,9],[-7,11],[-5,7],[-18,11],[-8,3],[-11,7],[-10,11],[-10,13],[-6,10],[-2,12],[-2,11],[-4,8],[-5,5],[-8,2],[72,97],[107,57],[78,0],[142,-78],[117,-89],[134,-99],[0,-2],[5,-31],[0,-34],[-11,-54],[-9,-30],[-5,-28],[62,-78],[79,-54],[-11,-82],[15,-84],[19,-139]],[[10379,3659],[147,89],[103,-56]],[[10629,3692],[66,-186]],[[10695,3506],[210,-88],[156,-224],[37,-106],[-44,-11],[-50,-2],[-12,-87]],[[10992,2988],[0,-2]],[[10373,2799],[-19,139],[-15,84],[11,82],[-79,54],[-62,78],[5,28],[9,30],[11,54],[0,34],[-5,31],[0,2],[-134,99],[-117,89],[-142,78],[-63,0]],[[9773,3681],[29,58],[54,57],[66,59]],[[9922,3855],[11,0]],[[9933,3855],[31,-4],[20,-4],[194,-9]],[[10178,3838],[5,-1],[196,-178]],[[10695,3506],[-120,336],[-16,1]],[[10559,3843],[-41,-4],[36,57],[-23,36],[-113,208],[32,74]],[[10450,4214],[262,1],[18,-25],[25,31],[126,28]],[[10881,4249],[24,-37],[198,-290],[18,-153],[170,-140],[17,-334],[3,-148],[63,-67],[40,-41],[0,-19],[17,6],[62,-96]],[[11493,2930],[-132,-56]],[[11744,2418],[-10,-23]],[[11306,2265],[-54,11],[-89,-2],[-98,-1]],[[10928,2303],[-10,-5]],[[10945,2653],[47,335]],[[10559,3843],[16,-1],[54,-150]],[[10379,3659],[-196,178],[-5,1]],[[9933,3855],[-31,1]],[[9902,3856],[-31,1],[-89,-7],[-33,-1],[-31,6],[-28,16],[-27,31],[-15,34],[-9,33],[-8,33],[-5,34],[-3,31],[-1,72]],[[9622,4139],[3,44],[86,50]],[[9711,4233],[152,48],[12,20],[36,189],[414,269]],[[10325,4759],[61,-199],[72,-156],[-5,-190],[-3,0]],[[9485,6201],[73,-61],[92,-5]],[[9650,6135],[26,-61],[43,-31],[112,-55],[53,16]],[[9884,6004],[-7,-75],[-4,-23],[-8,-95],[-20,-90],[-46,-36],[-33,-8],[-59,-18],[-87,30],[-25,52],[-33,69],[-96,133],[-20,78],[4,-3]],[[9450,6018],[7,46],[-10,80],[23,34]],[[9470,6178],[15,23]],[[9301,6110],[-44,76],[15,7],[18,30],[8,31],[3,10],[-87,42],[-22,135],[-17,123],[-116,77],[-78,82],[-61,47],[-45,135],[-166,112],[-145,29],[-78,24],[-11,93],[-61,112],[-89,94],[-200,76],[-75,0],[-8,70],[0,59],[5,163],[-11,123],[-55,65],[-22,81],[72,199],[66,47],[78,35],[0,105],[39,128],[137,275],[96,63],[52,77],[94,92],[34,82],[50,211],[-8,35],[-91,47],[-65,56],[-295,11],[-60,2],[-27,99],[8,74],[-42,73],[-19,18],[-12,101],[97,96],[27,36],[34,30],[33,15],[54,12],[62,24],[102,9],[68,-60],[4,-22],[31,-9],[13,5],[41,-17],[24,42],[13,5],[80,38],[62,31],[103,77],[53,39],[15,117],[16,60],[12,22],[94,68],[30,26],[24,0],[57,-13],[23,111],[26,30],[33,33],[32,37],[104,4],[66,-9],[145,41],[129,55],[-35,91],[-65,95],[-30,69],[4,181],[19,116],[11,74],[111,56],[14,213],[4,-2],[110,-30],[55,27],[39,62],[58,91],[22,64],[113,0],[70,-52],[92,29],[26,110],[71,25],[135,-3],[84,-43],[-13,-158],[-22,-59],[-65,-173],[211,14],[233,-342],[75,-108],[22,-147],[259,-339],[37,-20],[129,-88],[212,-204],[56,-217],[-89,-61],[-106,-72],[-16,-128],[-17,-255],[-6,-186],[-116,-64],[-239,-23],[-167,23],[-100,-35],[-111,-46],[-50,-53],[-89,-75],[-106,-105],[-94,-52],[-67,-105],[-28,-82],[-50,-116],[-22,-87],[-105,-135],[-145,-29],[0,76],[6,169],[-28,70],[-133,0],[-173,-58],[-77,-88],[-173,-5],[-72,87],[-22,-82],[-67,-81],[-22,-99],[50,-82],[28,-70],[22,-94],[67,-64],[87,-59],[-37,-5],[-56,-82],[-44,-140],[55,-53],[95,-35],[55,-18],[-16,-105],[16,-88],[11,-70],[6,-100],[-67,-52],[0,-65],[39,-76],[-28,-76],[-5,-141],[39,-52],[-17,-16],[-23,-33],[-82,-110],[-13,-108],[-17,-94],[-24,-82],[-35,-148],[-1,-18],[-2,0],[-27,-58],[-35,-42],[-71,-58]],[[9603,6470],[45,6],[22,-244]],[[9670,6232],[-20,-97]],[[9485,6201],[-1,-2]],[[9484,6199],[-24,45]],[[9460,6244],[-14,23],[-10,1],[1,18],[35,148],[24,82],[17,94],[13,108],[82,110],[23,33],[17,16],[25,-31]],[[9673,6846],[-29,-94],[-22,-90],[-10,-88],[-9,-104]],[[9614,4962],[61,252],[70,262],[-136,130],[11,83]],[[9620,5689],[87,-30],[59,18],[33,8],[46,36],[20,90],[8,95],[4,23],[7,75],[19,94],[40,-27],[26,9],[5,27],[57,28],[81,129],[52,58],[122,97],[219,-80],[6,6]],[[10511,6345],[-28,-50],[-8,-59]],[[10475,6236],[-14,-10],[13,-110]],[[10474,6116],[-92,-194]],[[10382,5922],[-71,-174],[-47,-149],[-47,-98],[-140,-260],[-92,-162],[-236,-106],[-135,-11]],[[10664,5038],[-111,0],[-37,140],[-65,175],[8,343],[-133,88],[56,138]],[[10474,6116],[-13,110],[14,10]],[[10511,6345],[13,10],[78,-1],[88,15],[21,-41],[147,14],[89,-80],[137,-8],[77,24],[145,56],[145,89],[76,49],[130,16],[114,73],[130,-8],[114,-73],[31,-89],[38,-162],[61,-48],[23,-81],[7,-154],[-145,-137],[-30,-138],[0,-89],[-8,-211],[-53,-73],[-99,-130],[76,-81],[61,-146],[-61,-122],[-11,-29],[-114,-66],[-49,-148],[10,-86],[4,-283],[1,-61],[-188,-18],[-75,48],[-26,1],[-37,-9],[-110,171],[-59,37],[-43,140],[-29,-36]],[[11190,4480],[-11,88],[-63,115],[-59,68]],[[11057,4751],[-12,35],[-110,-9]],[[10935,4777],[-39,38],[3,219],[-235,4]],[[10658,6683],[32,-314]],[[10690,6369],[-88,-15],[-78,1],[-19,-16],[-219,80],[-122,-97],[-52,-58],[-81,-129],[-57,-28],[-5,-27],[-26,-9],[-40,27],[-19,-94]],[[9670,6232],[-22,244],[-45,-6]],[[9673,6846],[22,51],[3,-12],[114,63],[83,-31],[88,-83],[271,-26],[41,5],[132,-21],[78,-1],[45,-1],[19,-35],[7,-16],[49,1],[33,-57]],[[7958,6068],[6,-1],[8,-9],[4,2],[10,-4],[-2,-5],[-5,0],[-21,5],[-8,3],[-5,4],[5,3],[8,2]],[[7661,6212],[5,0],[5,-10],[7,-3],[8,-6],[11,-5],[13,-1],[3,-2],[21,-2],[1,-2],[15,-1],[5,-3],[11,-1],[6,-5],[18,-4],[4,-4],[19,-10],[12,-8],[7,-2],[13,-13],[13,-9],[12,-6],[21,-17],[10,-6],[21,-8],[3,-4],[5,1],[1,-6],[9,-6],[-3,-5],[-6,3],[-7,1],[-26,16],[-5,2],[-3,4],[-10,6],[-7,2],[-17,10],[-9,8],[-13,3],[-5,3],[-16,16],[-9,6],[-3,4],[-5,2],[-5,5],[-16,6],[-7,7],[-13,5],[-9,0],[-18,-2],[-7,1],[-12,-2],[-8,3],[-17,12],[-6,2],[-5,6],[-7,5],[-6,7],[-3,6],[4,1]],[[9301,6110],[-139,-102],[-15,-3],[-87,-60],[-5,-47],[39,-132],[68,-71],[-4,-136],[-57,-83],[-32,-63],[-55,2],[-158,-42],[-69,-24],[-4,18],[-5,11],[-3,3],[-5,13],[-7,8],[-3,6],[-7,0],[-4,6],[-2,9],[-3,7],[-9,8],[-1,5],[-5,0],[-2,9],[-9,4],[-1,5],[-5,3],[-3,9],[-16,-8],[-11,-1],[-9,1],[-15,-7],[-22,-4],[-14,-4],[-12,3],[-4,5],[-4,2],[-9,9],[-2,-3],[-7,0],[-4,-2],[-2,-6],[3,-9],[4,-3],[1,-13],[8,-8],[5,-2],[12,-9],[6,-8],[10,-7],[-4,-7],[-7,6],[-9,12],[-9,-2],[-2,7],[-6,0],[-7,3],[-4,4],[-3,9],[-10,4],[-5,4],[-4,10],[1,6],[0,12],[-8,4],[-1,4],[-1,21],[-10,10],[-4,-1],[-8,7],[-9,2],[-6,-3],[-4,5],[-12,7],[0,7],[-4,6],[-1,7],[4,6],[3,12],[-1,8],[-3,7],[0,8],[-3,4],[-1,8],[-7,4],[-4,16],[-5,6],[-16,8],[-4,-2],[-8,3],[-4,3],[-6,1],[-11,7],[8,16],[8,27],[1,12],[-1,14],[-2,12],[-7,16],[-10,11],[-14,8],[-1,3],[-6,2],[-4,-3],[-3,6],[-16,4],[-2,4],[-5,1],[-5,6],[-5,2],[-23,19],[-4,1],[-32,22],[-2,4],[-15,9],[-2,3],[-5,0],[-8,7],[-2,10],[-8,4],[-9,9],[1,4],[6,0],[1,4],[-4,5],[-10,-2],[-3,5],[-7,0],[-15,10],[-8,2],[-2,3],[-8,2],[-10,6],[0,8],[-8,1],[-16,4],[-13,1],[-16,7],[-9,1],[-13,16],[-6,2],[-6,5],[-6,-4],[-4,3],[-9,-2],[-7,3],[-10,2],[-4,6],[-1,9],[-4,6],[-7,4],[-2,5],[-4,3],[-2,10],[-6,2],[-5,11],[0,5],[-2,6],[-9,5],[-5,10],[2,3],[-3,9],[-9,-6],[-6,-1],[-7,2],[-4,6],[-1,7],[6,2],[3,8],[2,13],[-1,16],[-2,7],[-6,1],[-12,-3],[-1,-2],[-9,6],[-8,0],[-4,-3],[-9,2],[-7,5],[-17,-4],[-6,-8],[-7,0],[-10,5],[-7,18],[-9,11],[-4,1],[-3,7],[-6,11],[-9,8],[-9,0],[-4,1],[-9,9],[2,8],[-2,9],[-7,15],[-4,13],[-4,8],[2,4],[-7,8],[-5,0],[-9,4],[-10,2],[-5,4],[-1,3],[-8,3],[-5,0],[-5,3],[-12,2],[-7,3],[-11,-2],[-10,-6],[-5,-6],[-11,0],[-14,1],[-5,0],[-18,3],[-4,-1],[-3,-10],[5,-5],[2,-6],[-4,-4],[-5,1],[-3,-5],[-15,4],[-7,-2],[-4,3],[-2,9],[-8,7],[-4,6],[-9,6],[-7,-1],[0,4],[-7,6],[-12,9],[-5,-1],[-11,9],[-5,4],[-15,0],[-8,-6],[-10,5],[-5,6],[-8,0],[1,-4],[14,-6],[2,-8],[-7,-3],[0,-4],[6,-3],[4,1],[12,-5],[0,-5],[6,-3],[16,-1],[1,-12],[7,-7],[7,-4],[-4,-5],[-5,-1],[-14,5],[-12,5],[-15,5],[-13,8],[-3,1],[-13,11],[-12,7],[-13,8],[-13,3],[-4,8],[-11,8],[-17,19],[-8,5],[-10,8],[-5,8],[-11,9],[-9,6],[-11,3],[-13,6],[-5,1],[-3,5],[-5,2],[-5,5],[-16,9],[-9,10],[-18,12],[-9,7],[-1,4],[-13,14],[-5,3],[-7,0],[-3,3],[-2,12],[-9,5],[-6,8],[-10,10],[-5,12],[-5,4],[-7,1],[3,8],[-8,4],[-2,4],[-9,-2],[-7,2],[-3,7],[3,2],[1,7],[-16,10],[-5,1],[-5,5],[6,8],[1,17],[-7,0],[-6,2],[-1,7],[2,6],[-2,3],[-11,0],[-2,10],[-3,8],[-1,8],[2,10],[-3,7],[6,3],[1,6],[-12,0],[-6,-3],[-10,-1],[-1,5],[-10,9],[0,5],[-4,6],[-12,2],[-1,6],[6,2],[4,13],[6,3],[0,5],[-14,-1],[-4,5],[-2,-3],[6,-11],[1,-4],[-3,-8],[-10,8],[-9,7],[-3,6],[-5,13],[-6,8],[-3,5],[-6,6],[-3,11],[-1,11],[9,5],[4,-5],[15,0],[4,-6],[2,-8],[10,-6],[7,-6],[-8,-1],[8,-8],[5,3],[-2,7],[-5,9],[-11,4],[-2,5],[-2,13],[4,7],[-2,4],[-8,-5],[-7,1],[-3,3],[-7,0],[-4,-3],[-1,-6],[-5,2],[-11,17],[1,7],[-4,6],[-6,5],[-6,14],[0,3]],[[7043,6786],[204,66],[78,88],[83,106],[39,59],[139,70],[56,12],[144,64],[78,59],[83,88],[100,47]],[[8047,7445],[78,0],[200,-76],[89,-94],[61,-112],[11,-93],[78,-24],[145,-29],[166,-112],[45,-135],[61,-47],[78,-82],[116,-77],[17,-123],[22,-135],[87,-42],[-3,-10],[-8,-31],[-18,-30],[-15,-7],[44,-76]],[[7043,6786],[-3,6],[-9,-2],[-3,2],[-5,10],[-13,12],[-8,11],[0,14],[-1,10],[-5,10],[-9,17],[-3,1],[-4,9],[-11,15],[-6,4],[-2,7],[-9,9],[-12,27],[-6,13],[2,2],[4,1],[2,2],[13,2],[-4,4],[-3,8],[1,4],[9,2],[1,8],[-3,6],[-10,5],[4,9],[-2,6],[-10,3],[-4,6],[-5,-3],[-4,2],[10,5],[-18,5],[-9,-1],[-4,5],[-2,15],[-9,3],[-7,-2],[-7,-6],[2,-7],[9,-8],[4,-15],[7,-7],[5,-3],[5,-9],[6,-8],[11,-10],[3,-5],[9,-7],[-1,-9],[-4,0],[-3,3],[-5,10],[-2,2],[-12,2],[-7,2],[-7,1],[-7,5],[-3,9],[-7,12],[-3,4],[-3,11],[-2,5],[-2,11],[-9,18],[-4,0],[-3,6],[0,7],[-6,10],[-1,15],[-4,11],[8,3],[9,-14],[8,-9],[6,-4],[8,-7],[5,0],[10,5],[5,5],[-4,3],[-8,3],[-7,5],[-2,7],[10,4],[-1,7],[-6,5],[-8,-2],[-9,-1],[-2,2],[0,10],[-14,-1],[8,-10],[-10,-7],[-7,1],[-2,7],[-18,25],[-3,2],[-10,1],[-1,3],[-8,7],[-4,6],[-19,15],[-20,9],[1,8],[-4,4],[-2,9],[3,8],[0,9],[8,-7],[7,-2],[4,2],[0,5],[-5,3],[-2,4],[6,5],[-4,6],[-12,4],[0,7],[-9,4],[-10,16],[-2,3],[-6,1],[-1,-9],[-6,6],[-8,1],[-5,-3],[-3,-5],[-7,0],[-6,4],[-4,5],[-3,0],[-6,4],[-1,8],[-18,24],[-7,8],[-4,7],[-4,2],[-6,11],[-3,10],[-9,11],[-2,6],[2,14],[6,8],[-1,8],[1,22],[-4,4],[103,57]],[[6736,7480],[117,111],[94,152],[172,100],[39,64],[23,88],[16,93]],[[7197,8088],[120,32],[25,38],[100,53],[131,126],[69,65],[17,13],[51,99],[143,101],[161,74],[50,64],[110,16],[177,26]],[[8351,8795],[-137,-275],[-39,-128],[0,-105],[-78,-35],[-66,-47],[-72,-199],[22,-81],[55,-65],[11,-123],[-5,-163],[0,-59],[8,-70],[-3,0]],[[10092,8374],[-33,-58],[-72,-70]],[[9987,8246],[-42,-87],[8,-1]],[[9953,8158],[39,-128],[122,-94],[84,-35]],[[10198,7901],[28,-58]],[[10226,7843],[-28,-100],[-56,-123],[-28,-99],[-150,-82],[-27,-135],[55,-117],[-55,-88],[-45,-59],[-33,-109]],[[9859,6931],[-47,17],[-114,-63],[-3,12],[-22,-51],[-64,83],[5,141],[28,76],[-39,76],[0,65],[67,52],[-6,100],[-11,70],[-16,88],[16,105],[-55,18],[-95,35],[-55,53],[44,140],[56,82],[122,17],[-85,-12],[-87,59],[-67,64],[-22,94],[-28,70],[-50,82],[22,99],[67,81],[22,82],[72,-87],[173,5],[77,88],[173,58],[133,0],[28,-70],[-6,-169],[0,-117]],[[11815,10101],[170,-95],[131,-12],[143,-181],[109,-142]],[[12368,9671],[7,-337],[5,-12],[96,-225],[81,-95]],[[12557,9002],[-209,-173],[-78,-76],[-66,-64],[-45,-70],[-28,-81],[-155,-18],[-111,29],[-150,47],[-106,64],[-72,-41],[-45,-64],[-100,-70],[-38,-81],[-28,-94],[-28,-76],[-100,-52],[-67,-47],[-283,-6],[-228,-29],[-178,12],[-122,-100],[-120,-115]],[[10200,7897],[-2,4]],[[9953,8158],[-8,1],[42,87]],[[10092,8374],[0,41],[145,29],[105,135],[22,87],[50,116],[28,82],[67,105],[94,52],[106,105],[89,75],[50,53],[111,46],[100,35],[167,-23],[239,23],[116,64],[6,186],[17,255],[16,128],[195,133]],[[10658,6683],[-33,57],[-49,-1],[-7,16],[-19,35],[-45,1],[-78,1],[-132,21],[-41,-5],[-271,26],[-88,83],[-36,14]],[[10226,7843],[-26,54]],[[12557,9002],[79,-86]],[[12636,8916],[-38,-332]],[[12598,8584],[9,-139],[21,-316]],[[12628,8129],[-13,-117]],[[12615,8012],[-107,-94],[-99,-87]],[[12409,7831],[-50,-81]],[[12359,7750],[85,-42],[157,-79]],[[12601,7629],[186,-61]],[[12787,7568],[75,-207]],[[12862,7361],[-219,-28],[-46,-17]],[[12597,7316],[-238,64],[-72,-76],[-103,-119],[33,2],[-34,-159],[-69,-104],[-122,-137],[-99,-65],[-122,-161],[-114,-73],[-130,-16],[-76,-49],[-145,-89],[-145,-56],[-77,-24],[-137,8],[-89,80],[-147,-14],[-21,41]],[[8930,4651],[1,-8],[4,-6],[-2,-6],[-4,-1],[-6,3],[-1,6],[1,21],[7,-9]],[[8717,5298],[15,-8],[3,-5],[-6,-1],[-3,5],[-7,0],[-5,-1],[-7,11],[10,-1]],[[9836,5012],[93,-202],[270,148]],[[10199,4958],[58,-117],[68,-82]],[[9711,4233],[-86,-50],[-3,-44]],[[9902,3856],[20,-1]],[[9773,3681],[-15,0],[-107,-57],[-72,-97],[-18,0],[-3,5],[0,4],[-16,-4],[-2,-4],[-23,0],[-3,3],[-9,2],[-9,0],[-8,8],[-6,0],[-4,3],[0,6],[-4,1],[-5,6],[-6,1],[-7,4],[-4,8],[-4,2],[-4,5],[-1,9],[-4,5],[2,5],[-4,9],[6,11],[-9,5],[-4,-2],[-3,5],[3,8],[0,11],[-2,3],[0,8],[-4,5],[-8,19],[-11,16],[-8,8],[-6,5],[-12,15],[-6,12],[-1,10],[0,6],[5,12],[3,10],[6,7],[7,22],[-5,9],[4,14],[3,5],[4,4],[0,13],[6,8],[0,5],[6,12],[3,11],[2,25],[0,9],[-1,8],[2,7],[-5,5],[3,4],[8,-1],[2,10],[-1,7],[-6,5],[0,3],[-8,4],[2,-7],[-7,-4],[-11,3],[-3,3],[-12,5],[-17,1],[-8,3],[-5,0],[-8,7],[-5,7],[-10,6],[-1,5],[-7,3],[-10,8],[-2,9],[-1,14],[-4,17],[-3,6],[-6,22],[-3,22],[-3,0],[-1,9],[-5,5],[-2,5],[-5,4],[-8,2],[-1,2],[3,16],[6,4],[1,5],[8,0],[1,10],[-3,3],[-2,9],[4,2],[0,7],[6,3],[8,8],[-4,12],[2,6],[-1,5],[6,3],[3,8],[1,14],[9,6],[4,15],[1,16],[-1,4],[0,12],[-1,13],[-4,19],[-4,15],[-3,4],[-13,7],[-9,0],[-5,-1],[-9,6],[-12,4],[-3,-2],[-15,1],[-16,2],[-12,8],[-9,13],[-3,-3],[-15,13],[-4,6],[3,14],[-6,12],[-10,4],[-2,4],[3,6],[-8,13],[-5,14],[-5,5],[-4,11],[2,3],[2,11],[-5,1],[-1,11],[-6,3],[2,7],[0,10],[2,0],[3,11],[-4,16],[8,8],[4,8],[1,7],[-4,6],[1,10],[-5,5],[2,11],[-3,9],[-10,13],[-4,12],[-5,6],[-7,3],[-6,5],[-8,2],[-1,9],[-3,3],[-1,12],[-1,23],[-4,4],[-7,3],[-4,10],[-5,3],[-23,2],[-9,9],[0,8],[-4,7],[-9,7],[-12,1],[5,14],[-1,7],[-5,10],[-4,2],[-4,11],[0,3],[-4,20],[3,13],[0,8],[-1,11],[-4,8],[0,5],[7,17],[2,20],[7,16],[1,10],[3,7],[-1,9],[1,23],[2,13],[-1,5],[-5,4],[-7,3],[-8,0],[-4,6],[-6,6],[-1,8],[-4,9],[-3,4],[-4,0],[-8,5],[0,11],[-10,6],[-9,-2],[-9,1],[-12,5],[-8,5],[-13,1],[-8,0],[-11,6],[-9,2],[-11,6],[-15,17],[-3,-3],[-11,8],[-2,4],[-6,4],[-5,9],[-6,-1],[-10,5],[-8,-1],[-5,3],[-7,7],[-17,30],[-8,5],[-6,1],[-5,11],[4,9],[8,2],[3,-7],[7,-11],[7,1],[6,-4],[-3,-3],[-1,-10],[7,2],[2,18],[3,14],[-4,5],[1,17],[-2,7],[-5,2],[0,8],[7,6],[1,19],[2,9],[6,2],[-3,9],[-8,2],[5,8],[0,9],[-2,6],[-7,20],[-2,9],[-3,2],[-5,21],[69,24],[158,42],[109,-4],[107,-113],[15,-98],[54,-105],[38,-81],[122,-49],[148,-56],[3,16],[4,37],[135,11],[87,39]],[[7750,25010],[-5,-433],[-146,-55],[-65,-98],[-54,-103],[-11,-92],[-119,-31],[-38,-18],[-59,-43],[-54,-73],[-157,-98],[0,-61],[43,-85],[33,-86],[43,-55],[86,25],[71,-49],[0,-19],[5,-91],[16,-67],[44,-80],[27,-110],[-2,0]],[[7408,23288],[-101,0],[-76,19],[-38,61],[-48,0],[-49,-19],[-97,-12],[-98,6],[-70,25],[-130,67],[-140,61],[-98,-18],[-54,-13],[-86,-79],[-81,-12],[-65,67],[-71,-79],[-75,-74],[-149,36]],[[5882,23324],[-3,1],[-16,61],[-622,12],[-103,-85],[-59,67],[-38,73],[-38,67],[-27,80],[-21,67],[-65,73],[-76,43],[-92,67],[5,422],[-5,42],[0,86],[76,98],[-27,127]],[[4771,24625],[0,1],[1465,379],[249,244],[357,-61],[659,-147],[249,-24],[0,-7]],[[10002,20679],[-19,60],[-18,59],[-24,27],[-52,102],[7,211],[-204,39],[-55,94],[0,82],[58,90],[32,93],[96,63],[77,66],[76,59],[111,8],[62,47],[38,4],[31,121],[35,70],[117,-15],[45,27],[25,35],[-18,55],[-62,51],[-97,136],[-149,141],[-142,20],[-69,51],[-7,89],[-34,47],[27,59],[11,70],[-121,43],[-94,39],[-118,8],[-121,-43],[-97,-66],[-76,-8],[-90,51],[18,250],[-108,106],[-55,54],[-66,-51],[-585,12],[-100,86],[-222,8],[-97,-133],[-456,176],[-104,16],[0,0]],[[7750,25010],[485,-69],[1343,-868],[273,-176],[170,-62],[218,-90],[294,-149],[256,-121],[291,-269],[335,-235],[149,-145],[291,-234],[-4,0]],[[11851,22592],[-10,0],[-277,-266],[-225,-238],[-249,-188],[-21,-74],[35,-137],[-21,-305],[-79,-82],[-191,-82],[-138,-20],[-121,-12],[-97,0],[-31,-66],[-59,-66],[-45,-47],[-38,-55],[-35,-27],[-24,-28],[-7,-35],[-24,-66],[-45,-63],[-24,-47],[-63,0],[-59,-16],[-1,7]],[[5882,23324],[10,-666],[-96,-90],[-241,-16],[-57,50],[-11,264],[-14,56],[-34,19],[-359,11],[-13,42],[-132,8],[-5,-451],[-43,-63],[-72,15],[-26,59],[1,9]],[[4790,22571],[2,29],[-10,51],[-1351,1526],[27,31],[30,38],[693,202],[590,177]],[[16222,20331],[-10,-73],[-495,-414],[-595,23],[-125,-51],[-48,-50],[-31,-75],[14,-133],[162,-164],[118,-78],[7,-219],[45,-109],[-10,-36],[-319,4],[-90,-70],[-107,-86],[-45,-168],[-97,-43],[-343,-74],[-135,-24],[-100,-82]],[[14018,18409],[-253,129],[-65,20],[-166,0],[-80,-16],[-73,0],[-72,51],[-25,133],[45,54],[11,43],[-52,28],[-56,74],[-20,168],[45,43],[3,86],[-7,43],[-3,59],[-135,27]],[[13115,19351],[-104,4],[-55,24],[-80,23],[-24,-31],[-38,-8],[-73,-8],[-87,-70],[-13,-28],[-90,51],[-16,45]],[[12535,19353],[-5,14],[-242,12],[-70,-75],[-65,-23],[-52,-20],[-76,0],[-52,90],[-38,-12],[-28,-3],[-28,-24],[-31,-8],[-142,102],[-24,90],[7,23],[-31,51],[-73,67],[-69,39],[-101,23],[-69,0],[-27,63],[-21,74],[-21,62],[-55,36],[-70,0],[-100,-12],[-55,-27],[-59,7],[-73,43],[-76,47],[-86,51],[-63,12],[-69,-31],[-62,-36],[-59,-39],[-4,1]],[[10446,19950],[-214,23],[-142,-8],[-93,-4],[-42,55],[-90,15],[-42,16],[-69,23]],[[9754,20070],[-97,12]],[[9657,20082],[-27,106],[24,90],[3,117],[38,70],[77,32],[128,0],[103,7],[21,63],[-21,27],[-30,53],[29,32]],[[11851,22592],[2518,-2034],[410,-50],[70,-47],[827,-43],[547,-86],[-1,-1]],[[14319,18003],[-41,117],[0,86]],[[14278,18206],[-122,43],[-100,19],[-38,51],[0,90]],[[16222,20331],[603,-34],[72,16],[738,-35],[93,-63],[540,-19],[52,-63],[28,-86],[124,-203],[-7,-168],[-1,-1]],[[18464,19675],[-103,-85],[-17,-79],[104,-144],[114,-63],[24,-43],[-34,-152],[-104,-129],[-38,-55],[-24,-47],[-7,-31],[24,-35],[7,-118],[76,-82],[-31,-310]],[[18455,18302],[0,-2],[-260,4],[-816,379],[-45,-16],[-21,-219],[-28,-62],[-52,-86],[-114,-71],[-69,0],[-14,-66],[-80,15],[-69,43],[-28,36],[-41,-12],[-218,0],[-66,23],[-28,24],[-58,15],[-66,-27],[10,-51],[62,-54],[25,-59],[10,-82],[-52,-74],[-52,-63],[-52,-106],[-228,-15],[-80,-43],[-62,-31],[-45,-43],[-38,-51],[-17,-86],[-11,-106],[-48,-66],[-42,-243],[0,1]],[[15762,17108],[-107,38],[-374,165],[-69,74],[-208,113],[-17,43],[-31,24],[-4,309],[-55,140],[-80,86],[-103,-8],[-83,-54],[-73,-63],[-94,-19],[-114,-110]],[[14350,17846],[-31,157]],[[20216,18153],[-53,-110],[-160,-30],[-210,235],[-111,56],[-104,0],[-87,92],[-137,113],[-88,-5],[-67,-45],[-29,-130],[-15,-116],[-7,0]],[[19148,18213],[-142,-5],[-102,33],[-104,2],[-108,93],[-131,0],[-49,-53],[-57,15],[0,4]],[[18464,19675],[121,-235],[473,-48],[77,28],[523,-33],[75,-75],[15,-63],[-24,-105],[55,-77],[85,-113],[42,-63],[-18,-102],[26,-138],[58,-55],[102,-22],[44,-78],[71,-57],[67,-105],[0,-86],[-40,-95]],[[23488,3982],[-10,15],[-20,11],[-31,-2],[-31,-12],[-7,-15],[-4,-16]],[[23385,3963],[-855,-151],[-744,-70],[-1243,-107],[-688,-411],[-392,-209],[-258,-253],[-576,-834],[-6,12],[-90,190],[-16,171],[-56,347],[18,186],[-3,256],[-11,471],[17,280],[23,388],[0,200],[-5,354],[6135,-35],[-5,-411],[42,-58],[8,-12],[-274,-101],[-918,-184]],[[19931,16065],[21,-56],[-29,-56]],[[19923,15953],[-30,-47],[-12,-52],[6,-97],[3,-35],[26,-31],[68,-31]],[[19984,15660],[0,-52]],[[19984,15608],[31,-58],[12,-70]],[[20027,15480],[43,-38],[116,-47],[96,2],[62,33],[325,-5],[23,-1],[67,-89],[5,-83],[10,-60],[58,-41],[55,-60],[41,-17],[71,-6],[41,-37],[56,-75],[64,-47],[269,-23],[49,20],[74,46],[55,8],[139,-8],[85,39],[117,-10]],[[21948,14981],[101,-4]],[[22049,14977],[240,-338],[128,-138],[96,-43],[75,-231],[46,-170],[-12,-147],[108,-94],[88,-142],[45,-104],[-8,-90],[35,-52],[40,-6],[64,3],[54,-88],[19,-90],[8,-124],[48,-21],[78,-55],[50,-6],[118,-60],[72,-3],[83,18],[75,30],[89,57],[45,55],[59,39],[56,6],[35,-48],[-43,-76],[-56,-63],[-61,-43],[-54,-99],[3,-124],[43,-15],[53,12],[38,9],[96,-15],[59,-91],[120,-15],[-16,-185],[490,-650],[469,-641],[452,-605],[1449,-172],[1903,-300],[281,-18],[129,85],[645,-1104],[-5,-60],[-956,-3135],[-4200,-1592],[-40,27],[-10,14],[-42,58],[5,411],[-6135,44],[0,-9]],[[18500,4783],[-39,-1],[0,1]],[[18461,4783],[12,184],[127,320],[31,114],[0,66],[3,95],[43,108],[17,87],[85,149],[35,234],[47,416],[78,327],[26,111],[-40,126],[-38,191],[-29,124],[1,38]],[[18859,7473],[15,385],[64,69],[-59,40],[-67,57],[-24,67],[0,157],[67,94],[0,54],[94,100],[56,63],[56,34],[225,160],[43,39],[-410,48],[-62,-33],[-25,-14]],[[18832,8793],[-51,95],[-4,80]],[[18777,8968],[-8,104],[46,146],[0,76],[84,61],[54,71],[12,142],[0,57],[38,104],[67,108],[38,293],[12,71],[63,751],[-25,175],[-55,90],[-25,71],[51,61],[29,411]],[[19158,11760],[0,93],[19,54],[-3,58],[0,166],[0,215],[-24,66],[-3,185],[-53,78],[-51,88],[-16,199],[-16,106],[-94,34]],[[18917,13102],[-59,-34],[-54,-36],[-163,-9],[-11,142],[-10,263],[-35,109],[-56,100],[-59,121],[-47,79],[-1,2],[50,34],[9,57]],[[18481,13930],[21,42],[56,19]],[[18558,13991],[193,6],[37,48],[51,85],[-128,154],[-59,63],[-27,79],[-61,21]],[[18564,14447],[-46,34],[-37,111],[5,137],[29,87],[43,103],[3,139],[-27,70],[-48,60],[-56,79],[-8,130],[-24,72],[21,73],[5,57]],[[18424,15599],[-32,92],[-15,39]],[[18377,15730],[-5,74]],[[18372,15804],[-14,46],[22,22]],[[18380,15872],[12,13],[54,-4],[22,31]],[[18468,15912],[48,6],[53,-37],[91,-6],[56,14]],[[18716,15889],[48,37]],[[18764,15926],[38,17],[63,23],[55,41],[41,23],[45,27],[65,25],[209,-11],[10,116],[7,46],[22,23],[71,6],[73,-4],[21,24]],[[19484,16282],[29,29],[17,7],[81,-38],[72,7],[49,0],[18,33],[39,2],[50,-9],[-9,-120],[27,-33],[35,-53],[39,-42]],[[21948,14981],[-117,10],[-85,-39],[-139,8],[-55,-8],[-74,-46],[-49,-20],[-269,23],[-64,47],[-56,75],[-41,37],[-71,6],[-41,17],[-55,60],[-58,41],[-10,60],[-5,83],[-67,89],[-23,1]],[[20669,15425],[2,293],[-78,358],[-47,66],[9,262],[-40,133],[40,602],[32,39],[52,38],[9,-10]],[[20648,17206],[208,-228],[201,-191],[195,-118],[82,-56],[108,-35]],[[21442,16578],[278,-412]],[[21720,16166],[103,-41]],[[21823,16125],[-21,-170],[45,-82]],[[21847,15873],[7,-62],[-16,-57]],[[21838,15754],[-24,-345],[107,-61],[48,-24],[-8,-118],[52,-82],[30,-39],[11,-58],[-5,-50]],[[18461,4783],[-165,3],[-1058,48],[-14,-9],[-1658,72],[-1,0],[-313,13],[-142,-7],[0,1],[-19,136]],[[15091,5040],[-8,75],[16,127],[3,61],[94,69],[0,221],[-132,85],[-48,139],[-40,48],[3,266],[184,306],[16,57],[38,39],[21,167],[-80,139],[-3,97],[-200,235],[-113,170],[13,100],[41,75],[37,73],[8,63],[-83,103],[6,67],[-6,42],[338,169],[115,9],[75,55]],[[15386,8097],[29,21],[46,21],[88,-12],[35,-45],[48,0],[53,51]],[[15685,8133],[43,30],[40,3],[14,-42],[0,-242],[53,-60],[8,-76],[33,-45],[69,-49],[64,-69],[97,30],[13,85]],[[16119,7698],[-3,78],[0,46],[17,60],[10,70],[24,39],[14,42],[32,18],[67,3],[83,-21],[51,-66],[-16,-46],[-30,-30],[-37,-60],[13,-37],[27,-33],[171,-6],[586,-284],[121,-3]],[[17249,7468],[56,30],[54,0],[64,-27]],[[17423,7471],[54,-27],[48,0],[56,12],[32,15]],[[17613,7471],[94,42],[67,18],[171,-15],[5,-103],[83,-54],[57,-30],[117,36],[118,97],[386,-24],[48,30],[100,5]],[[18380,15872],[-22,-22],[14,-46]],[[18377,15730],[15,-39],[32,-92]],[[18424,15599],[-5,-57],[-21,-73],[24,-72],[8,-130],[56,-79],[48,-60],[27,-70],[-3,-139],[-43,-103],[-29,-87],[-5,-137],[37,-111],[46,-34]],[[18564,14447],[61,-21],[27,-79],[59,-63],[128,-154],[-51,-85],[-37,-48],[-193,-6]],[[18558,13991],[-56,-19],[-21,-42]],[[18481,13930],[-9,-57],[-50,-34],[1,-2]],[[18423,13837],[-36,5],[-70,3],[-77,-3]],[[18240,13842],[-140,-139],[-101,25]],[[17999,13728],[-59,-31],[-273,31]],[[17667,13728],[-51,27],[-19,60]],[[17597,13815],[-24,46],[8,84],[0,73],[-32,30],[-27,58]],[[17522,14106],[-13,51],[-97,48]],[[17412,14205],[-37,12],[-54,28],[-48,30]],[[17273,14275],[-53,27],[-73,24]],[[17147,14326],[-67,46],[-77,96],[26,55],[54,51],[32,34],[5,60],[-26,27]],[[17094,14695],[-57,15],[-18,22],[-22,33],[-56,21],[-45,-30],[-65,-31]],[[16831,14725],[-51,31],[-29,24],[-8,46],[-5,26]],[[16738,14852],[21,209],[-13,30],[-14,28],[-24,42],[11,66],[53,55],[16,133],[17,26]],[[16805,15441],[18,28],[51,28],[48,-3],[30,-40],[64,6],[13,357],[-40,36],[30,300],[-82,54],[129,123],[7,46]],[[17073,16376],[10,64],[139,64],[56,-70],[91,-36],[54,45],[169,-112],[115,-27],[134,-224],[64,-33],[53,-33],[236,-3],[88,84],[67,-75],[-13,-79],[44,-69]],[[12535,19353],[-10,-193]],[[12525,19160],[-34,-54],[-9,-137],[124,-12],[109,-159],[9,-143],[64,-91],[87,-13],[79,-67],[-22,-444],[16,-47],[73,-29],[9,-31]],[[13030,17933],[-51,-32],[-11,-64],[-90,-15],[-73,-35],[-151,-4],[-34,-15],[-185,-73],[-98,-65]],[[12337,17630],[-12,-8],[-64,2],[-102,-63],[-81,-48],[-58,-31],[-153,0],[-120,-4],[-34,-4],[-47,-37],[-93,-46],[-119,2],[-50,0],[-110,-4],[-32,46],[0,21],[22,16],[26,18],[56,10],[59,13],[-16,69],[-55,10],[-40,36],[-61,21],[-5,46],[-49,87],[-84,110],[-229,8],[-34,53],[-64,112],[-63,46],[-85,-44],[-21,-57],[-193,-5],[-35,-29],[-158,-119],[-8,8]],[[10225,17865],[-49,51],[4,174],[206,292],[0,124],[127,-10],[53,20],[48,54],[5,65],[-202,213],[18,500],[-31,69],[4,436],[40,75],[-2,22]],[[12337,17630],[-6,-48]],[[12331,17582],[-27,-51],[-31,-63],[11,-29]],[[12284,17439],[45,-36],[-14,-16],[-38,-47],[-38,-36],[0,-39],[-5,-128],[-58,-83],[0,0],[-25,-116],[-64,-38],[-67,-23],[-39,-63],[-38,-18],[-58,25],[-32,28],[-54,-4],[-75,-39],[-137,-63]],[[11587,16743],[-77,-93],[-22,-79],[-309,-276],[-46,-93]],[[11133,16202],[-103,-59],[-72,-4],[-73,22],[-13,140]],[[10872,16301],[-7,77],[-63,18],[-70,86],[-4,101],[-107,-6],[-33,45],[-38,2],[-43,-33],[-45,8]],[[10462,16599],[-30,47]],[[10432,16646],[-29,85],[-30,45]],[[10373,16776],[-13,20]],[[10360,16796],[-70,60],[-206,347],[-9,302],[153,154],[-3,206]],[[20216,18153],[6,16],[56,-123],[125,-60],[110,-74],[113,-58],[94,19],[53,-46],[78,-74],[-4,-56],[-58,-173],[49,-7],[52,-25],[-8,-97]],[[20882,17395],[-1,-2],[-65,-30],[-102,-77],[-66,-80]],[[20669,15425],[-325,5],[-62,-33],[-96,-2],[-116,47],[-43,38]],[[20027,15480],[-12,70],[-31,58]],[[19984,15660],[-68,31],[-26,31],[-3,35],[-6,97],[12,52],[30,47]],[[19923,15953],[29,56],[-21,56]],[[19931,16065],[-39,42],[-35,53],[-27,33],[9,120],[-50,9],[-39,-2],[-18,-33],[-49,0],[-72,-7],[-81,38],[-17,-7],[-29,-29]],[[19484,16282],[-21,-24],[-73,4],[-71,-6],[-22,-23],[-7,-46],[-10,-116],[-209,11],[-65,-25],[-42,-25]],[[18964,16032],[-8,84],[-45,18],[2,99],[-49,63],[12,205],[-43,130],[-61,150],[-2,117],[-21,35],[2,30],[25,28],[4,81],[59,23],[23,335],[-4,46],[-41,27],[32,123],[47,7],[37,-35],[41,-18],[61,2],[62,37],[118,2],[23,349],[-25,55],[-10,90],[-55,98]],[[18964,16032],[-44,-25],[-55,-41],[-63,-23],[-38,-17]],[[18716,15889],[-56,-14],[-91,6],[-53,37],[-48,-6]],[[18468,15912],[-22,-31],[-54,4],[-12,-13]],[[17073,16376],[-11,30],[-50,46],[-35,10],[-38,31],[-30,9],[-34,7],[-64,19],[-68,32],[-33,16],[-62,55],[-64,2],[-43,9],[-30,35],[-29,37],[-6,55],[-47,74],[-10,-11],[-15,-21],[-28,-63],[-41,-50],[-63,-44],[-146,164],[-139,117],[-163,90],[-62,83]],[[18777,8968],[4,-80],[51,-95]],[[18832,8793],[25,14],[62,33],[410,-48],[-43,-39],[-225,-160],[-56,-34],[-56,-63],[-94,-100],[0,-54],[-67,-94],[0,-157],[24,-67],[67,-57],[59,-40],[-64,-69],[-15,-385],[-100,-5],[-48,-30],[-386,24],[-118,-97],[-117,-36],[-57,30],[-83,54],[-5,103],[-171,15],[-67,-18],[-94,-42]],[[17613,7471],[-32,-15],[-56,-12],[-48,0],[-54,27]],[[17423,7471],[-64,27],[-54,0],[-56,-30]],[[17249,7468],[-121,3],[-586,284],[-171,6],[-27,33],[-13,37],[37,60],[30,30],[16,46],[-51,66],[-83,21],[-67,-3],[-32,-18],[-14,-42],[-24,-39],[-10,-70],[-17,-60],[0,-46],[3,-78]],[[16119,7698],[-13,-85],[-97,-30],[-64,69],[-69,49],[-33,45],[-8,76],[-53,60],[0,242],[-14,42],[-40,-3],[-43,-30]],[[15685,8133],[-53,-51],[-48,0],[-35,45],[-88,12],[-46,-21],[-29,-21],[-4,120],[43,60],[13,99],[42,51],[86,4],[8,22],[26,375]],[[15600,8828],[83,144],[13,172]],[[15696,9144],[46,55],[0,88],[49,45],[46,4],[4,55],[41,37],[4,56],[55,37],[4,115],[41,49],[0,19],[-30,9],[-52,24],[-51,88],[-41,45],[3,43],[-12,5],[-74,-1],[-12,-28],[-21,-10],[-153,1],[-66,-37],[-47,12],[-19,24],[-55,47],[-88,83],[6,189],[74,-14],[30,-44],[123,5],[55,18],[59,51]],[[15615,10214],[47,5],[43,-30],[68,6],[43,125],[46,77]],[[15862,10397],[5,1],[135,3],[297,213]],[[16299,10614],[10,-177],[54,11],[58,22],[64,39],[96,51],[348,-40],[48,-40],[67,-18],[25,76],[48,-36],[112,-50],[137,-33],[186,98],[44,0],[83,3],[157,87],[9,112],[125,129],[131,65],[2,0]],[[18103,10913],[461,-25],[137,29],[275,-14],[131,72],[48,157]],[[19155,11132],[3,-5],[25,-175],[-63,-751],[-12,-71],[-38,-293],[-67,-108],[-38,-104],[0,-57],[-12,-142],[-54,-71],[-84,-61],[0,-76],[-46,-146],[8,-104]],[[14122,4894],[-144,-3],[-51,-12]],[[13927,4879],[-49,71],[-210,-19]],[[13668,4931],[-31,21],[-6,24]],[[13631,4976],[25,88]],[[13656,5064],[25,35],[56,245],[-6,63]],[[13731,5407],[-10,178],[-4,64]],[[13717,5649],[-232,342],[-13,103]],[[13472,6094],[3,49],[3,174]],[[13478,6317],[-16,125],[-54,126]],[[13408,6568],[-67,82],[-56,45]],[[13285,6695],[-168,304],[-9,48]],[[13108,7047],[-97,178]],[[13011,7225],[-149,136]],[[12787,7568],[-145,36],[-41,25]],[[12601,7629],[-242,121]],[[12409,7831],[206,181]],[[12628,8129],[-30,455]],[[12598,8584],[3,24],[35,308]],[[12636,8916],[273,-4],[57,-53],[47,0],[77,45],[154,-3],[121,37],[60,12],[67,38],[395,-23],[20,-27],[54,4],[63,49],[27,371],[34,23],[47,-30],[204,3],[204,224],[322,-4],[37,30],[117,26],[30,-52],[281,162],[108,110]],[[15435,9854],[42,-11],[66,37],[153,-1],[21,10],[12,28],[74,1],[12,-5],[-3,-43],[41,-45],[51,-88],[52,-24],[30,-9],[0,-19],[-41,-49],[-4,-115],[-55,-37],[-4,-56],[-41,-37],[-4,-55],[-46,-4],[-49,-45],[0,-88],[-46,-55]],[[15600,8828],[-26,-375],[-8,-22],[-86,-4],[-42,-51],[-13,-99],[-43,-60],[4,-120]],[[15091,5040],[19,-136],[-339,17],[-318,-34],[-238,-23],[-93,30]],[[18103,10913],[-16,53],[-15,30],[-63,53],[-65,30],[39,40],[20,30],[13,37],[-42,57],[-30,10],[-70,35],[-114,136],[-19,14],[-9,51],[1,223],[-198,36],[-4,90],[-30,35],[-34,25],[-35,5],[-76,-65],[-15,-47],[-42,-194],[-18,-1]],[[17281,11596],[-85,-8],[-114,22],[-95,9],[-65,51],[4,104],[-50,47]],[[16876,11821],[42,39],[38,60],[19,374],[-38,31],[30,284],[12,47],[75,29],[72,-2],[14,-2]],[[17140,12681],[78,-10],[58,-32],[65,-18]],[[17341,12621],[57,-44],[148,-9]],[[17546,12568],[-19,126],[11,44]],[[17538,12738],[44,51],[200,-20]],[[17782,12769],[43,-14],[36,-35],[153,97]],[[18014,12817],[11,-11],[36,-37],[45,-3],[42,39],[119,15],[197,96],[177,107]],[[18641,13023],[163,9],[54,36],[59,34]],[[18917,13102],[94,-34],[16,-106],[16,-199],[51,-88],[53,-78],[3,-185],[24,-66],[0,-215],[0,-166],[3,-58],[-19,-54],[0,-93]],[[19158,11760],[-29,-411],[-51,-61],[25,-71],[52,-85]],[[16299,10614],[68,120],[85,91],[30,30],[-125,11],[-61,31],[32,137],[0,67],[-39,33],[81,46],[21,72],[59,44],[44,11],[54,-5],[70,-50],[47,-58],[75,0],[47,-47],[119,-30],[46,3],[120,71],[129,67],[71,90],[9,248]],[[15862,10397],[-42,28],[-21,37],[-4,42],[-49,53],[3,106],[-25,21],[-34,49]],[[15690,10733],[-70,90]],[[15620,10823],[-8,26],[45,43],[64,53],[59,15],[46,38],[45,51],[12,63],[-34,34],[0,56],[57,14],[56,50],[61,63],[81,25],[14,50]],[[16118,11404],[-19,52],[-34,63],[44,47],[7,50]],[[16116,11616],[-3,44],[0,49],[-19,39],[-7,38],[4,50],[22,8],[76,31],[12,52],[-56,39],[-12,69]],[[16133,12035],[-2,16],[34,14],[48,24],[39,-52],[66,-49],[78,2],[59,22],[93,50],[136,72],[88,-64],[24,-85],[80,-164]],[[9657,20082],[7,-1]],[[9664,20081],[-207,2],[-114,50],[-477,-9],[-44,-35]],[[8822,20089],[-178,16]],[[8644,20105],[-5,41],[38,78],[20,122],[47,54],[14,113],[58,25],[9,207],[22,137],[93,147],[-7,125],[-193,102],[-51,52],[-126,7],[-77,-47],[-618,6],[-69,-47],[-133,4],[-22,93],[-34,7],[0,89],[115,60],[267,125],[19,54],[-133,20],[-78,-54],[-197,0],[-2,124],[-37,14],[-85,58],[-70,50],[-92,57],[-101,44],[-54,-34],[-94,-58],[-92,-63],[-78,-88],[-169,2],[-87,40],[-307,10],[-101,-106],[-135,-12],[-13,-34],[-280,2],[-11,-32],[-275,-20],[-13,-40],[-65,-21],[-20,-40],[30,-52],[50,-50],[48,-26],[103,-32],[83,-40],[84,-46],[18,-34],[-6,-23],[-23,-46],[-67,-88],[-72,-115],[-45,-56],[0,-38],[6,-56],[39,-3],[15,-26]],[[5685,20747],[1,-2],[-3,-57],[-50,-41],[-141,-109],[-25,-47],[-11,-54],[-36,-87],[-64,-44],[-39,-50],[-125,12],[-44,53],[-45,41],[3,69],[28,28],[14,129],[50,22],[-6,72],[34,59],[5,35],[-28,25],[-16,41],[5,59],[29,78],[-53,44],[-37,38],[-2,38],[-32,22],[-50,40],[-46,18],[-34,41],[-177,-4],[-34,-37],[-73,-10],[-14,-32],[-103,-12],[-43,36],[-53,34],[-2,157],[-48,26],[-16,76],[47,38],[8,49],[-30,32],[-99,66],[-100,68],[-93,126]],[[4137,21833],[-1,0],[141,279],[71,143],[49,50],[0,60],[52,32],[42,12],[84,56],[114,66],[101,40]],[[8644,20105],[46,-4]],[[8690,20101],[-140,-52],[-150,-35],[-266,-75],[-514,-263],[-294,-235],[-166,-123],[-117,-9],[-94,-38],[-322,7]],[[6627,19278],[-8,260]],[[6619,19538],[-56,116],[-78,0],[-211,-141],[-158,6],[-166,18]],[[5950,19537],[-9,1],[-17,275],[67,39],[-6,565],[-59,50],[6,65],[37,58],[12,62],[-30,10],[-50,38],[-74,14],[-71,30],[-71,3]],[[15870,13220],[90,-11]],[[15960,13209],[100,-59],[117,0],[96,-58],[104,-98],[73,24],[74,30],[78,-30]],[[16602,13018],[48,-29],[104,-69],[78,-24]],[[16832,12896],[104,-5],[78,-5],[30,-10]],[[17044,12876],[44,-19]],[[17088,12857],[8,-40],[-43,-68],[87,-68]],[[16133,12035],[-73,33],[-9,152],[87,161],[-4,177]],[[16134,12558],[-83,98],[-78,39],[-8,181]],[[15965,12876],[-243,-98],[-52,211],[-87,147],[-35,73],[14,8]],[[15562,13217],[69,41],[113,-83],[26,49],[65,0],[35,-4]],[[15965,12876],[8,-181],[78,-39],[83,-98]],[[16134,12558],[4,-177],[-87,-161],[9,-152],[73,-33],[12,-69],[56,-39],[-12,-52],[-76,-31],[-22,-8],[-4,-50],[7,-38],[19,-39],[0,-49],[3,-44]],[[16116,11616],[-7,-50],[-44,-47],[34,-63],[19,-52]],[[16118,11404],[-14,-50],[-81,-25],[-61,-63],[-56,-50],[-57,-14],[0,-56],[34,-34],[-12,-63],[-45,-51],[-46,-38],[-59,-15],[-64,-53],[-45,-43],[8,-26]],[[15690,10733],[34,-49],[25,-21],[-3,-106],[49,-53],[4,-42],[21,-37],[42,-28],[-46,-77],[-43,-125],[-68,-6],[-43,30],[-47,-5]],[[15615,10214],[-59,-51],[-55,-18],[-123,-5],[-30,44],[-74,14],[-6,-189],[88,-83],[55,-47],[19,-24],[5,-1]],[[12368,9671],[103,337],[18,23],[22,1],[162,-54],[32,-32],[46,2],[61,38],[40,26],[18,69],[-3,40],[-54,60],[-42,60],[7,76],[73,44],[25,43],[44,54],[9,50],[-96,86],[-27,40],[-16,22],[-1,32],[90,36],[11,45],[3,24],[15,28],[-88,14],[-42,38],[-121,106],[-50,-33],[-29,28],[1,58],[-44,62],[4,268],[28,53],[-25,60],[37,80],[-4,46],[-65,116],[-18,33],[2,2]],[[12494,11752],[37,44]],[[12531,11796],[137,8],[26,124],[57,46],[43,94],[60,23],[75,32],[96,12],[42,48],[29,0],[105,-181],[72,-132]],[[13273,11870],[45,-40],[35,-18],[66,-46],[7,-83],[172,-2],[57,61],[46,44],[68,58],[167,10],[28,62],[30,16],[43,-32],[92,6]],[[14129,11906],[27,36],[36,60],[19,16],[68,20],[46,49]],[[14325,12087],[9,112],[-55,50]],[[14279,12249],[8,199],[43,56]],[[14330,12504],[23,78],[48,60],[34,56],[144,6],[65,32],[114,6],[66,41],[81,10],[27,56],[41,42]],[[14973,12891],[35,22],[36,24],[27,181],[65,-4],[71,-61],[54,-70],[37,-68],[23,-44],[55,-22],[16,-22],[50,62],[16,28],[28,44],[-34,52]],[[15452,13013],[4,56],[-41,85],[-44,54],[17,38],[57,-26],[71,-10],[46,7],[0,0],[-14,-8],[35,-73],[87,-147],[52,-211],[243,98]],[[12493,12796],[33,-41],[3,-106],[25,-50],[22,-41],[25,-32],[14,-84]],[[12615,12442],[-95,-127],[-26,-34],[-38,-38],[-35,-30],[-37,-8],[-47,0],[-32,-4],[9,-40],[13,-28],[-7,-57],[-2,-216],[43,-54],[92,-12]],[[12453,11794],[34,-24],[7,-18]],[[11815,10101],[-56,217],[-29,34],[-49,57],[-134,113],[-129,88],[-37,20],[-259,339],[-22,147],[-308,450],[-211,-14],[65,173],[22,59],[13,158]],[[10681,11942],[39,152]],[[10720,12094],[-47,110],[47,87]],[[10720,12291],[58,47],[-53,47]],[[10725,12385],[-25,91],[0,170],[84,62]],[[10784,12708],[-61,66],[0,50],[38,85]],[[10761,12909],[-25,44]],[[10736,12953],[0,0],[-13,50],[-56,91],[14,72]],[[10681,13166],[33,25],[22,63],[20,65],[47,63],[19,82],[6,78],[72,9],[36,0],[61,-37]],[[10997,13514],[39,-47],[20,-63]],[[11056,13404],[36,-31]],[[11092,13373],[41,-35],[128,-109],[22,-22],[167,-7],[16,-31],[11,-31],[67,-35],[94,-81],[122,-107],[36,-16],[67,-3],[50,0],[72,22],[28,19],[144,-9],[31,37],[280,0],[25,-169]],[[6619,19538],[8,-251]],[[6627,19287],[-128,-233],[-83,-154],[-34,-39],[12,-157],[87,-67],[68,-38],[443,-7],[227,-123],[96,-115],[244,-273],[7,-84],[37,-53],[3,-224],[52,-47],[10,-58],[20,-27],[43,-32],[70,-18],[-8,-313],[-115,2],[-99,13],[-68,81],[-103,-2],[-32,-76],[-43,-65],[-163,-177],[0,-151],[-34,-73]],[[7136,16777],[-12,-50]],[[7124,16727],[-2,-60],[-69,-25],[-48,-4],[-47,20],[-127,67],[-58,47],[-65,-2],[-34,-11],[-28,-18],[-59,-41],[-64,-13],[-111,0],[-101,4]],[[6311,16691],[-44,21]],[[6267,16712],[-39,26],[-36,36],[-66,-2],[-27,-34],[-66,-38],[-85,-20],[-46,5],[-39,40],[-52,40],[-52,-42],[-55,2],[-448,4],[-16,39],[-157,9],[-38,38],[-43,44],[-22,47],[-40,50],[-85,18],[4,101],[10,76],[-14,24],[-4,180],[-10,47],[-36,33],[-6,262],[-59,59],[-335,-14],[1,19]],[[4406,17761],[1,1],[-6,70],[-32,29],[-16,29],[-14,36],[-30,20],[4,327],[38,38],[-6,139],[-50,36],[-7,294],[-52,20],[4,157],[-135,11],[-24,40],[-43,27],[-8,197],[-48,41],[6,145],[-10,72],[6,47],[34,31],[10,34],[-48,52],[0,89],[147,-4],[45,-23],[52,16],[8,25],[-20,40],[10,40],[22,23],[22,18],[39,13],[52,-38],[46,11],[6,34],[-6,114],[15,38],[272,-20],[70,-92],[16,-275],[25,-21],[38,-44],[-137,-54],[-22,-72],[80,-103],[25,-291],[510,6],[20,39],[0,51],[280,27],[24,-34],[33,-42],[12,-45],[56,-45],[176,7],[-6,307],[-6,54],[26,56],[40,78]],[[6284,16704],[-31,-45],[-19,-49],[-44,-99],[-63,-49],[49,-131],[34,-148],[-15,-153],[44,-77],[34,-71],[38,-98],[102,-120],[-5,-143],[-48,-126],[-136,-49],[-106,11],[-63,0],[5,-87],[4,-99],[54,-126],[24,-93],[44,-65],[0,-104],[-83,-49],[-29,-33],[-24,-71],[-3,-6]],[[6047,14624],[-45,-98]],[[6002,14526],[-54,-93]],[[5948,14433],[-48,38],[-83,44],[-72,60],[-82,-11],[-39,-60],[-29,5],[-25,110],[-24,126],[-43,43],[-73,-33],[-247,17],[-111,22],[-150,11],[-112,-39],[-87,0],[-2,9]],[[4721,14775],[-17,101],[-10,82],[-92,44],[-96,22],[-83,25]],[[4423,15049],[-25,52]],[[4398,15101],[-93,84],[3,165],[-34,24],[-65,35],[-118,126],[-84,140],[0,133],[-21,63],[-50,42],[-31,0],[-65,-49],[-28,21],[-15,259],[-35,0],[-105,123],[-9,375],[-22,-4],[-127,67],[-108,108],[0,161],[37,39],[-6,49],[-66,45],[-164,130]],[[3192,17237],[-69,81]],[[3123,17318],[-123,143],[12,56],[84,45],[10,1]],[[3106,17563],[61,6],[127,49],[90,88],[186,59],[276,14],[59,-133],[161,7],[155,81],[185,27]],[[6267,16712],[17,-8]],[[4398,15101],[23,-48]],[[4421,15053],[-45,-4],[-62,-18],[-80,-31],[-103,28],[-34,49],[-87,38],[-77,0],[-25,-31],[-90,-14],[-37,31],[-87,53],[-87,17],[-71,4],[-68,52],[-87,-10],[-34,-32],[-62,18],[-111,10],[-66,-45],[-93,0]],[[3015,15168],[4,70],[77,80],[-15,91],[-53,53],[-133,-4],[-106,74],[-84,164],[-86,186],[-72,157],[-86,172],[-248,364],[1,1]],[[2214,16576],[23,20],[90,4],[44,-21],[56,-42],[18,17],[59,95],[12,73],[53,84],[44,91],[6,74],[55,87],[53,-3],[53,-32],[80,0],[53,84],[47,21],[59,-49],[89,-49],[4,91],[-7,130],[18,67]],[[3123,17318],[69,-81]],[[4421,15053],[2,-4]],[[4721,14775],[-94,-38],[6,-294],[28,-242],[72,-49],[-10,-182],[-21,-66],[114,-179],[196,-238],[-47,-35],[-62,-3],[-136,59],[-44,-28],[-31,-31],[-6,-53],[9,-24],[7,-56],[-38,-67],[-170,-17],[-71,45],[-233,-3],[-21,-25],[-25,-42],[-10,-80],[-112,8]],[[4022,13135],[-24,2],[-81,91],[-71,119],[-108,116],[6,56],[68,70],[53,98],[18,189],[-18,136],[-37,46],[-62,91],[-35,66],[-37,161],[-65,60],[-121,109],[-108,252],[-87,73],[-139,56],[-174,186],[15,56]],[[7124,16727],[7,26]],[[7131,16753],[50,-73],[100,-101],[12,-189],[102,-53],[34,-80],[59,-116],[90,-67],[-25,-108],[-6,-74],[56,-112],[23,-26]],[[7626,15754],[33,-37],[21,-357],[13,-283],[59,-95],[3,-143],[-22,-165]],[[7733,14674],[-59,-108]],[[7674,14566],[-9,-71]],[[7665,14495],[-13,-291]],[[7652,14204],[-42,-53],[-2,-55],[-9,-61],[-47,-33],[-137,-16],[9,-105],[-66,-69],[-32,-76],[-53,-84],[-5,-23],[-3,-35],[57,-36],[-2,-112],[-25,-58],[-29,-66],[-59,44],[-72,77],[-49,76],[-34,110],[-111,93],[-92,71],[-121,27],[-102,181],[-189,10],[-14,159],[-53,88],[4,322],[-261,-16],[-66,60]],[[6284,16704],[27,-13]],[[3106,17563],[-42,210],[-46,17],[-19,48],[-3,220],[-115,-5],[-46,44],[-233,181],[-53,4],[-65,-17],[-84,-69],[-31,21],[-68,35],[-65,47],[-92,22],[-42,-39],[-95,-52],[-54,-17],[0,39],[-7,86],[-31,65],[-126,34],[-4,173],[-198,95],[-100,13],[-34,129],[-145,125],[-115,56],[-68,-4],[-84,-56],[-84,-43],[-191,21],[-77,-65],[-28,-90],[-18,-60]],[[643,18731],[-3,-9],[-145,-17],[0,1]],[[495,18706],[-16,374],[92,146],[-53,87],[-58,95],[-38,133],[-8,82],[42,74],[8,112],[-15,155],[4,129],[366,18],[187,94],[100,-116],[22,-73],[119,-143],[164,-4],[80,-22],[203,18],[76,-18],[92,-4],[64,82],[-15,99],[23,99],[-38,69],[-46,82],[-92,87]],[[1758,20361],[-11,150],[0,5],[195,17],[80,-47],[95,26],[115,82],[65,77],[126,82],[95,95],[122,73],[126,138],[138,276],[118,207],[46,43],[122,69],[172,5],[134,34],[236,39],[96,26],[164,5],[49,38],[96,32]],[[495,18706],[-62,2],[-37,11],[-91,11],[-158,20],[-147,11],[283,604],[3,304],[49,102],[2,229],[25,138],[51,212],[32,174],[36,158],[52,127],[119,-22],[206,-42],[225,-30],[178,-36],[134,-44],[135,-44],[217,-80],[11,-150]],[[2214,16576],[-414,572],[-22,202],[-348,449],[-145,302],[-305,371],[-104,177],[-233,82]],[[10360,16796],[13,-20]],[[10373,16776],[-196,-27],[-131,-33],[-72,-101],[-47,121],[-114,114],[0,-94],[-197,182],[18,148],[-47,88],[-36,27],[-102,-88],[-119,-33],[-298,-21],[-131,-74],[-18,-81],[-30,-330],[-12,-7],[-137,-33],[-60,54],[-257,-7],[-95,-47],[-131,-324],[-36,-141],[-84,-108],[-143,-81],[-113,-81],[-84,34],[-59,-67],[-16,-12]],[[7131,16753],[5,24]],[[6627,19287],[0,-9]],[[8690,20101],[132,-12]],[[9664,20081],[90,-11]],[[12873,15608],[61,0],[54,43]],[[12988,15651],[61,69],[37,21],[-117,273]],[[12969,16014],[-20,64],[46,43],[61,43],[12,61]],[[13068,16225],[-15,82],[-23,34],[-61,61]],[[12969,16402],[22,95],[-95,81],[-99,113],[-65,-13],[-31,-112],[-72,-5],[-69,52],[-38,-17],[-57,-39],[-65,-43],[-46,60],[0,147],[0,86],[-12,60],[-38,61],[-19,43],[-23,-17],[-69,4],[-17,96]],[[12176,17054],[0,0],[58,83],[5,128],[0,39],[38,36],[38,47],[14,16],[-45,36]],[[12284,17439],[-11,29],[31,63],[27,51]],[[12337,17630],[98,65],[185,73],[34,15],[151,4],[73,35],[90,15],[11,64],[51,32]],[[13030,17933],[-9,31],[-73,29],[-16,47],[22,444],[-79,67],[-87,13],[-64,91],[-9,143],[-109,159],[-124,12],[9,137],[34,54]],[[12525,19160],[10,193],[16,-45],[90,-51],[13,28],[87,70],[73,8],[38,8],[24,31],[80,-23],[55,-24],[104,-4]],[[13115,19351],[135,-27],[3,-59],[7,-43],[-3,-86],[-45,-43],[20,-168],[56,-74],[52,-28],[-11,-43],[-45,-54],[25,-133],[72,-51],[73,0],[80,16],[166,0],[65,-20],[253,-129],[0,-90],[38,-51],[100,-19],[122,-43]],[[14278,18206],[0,-86],[41,-117]],[[14319,18003],[29,-148],[-13,-22],[-34,-30],[-46,-73],[-57,-82]],[[14198,17648],[-19,-73],[0,-56],[42,-82],[30,-100],[65,-64],[73,-17],[49,-52],[20,-69]],[[14458,17135],[3,-52],[-14,-10],[-16,-12],[-73,69],[-19,5],[-57,-48],[-69,-38],[-65,0],[-76,56],[-54,47],[-68,-43],[-153,34],[-229,203],[-103,91],[-92,43],[-118,95],[-80,34],[-92,22],[-76,-69],[42,-39]],[[13049,17523],[7,-177]],[[13056,17346],[35,-60],[65,-147],[19,-125],[61,-56],[34,-52],[57,-125],[-122,-129],[107,-99],[92,77],[179,-159],[126,-177],[-3,-5],[215,54],[98,80],[2,-3],[-34,-629],[20,-28],[46,-33],[166,-3]],[[14219,15727],[5,-102],[91,-11],[3,2],[-3,-140],[9,-110],[79,-152],[-3,-19],[-19,-130],[-4,-6],[-40,-82],[-57,-75],[-90,-11],[-149,30],[-7,138],[-19,23],[-18,-252],[-7,0],[2,-74],[-15,-75]],[[13977,14681],[-63,-22],[-73,-30]],[[13841,14629],[-66,-17],[-57,-22],[-43,-9]],[[13675,14581],[2,-5],[-159,-80],[-34,-52],[-42,-75],[-107,0],[-27,-41]],[[13308,14328],[-25,30]],[[13283,14358],[-31,22],[-192,-2],[-16,0],[2,182],[9,7],[24,54],[-65,81],[-65,65],[-3,104],[-27,69],[-34,47],[-35,30],[19,91],[19,65],[-15,56],[-61,60],[-19,121],[-19,103],[30,112],[-28,104],[0,0],[5,-9],[31,-69],[61,-43]],[[14447,17073],[2,-120],[-10,0]],[[14439,16953],[-190,-6],[7,-127],[-152,14],[88,-108],[-149,-69],[-22,-231],[-2,-3]],[[14019,16423],[-98,-80],[-215,-54],[3,5],[-126,177],[-179,159],[-92,-77],[-107,99],[122,129],[-57,125],[-34,52],[-61,56],[-19,125],[-65,147],[-35,60]],[[13049,17523],[-42,39],[76,69],[92,-22],[80,-34],[118,-95],[92,-43],[103,-91],[229,-203],[153,-34],[68,43],[54,-47],[76,-56],[65,0],[69,38],[57,48],[19,-5],[73,-69],[16,12]],[[14931,15808],[-89,-50],[-207,2],[-37,-38]],[[14598,15722],[-283,-108],[-91,11],[-5,102]],[[14219,15727],[-166,3],[-46,33],[-20,28],[34,629],[-2,3]],[[14439,16953],[320,-745],[86,-75],[100,-146],[0,-171],[-14,-8]],[[14671,15092],[-9,-4]],[[14662,15088],[-32,-15],[-105,-19],[-149,-6],[1,11]],[[14377,15059],[4,6],[19,130],[3,19],[-79,152],[-9,110],[3,140],[280,106]],[[14931,15808],[39,-67],[29,-116],[34,-96],[-7,-94],[-27,-66],[-161,-53],[-120,-119],[-47,-105]],[[16805,15441],[-148,38],[-111,21],[-72,-17],[-115,-43],[-42,-186],[-73,-43],[-45,-112],[42,-77],[68,-61],[73,-64],[-27,-57],[-198,-120]],[[16157,14720],[-313,-134]],[[15844,14586],[-96,-69],[-95,4],[-81,18],[-57,60],[-187,-9],[-19,78],[-46,78],[-30,4],[-84,17],[-77,-26],[-88,-30],[-80,39],[-88,78],[-72,103],[-34,86],[-48,71]],[[14662,15088],[9,4]],[[14447,17073],[14,10],[-3,52]],[[14458,17135],[-20,69],[-49,52],[-73,17],[-65,64],[-30,100],[-42,82],[0,56],[19,73]],[[14198,17648],[57,82],[46,73],[34,30],[13,22],[2,-9]],[[16738,14852],[5,-26],[-82,-7],[-50,-78],[-84,-60],[-69,-86]],[[16458,14595],[-49,-112],[-50,-65],[8,-125],[-4,-108],[-84,-65],[-99,-86],[-188,-160],[-114,-64],[-38,-95]],[[15840,13715],[-35,116],[-61,117],[-4,164],[1,4]],[[15741,14116],[15,86],[-16,138],[77,86],[4,130],[48,41]],[[15869,14597],[288,123]],[[15844,14586],[25,11]],[[15741,14116],[-127,0],[-61,13],[-11,30],[-54,-17],[-42,39],[-106,-18],[-42,-56],[-65,-17],[-27,-103],[-46,-69],[-84,-69],[-118,-87],[-80,-69],[-25,-4]],[[14853,13689],[-29,-4],[-107,237],[-38,108],[-206,168],[-19,246],[-107,86],[-15,60],[-92,108],[-54,86],[-3,108]],[[14183,14892],[7,-1],[90,11],[57,75],[40,82]],[[15840,13715],[-46,-78],[4,-60],[23,-52],[72,-86],[-23,-219]],[[15562,13217],[-46,-7],[-71,10],[-57,26],[-17,-38],[44,-54],[41,-85],[-4,-56]],[[15452,13013],[34,-52],[-28,-44],[-16,-28],[-50,-62],[-16,22],[-55,22],[-23,44],[-37,68],[-54,70],[-71,61],[-65,4],[-3,-21]],[[15068,13097],[-42,74],[-11,225],[-38,95],[-88,125],[-36,73]],[[12043,14022],[-18,-169],[65,-99],[-19,-104],[58,-86],[45,-60],[84,-69],[50,-69],[-42,-22],[-8,-47],[-19,-147],[-53,-4],[-69,-39],[-57,-112],[-54,-35],[-43,-48]],[[11963,12912],[-50,-16],[-50,0],[-67,3],[-36,16],[-122,107],[-94,81],[-67,35],[-11,31],[-16,31],[-167,7],[-22,22],[-128,109],[-41,35]],[[11056,13404],[-20,63],[-39,47]],[[10997,13514],[-61,37],[-36,0],[-66,-8]],[[10834,13543],[-4,8],[-187,272]],[[10643,13823],[23,34],[61,78],[218,13],[61,26],[153,30],[-12,215],[27,143],[92,0],[34,-43],[15,-143],[31,-39],[569,-43],[61,-21],[69,-35],[-2,-16]],[[15068,13097],[-24,-160],[-36,-24],[-35,-22]],[[14973,12891],[-41,-42],[-27,-56],[-81,-10],[-66,-41],[-114,-6],[-65,-32],[-144,-6],[-34,-56],[-48,-60],[-23,-78]],[[14330,12504],[-43,-56],[-8,-199]],[[14279,12249],[55,-50],[-9,-112]],[[14325,12087],[-46,-49],[-68,-20],[-19,-16],[-36,-60],[-27,-36]],[[14129,11906],[-92,-6],[-43,32],[-30,-16],[-28,-62],[-167,-10],[-68,-58],[-46,-44],[-57,-61],[-172,2],[-7,83],[-66,46],[-35,18],[-45,40]],[[13273,11870],[-72,132],[-105,181],[-29,0],[-42,-48],[-96,-12],[-75,-32],[-60,-23],[-43,-94],[-57,-46],[-26,-124],[-137,-8]],[[12531,11796],[-37,-44],[-7,18],[-34,24]],[[12453,11794],[-92,12],[-43,54],[2,216],[7,57],[-13,28],[-9,40],[32,4],[47,0],[37,8],[35,30],[38,38],[26,34],[95,127]],[[12615,12442],[-14,84],[-25,32],[-22,41],[-25,50],[-3,106],[-33,41]],[[12493,12796],[-25,169],[-280,0],[-31,-37],[-144,9],[-28,-19],[-22,-6]],[[12043,14022],[51,25],[61,13],[31,4],[23,-86],[168,-17]],[[12377,13961],[137,116],[42,26],[73,39],[393,0]],[[13022,14142],[-15,82],[0,30],[23,69],[30,55]],[[13060,14378],[192,2],[31,-22]],[[13308,14328],[27,41],[107,0],[42,75],[34,52],[159,80],[-2,5]],[[13675,14581],[43,9],[57,22],[66,17]],[[13841,14629],[73,30],[63,22]],[[13977,14681],[15,75],[-2,74],[7,0],[18,252],[19,-23],[7,-138],[142,-29]],[[5948,14433],[6,10]],[[5954,14443],[58,-4],[76,-56],[0,-237],[-34,-34],[-15,-91],[-46,-73],[19,-294],[19,-25],[80,-74],[19,-47],[0,-78],[27,-82],[-76,-34],[91,-91],[-7,-39],[-46,-112],[42,-77],[66,-30]],[[6227,12965],[10,-5],[-111,-108],[-225,-414],[-72,0],[-107,61],[-164,-35],[-39,-108],[-11,-129],[-19,-47],[30,-61],[180,-4],[156,-13],[100,-142],[-35,-69],[-91,-95],[-111,-121],[-44,-8]],[[5674,11667],[-32,-5],[-58,168],[-202,224],[-241,164],[-213,143],[-88,64],[-119,18],[-87,26],[-138,172],[-99,4],[-61,-38],[-69,12],[-111,95],[-46,87],[12,116],[-72,74],[-28,144]],[[6604,10846],[-54,5],[-25,24],[-21,19],[8,117],[-11,43],[-241,181],[-111,4],[-11,177],[-69,0],[-141,-66],[-69,-33]],[[5859,11317],[-103,108],[-61,103],[-15,108],[-6,31]],[[6227,12965],[71,4],[54,-78],[30,-112],[16,-73],[53,-112],[23,-113],[53,-64],[69,-17],[54,-52],[61,-43],[22,-358],[96,82],[23,-143],[38,-99],[4,-125],[30,-91],[81,-129],[57,-99],[11,-39],[0,-56],[-30,-17],[-19,-143],[-233,-207],[-103,-43],[-84,8]],[[6604,10846],[57,-21],[19,-34],[0,-69],[42,-9],[126,0],[76,-8],[65,-9],[61,30],[16,65],[42,56],[91,-22],[16,-13],[22,-51],[210,0],[31,-48],[11,-32]],[[7489,10681],[8,-24],[-15,-77],[0,-82],[-23,-177],[-73,-26]],[[7386,10295],[-38,-48],[-49,-60]],[[7299,10187],[-65,-47],[-73,-13],[-4,47],[-19,43]],[[7138,10217],[-38,-8],[-57,-18],[-46,-69]],[[6997,10122],[-19,-60],[-38,-82]],[[6940,9980],[-16,-78],[-76,-34],[-50,-35]],[[6798,9833],[-42,-56]],[[6756,9777],[-68,-73],[-77,-129],[-80,-9]],[[6531,9566],[-91,0],[0,91],[7,155],[-76,129],[-8,194],[-76,78],[-65,108],[-54,121],[-106,172],[26,78],[-53,142],[-80,151],[-50,112],[-53,125],[7,95]],[[7652,14204],[11,248]],[[7663,14452],[36,-26],[50,-25],[57,-74],[81,-90],[42,-69],[61,-52],[0,-242],[19,-43],[26,-26],[111,-189],[260,-337],[61,-168],[69,-241],[42,-78],[34,-173],[-23,-69],[-84,-43],[-202,52],[-157,-13],[-141,0],[-160,-13],[-134,-4],[-138,-9],[-30,-60],[-27,-60],[-27,-108],[42,-56],[107,-138],[-19,-100],[38,-107],[58,-56],[61,-113],[-27,-64],[-141,-35],[15,-121],[80,-47],[61,-47],[35,13],[49,21],[145,0],[12,-6]],[[8005,11436],[57,-28],[-11,-56],[-4,-65],[-115,-108]],[[7932,11179],[8,-65],[-15,-146],[15,-52],[27,-82],[-19,-60],[-58,-31],[-61,9],[-57,30],[-27,35],[-15,146],[-73,-69],[-30,-56],[-23,-51],[-42,-48]],[[7562,10739],[-73,-58]],[[5954,14443],[48,83]],[[9567,14612],[3,0],[184,-216],[168,-43],[248,-306],[160,-9],[195,-220],[118,5]],[[10834,13543],[-6,-1],[-6,-78],[-19,-82],[-47,-63],[-20,-65],[-22,-63],[-33,-25]],[[10681,13166],[-14,-72],[56,-91],[13,-50],[-20,11],[-73,-8],[-34,-35],[-168,-43],[-73,48],[-45,21],[-39,-21],[-187,0],[-114,-18],[-54,-56],[-34,-69],[-54,-51],[-80,-74],[-53,-43],[-50,-86],[-99,-43],[-69,-26],[-53,-30],[-96,-30],[-84,56],[-53,34],[-80,9],[-81,-43],[-57,-48],[-46,-52]],[[8940,12356],[-65,-30],[-110,-103],[-23,-39],[-57,-26],[-31,0],[-65,30],[-72,-8],[-73,-65],[-80,-35],[-46,-51],[-34,-48],[-12,-43],[65,-65],[-72,-51],[-77,-13],[-61,-82],[-23,-61],[-30,-64],[-42,-87],[-27,-79]],[[7663,14452],[2,43]],[[7674,14566],[9,16]],[[7683,14582],[20,30],[96,34],[61,26],[91,35],[88,0],[84,-9],[58,9],[76,47],[53,61],[107,13],[38,-44],[77,-60],[61,-47],[118,17],[161,8],[80,48],[76,17],[42,-30],[38,-60],[73,-48],[88,4],[130,0],[168,-21]],[[10432,16646],[24,-37]],[[10456,16609],[-34,-95],[-4,-82],[8,-108],[23,-147],[-107,-51],[-31,-39],[-53,-78],[-4,-47],[-42,-74],[-15,-69],[26,-133],[157,-74],[74,-53]],[[10454,15559],[10,-7],[19,-69],[-118,-82],[-65,-121],[-92,-77],[-80,-95],[-88,-65],[-157,-47],[-87,-26],[-16,-35]],[[9780,14935],[-15,-34],[-46,-86],[-68,-61],[-73,-43],[-11,-99]],[[7683,14582],[50,92]],[[10872,16301],[10,-114],[2,-35],[-46,-87],[-69,-82],[-53,-47],[53,-82],[-15,-155],[-92,0],[-68,-26],[-96,-74],[-44,-40]],[[10456,16609],[6,-10]],[[12820,16018],[-39,13],[-76,0],[-69,4]],[[12636,16035],[-49,65]],[[12587,16100],[-54,26],[-34,21]],[[12499,16147],[-12,48],[0,38]],[[12487,16233],[50,39],[50,22],[68,30]],[[12655,16324],[88,13]],[[12743,16337],[103,17],[69,26],[54,22],[61,-61],[23,-34],[15,-82]],[[13068,16225],[-12,-61],[-61,-43],[-46,-43],[17,-57],[-39,18],[-107,-21]],[[12969,16402],[-54,-22],[-69,-26],[-103,-17]],[[12655,16324],[-68,-30],[-50,-22],[-50,-39]],[[12487,16233],[0,-38],[12,-48]],[[12499,16147],[34,-21],[54,-26]],[[12636,16035],[69,-4],[76,0],[39,-13]],[[12820,16018],[107,21],[39,-18],[3,-7]],[[12969,16014],[117,-273],[-37,-21],[-61,-69]],[[12873,15608],[-61,43],[-31,69],[-42,69],[-84,-17],[-61,0]],[[12594,15772],[-23,60],[-3,78]],[[12568,15910],[-31,99],[-95,-21],[-65,-22]],[[12377,15966],[-61,-39],[-84,9],[-107,65]],[[12125,16001],[-54,-18],[-46,-64]],[[12025,15919],[-114,-26],[-34,17]],[[11877,15910],[-39,30]],[[11838,15940],[-45,43],[-69,0],[-130,18]],[[11594,16001],[-38,77],[-61,30]],[[11495,16108],[-181,32],[17,12]],[[11331,16152],[19,107],[0,87],[2,103]],[[11352,16449],[136,122],[22,79],[77,93]],[[11587,16743],[137,63],[75,39],[54,4],[32,-28],[58,-25],[38,18],[39,63],[67,23],[64,38],[25,116]],[[7234,8855],[-134,0],[-88,12],[-80,44],[-61,21],[-88,35],[-84,181],[-11,177],[-107,125],[-57,116],[7,0]],[[6531,9566],[80,9],[77,129],[68,73]],[[6798,9833],[50,35],[76,34],[16,78]],[[6940,9980],[38,82],[19,60]],[[6997,10122],[46,69],[57,18],[38,8]],[[7299,10187],[49,60],[38,48]],[[7386,10295],[10,3]],[[7396,10298],[21,-7],[-4,-100],[0,-86],[12,-108],[-27,-120],[-35,-113],[-68,-99],[-69,-90],[-31,-74],[-106,-64],[-42,-35],[61,-17],[61,-30],[53,-22],[57,-52],[4,-51],[100,34],[80,0],[84,0],[46,0],[11,-82],[-27,-77],[-11,-82],[-19,-91],[-4,-34],[-141,-22],[-168,-21]],[[7594,9256],[-1,8],[-130,0],[-80,0],[-100,-34],[-4,51],[-57,52],[-53,22],[-61,30],[-61,17],[42,35],[106,64],[31,74],[69,90],[68,99],[35,113],[27,120],[-12,108],[0,86],[4,100],[-21,7]],[[7396,10298],[63,23],[2,12]],[[7461,10333],[48,-4],[80,-30],[164,-34],[92,-48],[64,-47]],[[7909,10170],[4,-52],[61,-190]],[[7974,9928],[92,-92]],[[8066,9836],[-107,-123],[-38,-74],[-19,-116],[-77,-134],[-84,-82],[-103,-26],[-38,-17],[-6,-8]],[[6772,8988],[10,-19],[1,-2],[88,-35],[61,-21],[80,-44],[88,-12],[134,0]],[[7234,8855],[168,21],[141,22],[4,34],[19,91],[11,82],[27,77],[-10,74]],[[8066,9836],[12,-101],[19,-18],[42,-73],[-8,-74],[27,-99],[60,-2],[295,-11],[65,-56],[91,-47],[8,-35],[-50,-211],[-34,-82],[-94,-92],[-52,-77],[-96,-63]],[[7197,8088],[-143,154],[0,48],[-80,73],[-73,52],[-19,60],[31,43],[38,43],[-4,86],[-107,108],[-72,52]],[[6768,8807],[-27,86],[31,95]],[[6772,8988],[-31,-95],[27,-86]],[[6736,7480],[-64,-14],[-68,77],[-73,199],[-46,116],[4,82],[50,56],[34,82],[-27,108],[-84,73],[-34,100],[-4,129],[31,78],[-46,73],[-84,69],[-73,147],[-34,116],[0,65],[96,95],[57,107],[42,177],[30,65],[-3,86],[84,0],[57,-116],[107,-125],[11,-177],[83,-179],[-10,19]],[[10681,11942],[-84,43],[-135,3],[-71,-25],[-26,-110],[-92,-29],[-70,52],[-113,0],[-22,-64],[-58,-91],[-39,-62],[-55,-27],[-110,30],[-4,2],[-14,-213],[-111,-56],[-11,-74],[-19,-116],[-4,-181],[30,-69],[65,-95],[35,-91],[-129,-55],[-145,-41],[-66,9],[-104,-4],[-32,-37],[-33,-33],[-26,-30],[-23,-111],[-57,13],[-24,0],[-30,-26],[-94,-68],[-12,-22],[-16,-60],[-15,-117],[-53,-39],[-103,-77],[-62,-31],[-80,-38],[-13,-5],[-24,-42],[-41,17],[-13,-5],[-31,9],[-4,22],[-68,60],[-102,-9],[-62,-24],[-54,-12],[-33,-15],[-34,-30],[-27,-36],[-97,-96]],[[7974,9928],[-61,190],[-4,52]],[[7461,10333],[21,165],[0,82],[15,77],[-8,24],[73,58]],[[7562,10739],[42,48],[23,51],[30,56],[73,69],[15,-146],[27,-35],[57,-30],[61,-9],[58,31],[19,60],[-27,82],[-15,52],[15,146],[-8,65]],[[7932,11179],[115,108],[4,65],[11,56],[-57,28],[27,79],[42,87],[30,64],[23,61],[61,82],[77,13],[72,51],[-65,65],[12,43],[34,48],[46,51],[80,35],[73,65],[72,8],[65,-30],[31,0],[57,26],[23,39],[110,103],[65,30]],[[8940,12356],[46,52],[57,48],[81,43],[80,-9],[53,-34],[84,-56],[96,30],[53,30],[69,26],[99,43],[50,86],[53,43],[80,74],[54,51],[34,69],[54,56],[114,18],[187,0],[39,21],[45,-21],[73,-48],[168,43],[34,35],[73,8],[20,-11]],[[10761,12909],[-38,-85],[0,-50],[61,-66]],[[10725,12385],[53,-47],[-58,-47]],[[10720,12291],[-47,-87],[47,-110]],[[16840,13065],[74,-42],[134,-149]],[[17048,12874],[-4,2]],[[16832,12896],[-78,24],[-104,69],[-48,29]],[[15960,13209],[-90,11],[23,219],[-56,67],[24,-9],[93,10],[140,0],[65,85],[93,94],[56,0],[93,11],[56,-32],[19,-52],[-19,-64],[28,-10],[75,-21],[47,-63],[37,-11],[84,-10],[37,0],[19,-64],[-28,-73],[-28,-42],[-47,-64],[47,-42],[112,-84]],[[17074,14357],[16,8],[57,-39]],[[17147,14326],[73,-24],[53,-27]],[[17412,14205],[97,-48],[13,-51]],[[17597,13815],[19,-60],[51,-27]],[[17999,13728],[101,-25],[140,139]],[[18423,13837],[47,-79],[59,-121],[56,-100],[35,-109],[10,-263],[11,-142]],[[18014,12817],[-153,-97],[-36,35],[-43,14]],[[17538,12738],[-11,-44],[19,-126]],[[17341,12621],[-65,18],[-58,32],[-78,10]],[[17088,12857],[-40,17]],[[16840,13065],[-11,8],[60,71],[77,41],[54,87],[18,95],[-24,80],[-78,68],[-29,81],[-66,74],[-18,94],[-5,11],[11,3],[54,54],[83,60],[6,101],[12,135],[12,88],[24,107],[54,34]],[[16458,14595],[69,86],[84,60],[50,78],[82,7],[8,-46],[29,-24],[51,-31]],[[16831,14725],[65,31],[45,30],[56,-21],[22,-33],[18,-22],[57,-15]],[[17094,14695],[26,-27],[-5,-60],[-32,-34],[-54,-51],[-26,-55],[77,-96],[10,-7],[-16,-8]],[[17074,14357],[-54,-34],[-24,-107],[-12,-88],[-12,-135],[-6,-101],[-83,-60],[-54,-54],[-11,-3],[5,-11],[18,-94],[66,-74],[29,-81],[78,-68],[24,-80],[-18,-95],[-54,-87],[-77,-41],[-60,-71],[-101,76],[-47,42],[47,64],[28,42],[28,73],[-19,64],[-37,0],[-84,10],[-37,11],[-47,63],[-75,21],[-28,10],[19,64],[-19,52],[-56,32],[-93,-11],[-56,0],[-93,-94],[-65,-85],[-140,0],[-93,-10],[-24,9],[-16,19],[-23,52],[-4,60],[46,78],[38,95],[114,64],[188,160],[99,86],[84,65],[4,108],[-8,125],[21,27],[29,38],[49,112]],[[13022,14142],[-340,0],[0,39],[8,120],[-15,91],[-46,95],[-46,82],[-27,125],[-30,56],[-84,52],[0,95],[7,146],[31,56],[38,61],[4,60],[11,78],[12,107],[23,35],[19,30],[15,78],[-11,47],[22,99],[0,78],[42,0],[84,17],[33,-54],[4,-6],[28,-104],[-30,-112],[19,-103],[19,-121],[61,-60],[15,-56],[-19,-65],[-19,-91],[35,-30],[34,-47],[27,-69],[3,-104],[65,-65],[65,-81],[-24,-54],[-9,-7],[-2,-182],[16,0]],[[9780,14935],[16,35],[87,26],[157,47],[88,65],[80,95],[92,77],[65,121],[118,82],[-19,69],[-10,7],[44,40],[96,74],[68,26],[92,0],[15,155],[-53,82],[53,47],[69,82],[46,87],[1,9],[73,-22],[72,4],[103,59]],[[11133,16202],[46,93],[173,154]],[[11331,16152],[-17,-12],[181,-32]],[[11594,16001],[130,-18],[69,0],[45,-43]],[[11877,15910],[34,-17],[114,26]],[[12025,15919],[46,64],[54,18]],[[12377,15966],[65,22],[95,21],[31,-99]],[[12594,15772],[19,0],[0,-78],[-22,-99],[11,-47],[-15,-78],[-19,-30],[-23,-35],[-12,-107],[-11,-78],[-4,-60],[-38,-61],[-31,-56],[-7,-146],[0,-95],[84,-52],[30,-56],[27,-125],[46,-82],[46,-95],[15,-91],[-8,-120],[0,-39],[-53,0],[-73,-39],[-42,-26],[-137,-116]],[[12377,13961],[-24,2],[-144,15],[-23,86],[-31,-4],[-61,-13],[-51,-25],[2,16],[-12,6],[-57,29],[-61,21],[-569,43],[-31,39],[-15,143],[-34,43],[-92,0],[-27,-143],[6,-108],[6,-107],[-153,-30],[-61,-26],[-218,-13],[-61,-78],[-23,-34],[-118,-5],[-195,220],[-160,9],[-248,306],[-168,43],[-184,216],[-3,0],[11,99],[73,43],[68,61],[46,86],[15,34]],[[21757,16637],[-96,0]],[[21661,16637],[-85,-12],[-117,-72]],[[21459,16553],[-17,25]],[[20882,17395],[0,8],[3,2],[21,-35],[26,0],[59,-120],[53,-60],[37,-12],[53,90],[11,78],[-75,66],[11,115],[21,42],[64,18],[54,6],[26,-18],[69,-48],[80,0],[69,-73],[-90,-18],[-85,-48],[5,-78],[-16,-102],[11,-72],[64,6],[58,12],[64,-6],[-21,-72],[-11,-66],[5,-85],[27,-66],[64,-6],[74,-42],[75,-12],[64,-12],[64,-66],[26,-18],[-85,-66]],[[21829,16692],[157,-109],[106,-169],[16,-84],[-133,139],[-32,12],[-58,0],[-11,-79],[43,-42],[74,-30],[85,-90],[75,-72],[10,-156],[-26,-78],[-5,-133],[-32,-138],[-16,-78],[-22,-108],[-90,60],[-53,102],[-80,108],[1,7]],[[21847,15873],[-45,82],[21,170]],[[21720,16166],[-261,387]],[[21459,16553],[117,72],[85,12]],[[21757,16637],[72,55]],[[21829,16692],[-24,17],[22,5],[15,-11],[-13,-11]],[[12862,7361],[35,-24],[114,-112]],[[13108,7047],[9,-48],[168,-304]],[[13285,6695],[56,-45],[67,-82]],[[13478,6317],[-6,-223]],[[13717,5649],[14,-242]],[[13731,5407],[6,-63],[-56,-245],[-25,-35]],[[13631,4976],[6,-24],[31,-21]],[[13668,4931],[210,19],[49,-71]],[[14122,4894],[-58,-145],[-16,-33],[-30,-29],[-65,-31],[-31,-12],[-31,-15],[-31,-27],[-19,-36],[-10,-34],[4,-34],[7,-32],[20,-67],[8,-36],[10,-31],[8,-34],[7,-37],[4,-71],[4,-37],[-1,-63],[-5,-31],[-11,-33],[-14,-35],[-15,-30],[-24,-32]],[[13833,3929],[-26,-30],[-64,-42],[-34,-21],[-66,-30],[-31,-9],[-31,-7],[-64,-9],[-31,-11],[-37,-24],[-39,-46],[-13,-36],[-16,-64],[-15,-34],[-4,-60],[-63,-140]],[[12640,4132],[-56,64],[-76,-3]],[[12508,4193],[-19,-14],[-95,225],[-287,-61],[-48,-90],[-35,-74],[-122,-134],[-145,9]],[[11757,4054],[-1,153],[0,0],[-4,283],[-10,86],[49,148],[114,66],[11,29],[61,122],[-61,146],[-76,81],[99,130],[53,73],[8,211],[0,89],[30,138],[145,137],[-7,154],[-23,81],[-61,48],[-38,162],[-31,89],[-114,73],[-130,8],[122,161],[99,65],[122,137],[69,104],[34,159],[-33,-2],[103,119],[72,76],[238,-64]],[[10368,73],[4,-1],[3,-5],[-1,-3],[-6,0],[-10,-1],[2,5],[-4,13],[2,2],[7,-3],[3,-7]],[[10863,83],[12,-5],[9,-2],[-4,-9],[-2,-10],[4,-11],[-11,7],[4,7],[-1,8],[-6,9],[-14,6],[-11,-2],[-10,6],[5,4],[14,-2],[11,-6]],[[10566,296],[9,1],[5,-3],[2,-4],[-2,-12],[-4,-10],[-2,-12],[3,0],[4,12],[5,7],[2,15],[6,6],[4,-2],[1,-10],[3,-2],[-5,-10],[-2,-9],[-3,-4],[-1,-8],[-2,-2],[-4,-12],[-9,-6],[-14,2],[-3,10],[-6,10],[-4,14],[1,13],[5,12],[6,4],[5,0]],[[10488,350],[-12,-14],[-7,-2],[-6,0],[-3,6],[3,7],[7,4],[11,-1],[6,3],[1,-3]],[[10387,403],[-4,-2],[2,-5],[3,-5],[1,-7],[6,-7],[-2,-3],[-6,1],[-8,5],[-6,8],[-7,4],[3,7],[7,-1],[5,8],[6,-3]],[[10549,436],[6,-6],[4,-9],[0,-5],[-8,-11],[-4,-13],[1,-5],[-3,-9],[-2,-27],[-6,15],[-2,20],[5,9],[5,1],[2,9],[-6,1],[-2,-4],[-5,-2],[-5,-13],[-3,-3],[-6,6],[-1,-11],[4,-6],[1,-6],[-3,-8],[-8,10],[-4,5],[0,6],[3,6],[-5,7],[-5,2],[-4,-1],[-4,-5],[1,16],[3,9],[4,2],[8,18],[11,4],[7,0],[4,2],[13,2],[4,-6]],[[10290,460],[7,-4],[10,-8],[11,-4],[4,-8],[4,-4],[1,-4],[8,-12],[-5,1],[-6,8],[-19,0],[-6,5],[2,8],[-6,7],[-11,4],[-1,5],[-7,4],[1,6],[13,-4]],[[10133,575],[11,-3],[16,-5],[35,-6],[12,-5],[7,-4],[2,-3],[8,-5],[3,-5],[-11,-2],[-1,-6],[5,-2],[12,-15],[8,-4],[6,-5],[7,-3],[8,-22],[-13,4],[-4,5],[-5,1],[-5,0],[-3,7],[-9,5],[-14,0],[-31,5],[-12,0],[-7,1],[-6,10],[-17,5],[-5,3],[-17,20],[-5,3],[-4,5],[0,7],[14,4],[11,0],[6,-6],[16,-2],[-3,4],[-8,5],[-7,9]],[[10806,615],[2,-7],[1,-9],[-7,-4],[0,-9],[-6,9],[5,19],[5,1]],[[11133,670],[5,-4],[-3,-7],[1,-6],[6,-8],[-3,-2],[-7,8],[-4,7],[-2,9],[1,3],[6,0]],[[10511,666],[0,-11],[16,-4],[1,-5],[-9,-4],[0,-8],[4,-5],[-3,-6],[-8,2],[-2,11],[-2,0],[-2,10],[-6,9],[4,1],[4,12],[3,-2]],[[10127,683],[13,-4],[14,-3],[3,-3],[-4,-5],[0,-8],[-4,-7],[-9,0],[-8,-2],[-16,6],[-5,7],[1,5],[3,5],[16,0],[-4,9]],[[10533,742],[2,-5],[8,0],[6,4],[5,-6],[-2,-8],[-10,-7],[-4,3],[-13,2],[-18,1],[-20,-8],[0,10],[7,5],[11,5],[2,-3],[9,-3],[8,2],[4,6],[5,2]],[[11079,815],[4,0],[9,-8],[-5,-6],[-6,-1],[-7,4],[-4,6],[9,5]],[[9911,821],[3,-9],[11,-18],[10,-18],[2,-5],[6,-10],[16,-24],[0,-6],[6,-4],[2,-8],[-8,4],[-1,12],[-4,4],[-4,0],[-10,12],[1,4],[-5,5],[-5,10],[-6,8],[-6,13],[-6,6],[-2,7],[0,7],[-2,5],[2,5]],[[10155,822],[12,-1],[5,-4],[9,-2],[3,-6],[1,-6],[3,-3],[11,-5],[0,-7],[4,-3],[7,-2],[9,-4],[7,2],[9,-4],[4,-4],[11,0],[6,-10],[7,-7],[12,-5],[2,-5],[7,-4],[8,-1],[-3,-5],[2,-8],[0,-9],[3,-7],[11,-5],[4,-7],[-3,-14],[2,-27],[6,-15],[9,-14],[8,-13],[8,-10],[16,-12],[12,-5],[5,0],[15,2],[21,1],[18,-12],[6,-5],[8,-4],[12,0],[8,-3],[6,1],[5,5],[9,5],[3,0],[5,6],[7,4],[5,-1],[2,-8],[23,-7],[6,-12],[2,-6],[5,-6],[-3,-8],[2,-6],[9,-8],[7,-1],[18,15],[8,10],[7,1],[4,-9],[5,-8],[9,1],[9,9],[2,13],[-4,17],[-4,10],[-6,5],[-9,2],[-1,6],[-8,-1],[0,-4],[6,-13],[5,-4],[4,-7],[-3,-4],[-14,1],[-10,0],[-11,-2],[-6,8],[-3,16],[0,5],[-3,3],[6,7],[2,5],[7,7],[3,5],[-2,9],[0,11],[2,20],[8,7],[0,5],[4,5],[4,-1],[3,-8],[7,-2],[3,2],[0,11],[2,9],[-1,4],[4,4],[5,-3],[9,1],[5,4],[5,-5],[0,-4],[7,-2],[3,-12],[5,1],[0,-8],[-4,-2],[-1,-11],[7,2],[10,-9],[-7,-6],[0,-8],[10,-12],[1,-6],[3,-4],[1,-7],[12,-9],[3,-12],[8,-1],[3,2],[8,0],[10,-23],[5,-4],[5,-7],[5,-10],[7,-1],[10,2],[10,6],[9,0],[1,-8],[-4,-15],[-10,-7],[-6,0],[-2,-6],[-5,-1],[-4,-5],[4,-5],[6,10],[18,6],[5,8],[9,7],[4,-4],[0,-11],[-2,-3],[0,-23],[2,-3],[-4,-5],[-1,-4],[-8,-5],[-12,-15],[-1,-17],[6,-4],[3,1],[3,-5],[-3,-8],[1,-21],[-1,-11],[1,-10],[4,-4],[7,-14],[3,-4],[5,0],[-4,-14],[-3,-7],[1,-11],[-4,-4],[-11,-5],[-12,-1],[-16,2],[-7,8],[-3,10],[-8,14],[-4,4],[-5,10],[-27,20],[-18,4],[-20,4],[-9,0],[-18,3],[-3,6],[4,4],[16,4],[14,2],[14,9],[8,14],[3,7],[0,11],[-3,15],[-7,14],[-21,9],[-7,1],[-4,3],[-21,3],[-5,2],[-12,2],[-10,-1],[-14,-4],[-25,-9],[-9,-2],[-33,-1],[-8,0],[-5,-2],[-2,-7],[-1,-13],[-5,-5],[-5,-1],[-5,2],[-11,2],[-7,4],[-11,3],[-3,6],[-6,6],[-12,3],[-12,13],[-10,7],[-6,11],[-2,10],[-11,10],[-14,-1],[-10,3],[-3,0],[-9,3],[0,3],[-16,10],[-5,8],[-7,6],[-6,3],[-14,12],[-1,3],[-9,8],[-4,5],[-5,11],[-2,11],[-2,16],[1,9],[-2,1],[-3,7],[-5,6],[-6,3],[-8,11],[-1,4],[-12,8],[-9,4],[-7,1],[-2,-4],[9,-2],[-8,-4],[-12,2],[-9,-3],[-7,0],[-4,3],[2,14],[4,9],[8,6],[7,14],[1,10],[-3,8],[-4,7],[-11,7],[-3,9],[-1,6],[-8,3],[-9,1],[-2,13],[-5,8],[-2,17],[5,5]],[[9888,831],[3,-3],[6,-16],[0,-4],[4,-9],[5,-5],[1,-4],[14,-16],[2,-7],[6,-8],[6,-7],[-1,-3],[9,-13],[5,-13],[9,-11],[11,-7],[5,-6],[6,-1],[1,-3],[-11,-5],[-15,2],[-14,4],[-5,7],[-5,1],[-9,8],[-13,8],[-2,7],[4,2],[2,5],[-7,10],[-5,2],[-8,13],[-6,2],[-1,15],[1,7],[-2,17],[3,16],[-2,8],[3,7]],[[10120,868],[3,-9],[-10,0],[-3,3],[-4,-1],[-2,-10],[-8,-1],[-7,-6],[-2,7],[3,5],[9,7],[14,6],[7,-1]],[[10389,922],[2,-2],[10,-1],[9,-10],[-1,-12],[7,1],[2,-7],[5,-5],[-3,-10],[-4,-7],[-5,-3],[-5,-7],[-3,-14],[5,-9],[8,-13],[6,-7],[4,-10],[8,-4],[9,-2],[7,0],[5,-6],[9,-1],[10,-5],[-5,-2],[-1,-5],[6,-3],[-2,-13],[3,-11],[-5,-1],[-9,8],[-7,2],[-11,-4],[-10,5],[-5,0],[-17,-5],[-7,-1],[-11,-10],[-3,1],[2,-14],[9,-11],[3,0],[1,-8],[3,-2],[4,-6],[4,-3],[7,0],[6,-1],[7,-10],[12,-4],[11,3],[1,-4],[6,-8],[6,-1],[2,-7],[7,-6],[3,-5],[6,-1],[-1,-4],[7,-14],[4,-13],[4,-2],[3,-6],[7,-10],[-14,-9],[-2,-6],[-4,1],[-4,7],[-5,13],[-5,6],[2,6],[-1,7],[-5,9],[-8,4],[-7,1],[-4,-4],[-10,0],[-3,3],[-15,1],[-19,4],[-4,3],[-17,5],[-8,4],[-10,7],[-9,10],[-10,7],[-7,8],[-9,5],[-4,5],[-2,10],[0,11],[-7,7],[-6,1],[-6,7],[-1,9],[-4,11],[-16,20],[-13,19],[-3,9],[-7,18],[4,11],[5,10],[0,6],[17,0],[12,-2],[13,2],[23,8],[10,9],[18,22],[10,17],[1,6],[9,2]],[[10053,931],[9,-3],[2,-4],[11,-5],[4,-4],[1,-10],[7,-3],[1,-4],[10,-4],[5,-1],[1,-5],[7,-2],[-1,-6],[-8,-4],[-3,-11],[-6,0],[-7,-8],[-4,-8],[2,-17],[-16,0],[-8,-3],[-11,-9],[-5,-2],[-4,4],[-3,11],[-5,-1],[-3,7],[-7,8],[-4,6],[-11,6],[-4,5],[1,9],[2,3],[4,14],[12,16],[6,4],[4,8],[3,2],[6,10],[6,2],[6,-1]],[[10202,970],[11,-4],[6,0],[9,-5],[2,-12],[6,-1],[7,-6],[-8,-5],[-7,-9],[-1,-7],[-2,-2],[-9,-3],[-4,1],[-4,4],[0,6],[-3,4],[-2,8],[0,25],[-1,6]],[[10301,1014],[6,2],[8,-5],[4,-1],[16,-8],[2,5],[5,-7],[5,0],[-1,-9],[11,-5],[1,-7],[4,-3],[7,1],[2,-4],[9,-9],[7,1],[6,-3],[5,-5],[11,4],[-2,-9],[2,-3],[7,0],[0,-9],[2,-12],[-3,-3],[1,-8],[-4,-1],[-4,4],[-7,7],[-8,3],[-5,0],[-6,7],[-5,13],[0,7],[-4,7],[-9,6],[-5,1],[-6,3],[4,5],[-6,7],[-16,12],[-12,4],[-9,5],[-21,2],[-11,4],[0,9],[13,-2],[1,-4],[5,-2]],[[10144,1097],[8,-5],[4,1],[15,-6],[4,-4],[0,-6],[-10,-4],[-10,-1],[-4,1],[-20,0],[-3,3],[-2,9],[1,5],[5,1],[5,7],[7,-1]],[[10407,1108],[-18,8],[-12,11],[-8,17],[5,0],[5,-2],[8,-10],[5,-2],[6,-6],[8,-11],[1,-5]],[[13833,3929],[24,32],[15,30],[14,35],[11,33],[5,31],[1,63],[-4,37],[-4,71],[-7,37],[-8,34],[-10,31],[-8,36],[-20,67],[-7,32],[-4,34],[10,34],[19,36],[31,27],[31,15],[31,12],[65,31],[30,29],[16,33],[58,145],[93,-30],[238,23],[318,34],[596,-22],[-42,-541],[-26,-727],[13,-127],[-132,-88],[-27,-90],[-35,-121],[-133,47],[-45,8],[-237,-39],[-278,-42],[-192,34],[-193,-94],[-164,-278],[-365,100],[-309,119],[-74,-16],[-10,20],[-39,3],[29,31],[107,98],[81,123],[-8,24],[74,163],[4,60],[15,34],[16,64],[13,36],[39,46],[37,24],[31,11],[64,9],[31,7],[31,9],[66,30],[34,21],[64,42],[26,30]],[[12935,1865],[28,-232]],[[12974,1590],[-90,-9],[-42,42],[-51,53],[-15,20],[-57,72],[-56,49],[-10,-8],[-20,24],[-15,4],[-15,29],[-29,12],[-7,0],[-20,-4],[-20,23],[-17,3],[-28,-16],[-29,-1],[-5,-18],[-29,19],[-27,-26],[-37,-19],[-7,6],[-3,-7],[-12,-7],[-13,-9],[-35,-44],[-28,-15],[22,-36],[-39,-45]],[[12131,1726],[-3,37]],[[11969,1320],[4,-9],[22,-13]],[[12161,1274],[-3,-4],[10,-67],[-20,-9],[-8,-18],[-1,-15],[4,-28],[35,18],[33,-32],[27,-5],[2,-26],[15,-19],[4,-22],[9,-29],[-12,14],[-4,8],[-9,1],[2,-12],[-7,-2],[-3,-15],[-6,4],[-9,13],[-5,1],[-6,-3],[-6,-17],[-7,6],[-3,-1],[-7,4],[-1,14],[-11,9],[-4,0],[-1,-22],[8,-4],[-6,-8],[-3,-20],[-2,-5],[1,-6],[6,-9],[-1,-6],[-5,-4],[1,-23],[24,-13],[-2,-8],[2,-9],[-17,-9],[-11,-4],[-4,-8],[-12,-2],[-5,-3],[-9,1],[-16,-9],[-66,64],[-88,-2],[-42,-67],[-14,-6]],[[11908,860],[-4,13],[-45,39]],[[11887,1181],[38,127]],[[11941,1367],[6,22]],[[11947,1389],[24,3]],[[11971,713],[-27,-78],[16,-73]],[[11960,562],[-18,-17],[-38,-35]],[[11904,510],[-35,-7],[6,-55],[-20,-40],[-20,-29],[-11,4],[-11,-4],[-7,-6],[-20,-3],[2,-18]],[[11788,352],[2,-13],[-3,-4]],[[11787,335],[-8,-12],[0,-8],[14,1],[-22,-38],[-39,-45],[-68,-57],[-74,-22]],[[11590,154],[-6,15],[-6,9],[-7,8],[-15,2],[-13,8],[0,5],[-3,2],[-4,7],[2,4],[-1,21],[0,4],[-8,12],[-1,23],[-7,13],[-5,4],[-4,10],[-1,9],[-3,10],[5,18],[3,7],[-2,15],[9,10],[5,27],[4,9],[-2,4],[3,22],[-6,11],[6,0],[-1,16],[-11,4],[-10,0],[-4,-2],[-6,3],[-1,5],[5,2],[4,-6],[12,-1],[12,-4],[9,7],[-1,4]],[[11541,471],[129,-16],[-23,114],[-1,10],[-7,32],[-53,123],[8,71]],[[11594,805],[7,27],[3,-5]],[[11908,860],[14,-42],[16,-13],[6,-22],[27,-70]],[[11818,1225],[-3,1]],[[11539,1029],[-26,-32],[-40,-18],[-14,65],[-11,54]],[[11595,807],[-1,-2]],[[11541,471],[-2,5],[-10,5],[-7,-8],[-4,-2],[-4,4],[-1,14],[4,1],[1,5],[1,14],[-4,4],[-4,-10],[-1,-10],[-4,1],[-6,10],[2,8],[1,11],[-5,14],[-2,8],[-6,7],[-4,7],[-5,5],[-5,1],[-5,7],[0,4],[11,5],[-9,2],[2,7],[-5,3],[-3,12],[-5,10],[-5,9],[0,3],[-6,14],[4,9],[-6,6],[-12,5],[-4,-3],[-7,7],[-4,2],[-3,6],[5,0],[-2,9],[-6,5],[-12,7],[-9,16],[-9,3],[-4,-6],[-7,7],[-9,-4],[2,6],[-5,5],[-5,-3],[-10,13],[-6,4],[-11,2],[-12,-1],[-9,4],[-1,11],[5,-2],[2,15],[-3,4],[-5,-2],[-4,7],[-13,16],[-8,0],[-7,3],[-3,-2],[-6,8],[0,3],[-5,4],[-4,6],[-3,-2],[0,13],[6,7],[-1,5],[8,3],[-1,18],[5,8],[-4,6],[5,8],[-2,13],[-2,14],[-8,12],[-2,25],[3,10],[5,22],[12,-1],[6,10],[2,13],[-5,7]],[[11971,713],[51,-134],[77,33],[27,-102],[3,-31],[-5,0],[-5,-3],[-1,-8],[-11,-15],[8,-13],[2,-12],[-2,-18],[-2,-16],[0,-6],[-4,-24],[-3,-17],[-8,-7],[-3,-28],[-8,-43],[-8,-25],[-3,-2],[-16,2],[-33,-6],[-16,3],[-8,-1],[-8,-2],[-45,-6],[-6,-2],[-32,-3],[-10,1],[-6,-3],[-26,-20],[-17,-10],[-8,-7],[-8,-11],[-1,-13],[-3,-13],[-3,-20],[-3,-17],[3,-8],[3,-5],[6,-13],[-4,-14],[-1,-6],[-5,-14],[-1,-7],[17,-3],[2,-4],[-4,-7],[-13,-3],[-12,1],[-11,-6],[-31,-6],[-101,-19],[-4,14],[-23,12],[-12,10],[-10,2],[-15,4],[-15,-4],[-9,3],[-2,12],[-5,12],[-4,3],[0,9],[5,3],[2,7],[7,4],[2,9],[3,3],[2,12],[2,2],[-2,12],[-3,15],[0,8],[-4,2]],[[11787,335],[3,4],[-2,13]],[[11904,510],[38,35],[18,17]],[[11082,1252],[-7,4],[-15,5],[-12,8],[-1,3],[-10,7],[-6,0],[-6,6],[-8,1],[-7,10],[-2,-6],[4,-13],[-5,-3],[4,-7],[0,-3],[6,-11],[9,-4],[6,-11],[-2,-4],[4,-8],[6,-10],[-5,-3],[3,-6],[7,-11],[4,-2],[3,-6],[5,-6],[0,-3],[-10,2],[-10,-4],[-7,-6],[-5,-5],[-4,-10],[1,-12],[3,-14],[2,-6],[5,-4],[2,-5],[-5,-11],[3,-4],[-2,-6],[0,-10],[3,-10],[-1,-7],[2,-13],[-2,-3],[2,-10],[4,-2],[-1,-6],[-9,-7],[-3,-9],[-3,12],[-1,15],[0,27],[-1,6],[-1,27],[-1,4],[-1,42],[-1,9],[-1,36],[-3,19],[-4,19],[-4,15],[-5,20],[-3,2],[-7,26],[-1,7],[-3,6],[-4,3],[-1,11],[-3,4],[0,11],[1,18],[-5,18],[-1,13],[4,34],[1,14],[-2,21],[-3,18],[-5,15],[-2,12],[0,12],[-3,21],[-6,17],[-2,-14],[-6,-6],[-6,1],[-3,5],[5,10],[-1,31],[7,14],[6,20],[2,15],[1,19],[-1,15],[-5,21],[-7,16],[-5,5],[-11,8],[-16,5],[-5,7],[-2,7],[-5,6],[-3,-8],[-1,-10],[-5,10],[2,-21],[-7,3],[-3,6],[-2,12],[-4,13]],[[12508,4193],[76,3]],[[12386,3708],[-2,0],[-51,-130]],[[11480,2925],[13,5]],[[10881,4249],[55,12],[44,33],[91,37],[148,185],[43,-140],[59,-37],[110,-171],[37,9],[26,-1],[75,-48],[188,18],[0,-92]],[[14058,2099],[69,141],[-41,82],[-278,54]],[[15394,2717],[416,-115],[18,-66],[371,-6]],[[16199,2530],[-17,-296],[17,-225]],[[16199,2009],[16,-95],[-48,-458],[-1311,232],[-263,0],[-339,2],[-49,-18],[-26,-9],[-21,-10],[-21,-7],[-30,10]],[[14153,1977],[-51,119],[-44,3]],[[14058,2099],[-32,2]],[[13243,2023],[-26,-13]],[[16199,2530],[821,62]],[[17020,2592],[58,123],[177,292]],[[17653,2743],[600,24]],[[18481,2803],[-20,-155],[56,-347],[16,-171],[90,-190],[-73,-79],[-61,-87],[-59,-94],[-65,-139],[-53,-139],[-46,-109],[-10,-94],[-27,-42],[-67,-58],[-131,-45],[-89,-88],[-88,-33],[-236,15],[-58,33],[-19,55],[-328,424],[-220,24],[-218,-103],[-608,75],[48,458],[-16,95]],[[16199,2009],[-17,225],[17,296]],[[15353,2853],[-42,122],[23,29]],[[15298,3141],[-180,64],[35,121],[99,-21]],[[15389,3242],[59,-89],[83,42],[127,11],[107,41],[83,-31],[122,-26],[54,-89],[83,-157],[28,-162],[64,-252]],[[23488,3982],[-28,-6],[-75,-13]],[[9450,6018],[-4,3],[-66,-13],[-59,50],[-20,52]],[[9301,6110],[71,58],[35,42],[27,60],[11,-1],[15,-25]],[[9484,6199],[-14,-21]],[[9836,5012],[149,67],[92,162],[140,260],[47,98],[47,149],[15,36],[133,-88],[-8,-343],[65,-175],[37,-140],[111,0],[20,-52],[-156,-64],[-59,-67],[-122,-4],[-98,6],[-50,101]],[[10935,4777],[110,9],[12,-35]],[[11190,4480],[-119,-149],[-91,-37],[-44,-33],[-181,-40],[-25,-31],[-18,25],[-259,-1],[5,190],[-72,156],[-61,199],[-68,82],[-8,16],[98,-6],[122,4],[59,67],[156,64],[-20,52]],[[9620,5689],[-135,-1],[-36,-43],[-4,-67],[-162,-49],[-31,-80],[8,-49],[-90,-39]],[[9170,5361],[-47,50],[-54,2],[32,63],[57,83],[4,136],[-68,71],[-39,132],[5,47],[87,60],[15,3],[139,102]],[[9301,6110],[20,-52],[59,-50],[66,13],[20,-78],[96,-133],[33,-69],[25,-52]],[[9614,4962],[-4,-37],[-3,-16],[-148,56],[-122,49],[-38,81],[-54,105],[-15,98],[-60,63]]],"transform":{"scale":[0.0007053677617554449,0.0006244846649981908],"translate":[34.59514956340166,16.379562199605402]},"objects":{"SAU_ADM2_fixedInternalTopology":{"type":"GeometryCollection","geometries":[{"arcs":[[0]],"type":"Polygon","properties":{"shapeName":"Al Harth","shapeISO":"None","shapeID":"SAU-ADM2-1590671490-B1","shapeGroup":"SAU","shapeType":"ADM2"}},{"arcs":[[1,2,3,4,5,6,7,8,9,10,11,12,13]],"type":"Polygon","properties":{"shapeName":"Al Dayer","shapeISO":"None","shapeID":"SAU-ADM2-1590671490-B2","shapeGroup":"SAU","shapeType":"ADM2"}},{"arcs":[[14,15,-10,16,17,18,19,20,21,22]],"type":"Polygon","properties":{"shapeName":"Al Reeth","shapeISO":"None","shapeID":"SAU-ADM2-1590671490-B3","shapeGroup":"SAU","shapeType":"ADM2"}},{"arcs":[[23,24,25,26,27,28,29,30]],"type":"Polygon","properties":{"shapeName":"Abu Areesh","shapeISO":"None","shapeID":"SAU-ADM2-1590671490-B4","shapeGroup":"SAU","shapeType":"ADM2"}},{"arcs":[[31,32,33,34,-21,35,36,37]],"type":"Polygon","properties":{"shapeName":"Al Darb","shapeISO":"None","shapeID":"SAU-ADM2-1590671490-B5","shapeGroup":"SAU","shapeType":"ADM2"}},{"arcs":[[38,39,40,41,42,43,44,-19,-7,45,46]],"type":"Polygon","properties":{"shapeName":"Al Eidabi","shapeISO":"None","shapeID":"SAU-ADM2-1590671490-B6","shapeGroup":"SAU","shapeType":"ADM2"}},{"arcs":[[47,48,49,50,51,52,53,54]],"type":"Polygon","properties":{"shapeName":"Najran","shapeISO":"None","shapeID":"SAU-ADM2-1590671490-B7","shapeGroup":"SAU","shapeType":"ADM2"}},{"arcs":[[55,56,57,58,59,60,61,62,63]],"type":"Polygon","properties":{"shapeName":"Najran","shapeISO":"None","shapeID":"SAU-ADM2-1590671490-B8","shapeGroup":"SAU","shapeType":"ADM2"}},{"arcs":[[64,65,66,67,68,69,70]],"type":"Polygon","properties":{"shapeName":"Thaar","shapeISO":"None","shapeID":"SAU-ADM2-1590671490-B9","shapeGroup":"SAU","shapeType":"ADM2"}},{"arcs":[[-70,71,72,-53,73,74,75,76,77,78]],"type":"Polygon","properties":{"shapeName":"Badr Janoub","shapeISO":"None","shapeID":"SAU-ADM2-1590671490-B10","shapeGroup":"SAU","shapeType":"ADM2"}},{"arcs":[[79,-78,80,-76,81,82,-12,83,84,-23,85,86,87,88,89,90,91,92]],"type":"Polygon","properties":{"shapeName":"Sarat Abaida","shapeISO":"None","shapeID":"SAU-ADM2-1590671490-B11","shapeGroup":"SAU","shapeType":"ADM2"}},{"arcs":[[93,-88,94,95,96]],"type":"Polygon","properties":{"shapeName":"Uhd Rofidah","shapeISO":"None","shapeID":"SAU-ADM2-1590671490-B12","shapeGroup":"SAU","shapeType":"ADM2"}},{"arcs":[[-44,97,-42,98,99,100,101]],"type":"Polygon","properties":{"shapeName":"Sabya","shapeISO":"None","shapeID":"SAU-ADM2-1590671490-B13","shapeGroup":"SAU","shapeType":"ADM2"}},{"arcs":[[102,103,104,105,-38,106]],"type":"Polygon","properties":{"shapeName":"Rejal Almaa","shapeISO":"None","shapeID":"SAU-ADM2-1590671490-B14","shapeGroup":"SAU","shapeType":"ADM2"}},{"arcs":[[107]],"type":"Polygon","properties":{"shapeName":"Al Birk","shapeISO":"None","shapeID":"SAU-ADM2-1590671490-B15","shapeGroup":"SAU","shapeType":"ADM2"}},{"arcs":[[108,109,110,111,-103,112,113,114,115,116]],"type":"Polygon","properties":{"shapeName":"Mahail","shapeISO":"None","shapeID":"SAU-ADM2-1590671490-B16","shapeGroup":"SAU","shapeType":"ADM2"}},{"arcs":[[117,118,119,120,121,-96,122,-86,-22,-35,123,-33,124,-105,125,-111]],"type":"Polygon","properties":{"shapeName":"Abha","shapeISO":"None","shapeID":"SAU-ADM2-1590671490-B17","shapeGroup":"SAU","shapeType":"ADM2"}},{"arcs":[[-119,126,-109,127,-116,128,129,130,131,132]],"type":"Polygon","properties":{"shapeName":"Al Majardah","shapeISO":"None","shapeID":"SAU-ADM2-1590671490-B18","shapeGroup":"SAU","shapeType":"ADM2"}},{"arcs":[[133,134,135,136,137]],"type":"Polygon","properties":{"shapeName":"Al Baha","shapeISO":"None","shapeID":"SAU-ADM2-1590671490-B19","shapeGroup":"SAU","shapeType":"ADM2"}},{"arcs":[[138]],"type":"Polygon","properties":{"shapeName":"Taif","shapeISO":"None","shapeID":"SAU-ADM2-1590671490-B20","shapeGroup":"SAU","shapeType":"ADM2"}},{"arcs":[[139,140,-134,141,142,143,144]],"type":"Polygon","properties":{"shapeName":"Al Qora","shapeISO":"None","shapeID":"SAU-ADM2-1590671490-B21","shapeGroup":"SAU","shapeType":"ADM2"}},{"arcs":[[145,146,147,148,149,150]],"type":"Polygon","properties":{"shapeName":"Baljurashi","shapeISO":"None","shapeID":"SAU-ADM2-1590671490-B22","shapeGroup":"SAU","shapeType":"ADM2"}},{"arcs":[[151,-150,152,-148,153,154,155,156]],"type":"Polygon","properties":{"shapeName":"Bishah","shapeISO":"None","shapeID":"SAU-ADM2-1590671490-B23","shapeGroup":"SAU","shapeType":"ADM2"}},{"arcs":[[157,158,-135,-141,159,-145,160]],"type":"Polygon","properties":{"shapeName":"Al Aqiq","shapeISO":"None","shapeID":"SAU-ADM2-1590671490-B24","shapeGroup":"SAU","shapeType":"ADM2"}},{"arcs":[[[161]],[[162]],[[163,164,165]]],"type":"MultiPolygon","properties":{"shapeName":"Leeth","shapeISO":"None","shapeID":"SAU-ADM2-1590671490-B25","shapeGroup":"SAU","shapeType":"ADM2"}},{"arcs":[[-165,166,167,168,169]],"type":"Polygon","properties":{"shapeName":"Mekkah","shapeISO":"None","shapeID":"SAU-ADM2-1590671490-B26","shapeGroup":"SAU","shapeType":"ADM2"}},{"arcs":[[170,171,172,173,174,175]],"type":"Polygon","properties":{"shapeName":"Torbah","shapeISO":"None","shapeID":"SAU-ADM2-1590671490-B27","shapeGroup":"SAU","shapeType":"ADM2"}},{"arcs":[[176,177,178,179,-173,180,-171,181]],"type":"Polygon","properties":{"shapeName":"Khormah","shapeISO":"None","shapeID":"SAU-ADM2-1590671490-B28","shapeGroup":"SAU","shapeType":"ADM2"}},{"arcs":[[-158,182,-175,183,-179,184,185,186,187,188,189,190,191,192,193,194]],"type":"Polygon","properties":{"shapeName":"Raniah","shapeISO":"None","shapeID":"SAU-ADM2-1590671490-B29","shapeGroup":"SAU","shapeType":"ADM2"}},{"arcs":[[[195]],[[196]],[[197,198,-132,199,-130,200,-114,201]]],"type":"MultiPolygon","properties":{"shapeName":"Qunfudhah","shapeISO":"None","shapeID":"SAU-ADM2-1590671490-B30","shapeGroup":"SAU","shapeType":"ADM2"}},{"arcs":[[202,203,204,205]],"type":"Polygon","properties":{"shapeName":"Turaif","shapeISO":"None","shapeID":"SAU-ADM2-1590671490-B31","shapeGroup":"SAU","shapeType":"ADM2"}},{"arcs":[[206,-203,207,208]],"type":"Polygon","properties":{"shapeName":"Arar","shapeISO":"None","shapeID":"SAU-ADM2-1590671490-B32","shapeGroup":"SAU","shapeType":"ADM2"}},{"arcs":[[209,210,-205]],"type":"Polygon","properties":{"shapeName":"Qurayyat","shapeISO":"None","shapeID":"SAU-ADM2-1590671490-B33","shapeGroup":"SAU","shapeType":"ADM2"}},{"arcs":[[211,212,213,214,215,216,217,-209,218]],"type":"Polygon","properties":{"shapeName":"Rafha","shapeISO":"None","shapeID":"SAU-ADM2-1590671490-B34","shapeGroup":"SAU","shapeType":"ADM2"}},{"arcs":[[219,220,-212,221,222,223,224,225]],"type":"Polygon","properties":{"shapeName":"Hafar Al-Batin","shapeISO":"None","shapeID":"SAU-ADM2-1590671490-B35","shapeGroup":"SAU","shapeType":"ADM2"}},{"arcs":[[226,227,-223,228]],"type":"Polygon","properties":{"shapeName":"Khafji","shapeISO":"None","shapeID":"SAU-ADM2-1590671490-B36","shapeGroup":"SAU","shapeType":"ADM2"}},{"arcs":[[229,230]],"type":"Polygon","properties":{"shapeName":"Kharkheer","shapeISO":"None","shapeID":"SAU-ADM2-1590671490-B37","shapeGroup":"SAU","shapeType":"ADM2"}},{"arcs":[[231,232,233,234,235,236,237,238,239,240,241,242,243,244,245,246,247,248,249,250,251,252,253,254,255]],"type":"Polygon","properties":{"shapeName":"Al Ahsa","shapeISO":"None","shapeID":"SAU-ADM2-1590671490-B38","shapeGroup":"SAU","shapeType":"ADM2"}},{"arcs":[[-237,256,257,258,259,260,261,262,263]],"type":"Polygon","properties":{"shapeName":"Khobar","shapeISO":"None","shapeID":"SAU-ADM2-1590671490-B39","shapeGroup":"SAU","shapeType":"ADM2"}},{"arcs":[[264,265,266,267,268,269,270,271,-240]],"type":"Polygon","properties":{"shapeName":"As Sulayyil","shapeISO":"None","shapeID":"SAU-ADM2-1590671490-B40","shapeGroup":"SAU","shapeType":"ADM2"}},{"arcs":[[272,-250,273,274,275,276,277,278,279,280,281,282,283,284,285,286,287,288,289,290,291]],"type":"Polygon","properties":{"shapeName":"Rumah","shapeISO":"None","shapeID":"SAU-ADM2-1590671490-B41","shapeGroup":"SAU","shapeType":"ADM2"}},{"arcs":[[292,293,294,295,296,-215]],"type":"Polygon","properties":{"shapeName":"Baqaa","shapeISO":"None","shapeID":"SAU-ADM2-1590671490-B42","shapeGroup":"SAU","shapeType":"ADM2"}},{"arcs":[[297,298,299,300,301,302,303,304,305,306,-296]],"type":"Polygon","properties":{"shapeName":"Al Shinan","shapeISO":"None","shapeID":"SAU-ADM2-1590671490-B43","shapeGroup":"SAU","shapeType":"ADM2"}},{"arcs":[[307,308,-258,309,310,-234,311,312,313,314,315,-227]],"type":"Polygon","properties":{"shapeName":"Al Nairyah","shapeISO":"None","shapeID":"SAU-ADM2-1590671490-B44","shapeGroup":"SAU","shapeType":"ADM2"}},{"arcs":[[-228,-316,316,-254,317,318,-292,319,-224]],"type":"Polygon","properties":{"shapeName":"Quaryat al-Ulya","shapeISO":"None","shapeID":"SAU-ADM2-1590671490-B45","shapeGroup":"SAU","shapeType":"ADM2"}},{"arcs":[[320,321,322,323,324,325,326,327,328,329,330,331,332,333]],"type":"Polygon","properties":{"shapeName":"Al Aflaj","shapeISO":"None","shapeID":"SAU-ADM2-1590671490-B46","shapeGroup":"SAU","shapeType":"ADM2"}},{"arcs":[[334,335,336,337,338,339,340,341,342,343,344,345,346,-193,347,348,-190,349,-188,350,351,352,353,-328,354,-266,355]],"type":"Polygon","properties":{"shapeName":"Wadi ad-Dwasir","shapeISO":"None","shapeID":"SAU-ADM2-1590671490-B47","shapeGroup":"SAU","shapeType":"ADM2"}},{"arcs":[[-333,356,357,358,359,360,361,362,363,364,365,366,367]],"type":"Polygon","properties":{"shapeName":"Al-Kharj","shapeISO":"None","shapeID":"SAU-ADM2-1590671490-B48","shapeGroup":"SAU","shapeType":"ADM2"}},{"arcs":[[-332,368,-357]],"type":"Polygon","properties":{"shapeName":"Hotat Bani Tamim","shapeISO":"None","shapeID":"SAU-ADM2-1590671490-B49","shapeGroup":"SAU","shapeType":"ADM2"}},{"arcs":[[-358,-369,-331,369,370,371,372,373,374]],"type":"Polygon","properties":{"shapeName":"Almara","shapeISO":"None","shapeID":"SAU-ADM2-1590671490-B50","shapeGroup":"SAU","shapeType":"ADM2"}},{"arcs":[[-207,-218,375,376,377,378,379,380,-210,-204]],"type":"Polygon","properties":{"shapeName":"Sakakah","shapeISO":"None","shapeID":"SAU-ADM2-1590671490-B51","shapeGroup":"SAU","shapeType":"ADM2"}},{"arcs":[[381,382,383,384,385,-379]],"type":"Polygon","properties":{"shapeName":"Dumat al-Jandal","shapeISO":"None","shapeID":"SAU-ADM2-1590671490-B52","shapeGroup":"SAU","shapeType":"ADM2"}},{"arcs":[[386,387,388,389,390,391,-359,-375,392,393,394,395]],"type":"Polygon","properties":{"shapeName":"Al-Muzahimiyya","shapeISO":"None","shapeID":"SAU-ADM2-1590671490-B53","shapeGroup":"SAU","shapeType":"ADM2"}},{"arcs":[[396,397,398,399,-371,400,401,-353,-185,-178,402,403,404,405,406,407,408,409,410,411]],"type":"Polygon","properties":{"shapeName":"Al-Quway'iyah","shapeISO":"None","shapeID":"SAU-ADM2-1590671490-B54","shapeGroup":"SAU","shapeType":"ADM2"}},{"arcs":[[412,413,414,-403,-177,415,416,417,418,419,420,421,422,423,424,425,426]],"type":"Polygon","properties":{"shapeName":"Afif","shapeISO":"None","shapeID":"SAU-ADM2-1590671490-B55","shapeGroup":"SAU","shapeType":"ADM2"}},{"arcs":[[-385,427,428,429,430,431,432,433]],"type":"Polygon","properties":{"shapeName":"Tayma","shapeISO":"None","shapeID":"SAU-ADM2-1590671490-B56","shapeGroup":"SAU","shapeType":"ADM2"}},{"arcs":[[434,435,436,437,438,439,440,441,442,443,-433,444]],"type":"Polygon","properties":{"shapeName":"Al- 'Ula","shapeISO":"None","shapeID":"SAU-ADM2-1590671490-B57","shapeGroup":"SAU","shapeType":"ADM2"}},{"arcs":[[-441,445,446,447,448,449]],"type":"Polygon","properties":{"shapeName":"Al Wajh","shapeISO":"None","shapeID":"SAU-ADM2-1590671490-B58","shapeGroup":"SAU","shapeType":"ADM2"}},{"arcs":[[450,-439,451,452,-447]],"type":"Polygon","properties":{"shapeName":"Umluj","shapeISO":"None","shapeID":"SAU-ADM2-1590671490-B59","shapeGroup":"SAU","shapeType":"ADM2"}},{"arcs":[[453,454,455,456,457,458,459,-435,460,-431]],"type":"Polygon","properties":{"shapeName":"Khaybar","shapeISO":"None","shapeID":"SAU-ADM2-1590671490-B60","shapeGroup":"SAU","shapeType":"ADM2"}},{"arcs":[[-386,-434,-444,461,462,463,464,-380]],"type":"Polygon","properties":{"shapeName":"Tabuk","shapeISO":"None","shapeID":"SAU-ADM2-1590671490-B61","shapeGroup":"SAU","shapeType":"ADM2"}},{"arcs":[[-464,465]],"type":"Polygon","properties":{"shapeName":"Haql","shapeISO":"None","shapeID":"SAU-ADM2-1590671490-B62","shapeGroup":"SAU","shapeType":"ADM2"}},{"arcs":[[-443,-449,466,-462]],"type":"Polygon","properties":{"shapeName":"Duba","shapeISO":"None","shapeID":"SAU-ADM2-1590671490-B63","shapeGroup":"SAU","shapeType":"ADM2"}},{"arcs":[[-297,-307,467,468,-455,469,-429,470,-383,471,-377,472,-216]],"type":"Polygon","properties":{"shapeName":"Ha'il","shapeISO":"None","shapeID":"SAU-ADM2-1590671490-B64","shapeGroup":"SAU","shapeType":"ADM2"}},{"arcs":[[473,474,475,476,477,478,479,-298,480,481,482,483,484,485,486,487,488,489,490,491,492,493,494,495]],"type":"Polygon","properties":{"shapeName":"Buraridah","shapeISO":"None","shapeID":"SAU-ADM2-1590671490-B65","shapeGroup":"SAU","shapeType":"ADM2"}},{"arcs":[[496,497,498,-489,499]],"type":"Polygon","properties":{"shapeName":"Asyah","shapeISO":"None","shapeID":"SAU-ADM2-1590671490-B66","shapeGroup":"SAU","shapeType":"ADM2"}},{"arcs":[[500,501,502,-498,503]],"type":"Polygon","properties":{"shapeName":"Az-Zulfi","shapeISO":"None","shapeID":"SAU-ADM2-1590671490-B67","shapeGroup":"SAU","shapeType":"ADM2"}},{"arcs":[[504,505,506,-501,507]],"type":"Polygon","properties":{"shapeName":"Al-Ghat","shapeISO":"None","shapeID":"SAU-ADM2-1590671490-B68","shapeGroup":"SAU","shapeType":"ADM2"}},{"arcs":[[-320,-291,508,509,510,511,-508,-504,-497,512,513,514,-225]],"type":"Polygon","properties":{"shapeName":"Al-Majmaah","shapeISO":"None","shapeID":"SAU-ADM2-1590671490-B69","shapeGroup":"SAU","shapeType":"ADM2"}},{"arcs":[[-290,515,516,517,518,519,-509]],"type":"Polygon","properties":{"shapeName":"Huraymila","shapeISO":"None","shapeID":"SAU-ADM2-1590671490-B70","shapeGroup":"SAU","shapeType":"ADM2"}},{"arcs":[[-511,520,-519,521,522,523,-506]],"type":"Polygon","properties":{"shapeName":"Shaqra","shapeISO":"None","shapeID":"SAU-ADM2-1590671490-B71","shapeGroup":"SAU","shapeType":"ADM2"}},{"arcs":[[-518,524,-396,525,526,527,-522]],"type":"Polygon","properties":{"shapeName":"Murat","shapeISO":"None","shapeID":"SAU-ADM2-1590671490-B72","shapeGroup":"SAU","shapeType":"ADM2"}},{"arcs":[[528,529,-426,530,531,532,533]],"type":"Polygon","properties":{"shapeName":"Ar Rass","shapeISO":"None","shapeID":"SAU-ADM2-1590671490-B73","shapeGroup":"SAU","shapeType":"ADM2"}},{"arcs":[[-523,-528,534,535,536,537,538,539,540,541,542,543,544,-529,545,546,547,548,-495,549,550,551,552]],"type":"Polygon","properties":{"shapeName":"Dawadmi","shapeISO":"None","shapeID":"SAU-ADM2-1590671490-B74","shapeGroup":"SAU","shapeType":"ADM2"}},{"arcs":[[553,554,555,556,-452,-438]],"type":"Polygon","properties":{"shapeName":"Yanbu","shapeISO":"None","shapeID":"SAU-ADM2-1590671490-B75","shapeGroup":"SAU","shapeType":"ADM2"}},{"arcs":[[557,558,-556,559]],"type":"Polygon","properties":{"shapeName":"Badr","shapeISO":"None","shapeID":"SAU-ADM2-1590671490-B76","shapeGroup":"SAU","shapeType":"ADM2"}},{"arcs":[[560,561,562,563,564,565,566,567,568,569,-558]],"type":"Polygon","properties":{"shapeName":"Rabigh","shapeISO":"None","shapeID":"SAU-ADM2-1590671490-B77","shapeGroup":"SAU","shapeType":"ADM2"}},{"arcs":[[570,571,572,573,574,-561,-560,-555,575,-436,-460]],"type":"Polygon","properties":{"shapeName":"Medina","shapeISO":"None","shapeID":"SAU-ADM2-1590671490-B78","shapeGroup":"SAU","shapeType":"ADM2"}},{"arcs":[[576,-533,577,578,579,-572,580,-458,581,582]],"type":"Polygon","properties":{"shapeName":"Al Hinakiyah","shapeISO":"None","shapeID":"SAU-ADM2-1590671490-B79","shapeGroup":"SAU","shapeType":"ADM2"}},{"arcs":[[-305,583,584,585,586,-583,587,-456,-469]],"type":"Polygon","properties":{"shapeName":"Al Khazaiah","shapeISO":"None","shapeID":"SAU-ADM2-1590671490-B80","shapeGroup":"SAU","shapeType":"ADM2"}},{"arcs":[[588,-585,589,-303]],"type":"Polygon","properties":{"shapeName":"Ha'il","shapeISO":"None","shapeID":"SAU-ADM2-1590671490-B81","shapeGroup":"SAU","shapeType":"ADM2"}},{"arcs":[[590,591,592,593,594,595,596,597]],"type":"Polygon","properties":{"shapeName":"Uyun Al Jawa","shapeISO":"None","shapeID":"SAU-ADM2-1590671490-B82","shapeGroup":"SAU","shapeType":"ADM2"}},{"arcs":[[598,-596,599,600,601,-592,602,603,604,-474,605,606,607,608,609,610,611,612,613,614,615,616,617,-478]],"type":"Polygon","properties":{"shapeName":"Al Bukayriyah","shapeISO":"None","shapeID":"SAU-ADM2-1590671490-B83","shapeGroup":"SAU","shapeType":"ADM2"}},{"arcs":[[618,619,-568,620,621,622,-564,623,624,625]],"type":"Polygon","properties":{"shapeName":"Khulays","shapeISO":"None","shapeID":"SAU-ADM2-1590671490-B84","shapeGroup":"SAU","shapeType":"ADM2"}},{"arcs":[[626,627,628,629,630,631]],"type":"Polygon","properties":{"shapeName":"Al Kamil","shapeISO":"None","shapeID":"SAU-ADM2-1590671490-B85","shapeGroup":"SAU","shapeType":"ADM2"}},{"arcs":[[632,633,-632,634,-169,635,636]],"type":"Polygon","properties":{"shapeName":"Al Jumum","shapeISO":"None","shapeID":"SAU-ADM2-1590671490-B86","shapeGroup":"SAU","shapeType":"ADM2"}},{"arcs":[[637,-636,-168,638]],"type":"Polygon","properties":{"shapeName":"Jeddah","shapeISO":"None","shapeID":"SAU-ADM2-1590671490-B87","shapeGroup":"SAU","shapeType":"ADM2"}},{"arcs":[[639,-631,640,-629,641,642,643,644,-422,645,-420,646,647,-417]],"type":"Polygon","properties":{"shapeName":"Mahd adh Dhahab","shapeISO":"None","shapeID":"SAU-ADM2-1590671490-B88","shapeGroup":"SAU","shapeType":"ADM2"}},{"arcs":[[648,649,-390,650,-388,651]],"type":"Polygon","properties":{"shapeName":"Duruma","shapeISO":"None","shapeID":"SAU-ADM2-1590671490-B89","shapeGroup":"SAU","shapeType":"ADM2"}},{"arcs":[[652,653,-285,654,-283,655,-281,656,-279,657,-365,658,-363,659,-361,660,-392,661,-649,662]],"type":"Polygon","properties":{"shapeName":"Ar-Riyad","shapeISO":"None","shapeID":"SAU-ADM2-1590671490-B90","shapeGroup":"SAU","shapeType":"ADM2"}},{"arcs":[[663,664,665,666]],"type":"Polygon","properties":{"shapeName":"Ad-Diriyah","shapeISO":"None","shapeID":"SAU-ADM2-1590671490-B91","shapeGroup":"SAU","shapeType":"ADM2"}},{"arcs":[[-548,667]],"type":"Polygon","properties":{"shapeName":"Ar Rass","shapeISO":"None","shapeID":"SAU-ADM2-1590671490-B92","shapeGroup":"SAU","shapeType":"ADM2"}},{"arcs":[[668,669,-616,670,-614,671,-612,672,673,-609,674,-607,675,676]],"type":"Polygon","properties":{"shapeName":"Al Badayea","shapeISO":"None","shapeID":"SAU-ADM2-1590671490-B93","shapeGroup":"SAU","shapeType":"ADM2"}},{"arcs":[[677,678,679,-259,-309,680]],"type":"Polygon","properties":{"shapeName":"Jubail","shapeISO":"None","shapeID":"SAU-ADM2-1590671490-B94","shapeGroup":"SAU","shapeType":"ADM2"}},{"arcs":[[[681,-263,682,-261,683,684,-678,685]],[[686]]],"type":"MultiPolygon","properties":{"shapeName":"Qatif","shapeISO":"None","shapeID":"SAU-ADM2-1590671490-B95","shapeGroup":"SAU","shapeType":"ADM2"}},{"arcs":[[-194,687,-346,688,689,-343,690,-341,691,692,-338,693,694,-335,695,696,-93,697,698,699]],"type":"Polygon","properties":{"shapeName":"Tathleeth","shapeISO":"None","shapeID":"SAU-ADM2-1590671490-B96","shapeGroup":"SAU","shapeType":"ADM2"}},{"arcs":[[[700]],[[701]],[[702]],[[703]],[[704]],[[705]],[[706]],[[707]],[[708]],[[709]],[[710]],[[711]],[[712]],[[713]],[[714]],[[715]],[[716]],[[717]],[[718]],[[719]],[[720]],[[721]],[[722]],[[723]]],"type":"MultiPolygon","properties":{"shapeName":"Farasan","shapeISO":"None","shapeID":"SAU-ADM2-1590671490-B97","shapeGroup":"SAU","shapeType":"ADM2"}},{"arcs":[[724]],"type":"Polygon","properties":{"shapeName":"Yadmah","shapeISO":"None","shapeID":"SAU-ADM2-1590671490-B98","shapeGroup":"SAU","shapeType":"ADM2"}},{"arcs":[[725,-51,726,-14,727,-82,-75]],"type":"Polygon","properties":{"shapeName":"Dhahran Janoub","shapeISO":"None","shapeID":"SAU-ADM2-1590671490-B99","shapeGroup":"SAU","shapeType":"ADM2"}},{"arcs":[[728,-3,729,730,-30,731,-47,732,733,-5]],"type":"Polygon","properties":{"shapeName":"Al Aridhah","shapeISO":"None","shapeID":"SAU-ADM2-1590671490-B100","shapeGroup":"SAU","shapeType":"ADM2"}},{"arcs":[[734,735,736,737,738,739,740,741,-24,742]],"type":"Polygon","properties":{"shapeName":"Ahd Al-Masarha","shapeISO":"None","shapeID":"SAU-ADM2-1590671490-B101","shapeGroup":"SAU","shapeType":"ADM2"}},{"arcs":[[-41,743,-27,744,-99]],"type":"Polygon","properties":{"shapeName":"Al Dhamd","shapeISO":"None","shapeID":"SAU-ADM2-1590671490-B102","shapeGroup":"SAU","shapeType":"ADM2"}},{"arcs":[[-26,745,-741,746,-100,-745]],"type":"Polygon","properties":{"shapeName":"Jazan","shapeISO":"None","shapeID":"SAU-ADM2-1590671490-B103","shapeGroup":"SAU","shapeType":"ADM2"}},{"arcs":[[747,-739,748,-737,749,-735]],"type":"Polygon","properties":{"shapeName":"Samtah","shapeISO":"None","shapeID":"SAU-ADM2-1590671490-B104","shapeGroup":"SAU","shapeType":"ADM2"}},{"arcs":[[-45,-102,750,-36,-20]],"type":"Polygon","properties":{"shapeName":"Beesh","shapeISO":"None","shapeID":"SAU-ADM2-1590671490-B105","shapeGroup":"SAU","shapeType":"ADM2"}},{"arcs":[[-699,751,-91,752,-89,-94,753,-121,754]],"type":"Polygon","properties":{"shapeName":"Khamis Mushayt","shapeISO":"None","shapeID":"SAU-ADM2-1590671490-B106","shapeGroup":"SAU","shapeType":"ADM2"}},{"arcs":[[755,-68,756,757,758,-49,759]],"type":"Polygon","properties":{"shapeName":"Khabash","shapeISO":"None","shapeID":"SAU-ADM2-1590671490-B107","shapeGroup":"SAU","shapeType":"ADM2"}},{"arcs":[[760,-55,761,-72,-69,-756]],"type":"Polygon","properties":{"shapeName":"Haboone","shapeISO":"None","shapeID":"SAU-ADM2-1590671490-B108","shapeGroup":"SAU","shapeType":"ADM2"}},{"arcs":[[[762,763,-59,764,-57,765,766]],[[-757,-67,767,-65,768,-63,769]]],"type":"MultiPolygon","properties":{"shapeName":"Sharourah","shapeISO":"None","shapeID":"SAU-ADM2-1590671490-B109","shapeGroup":"SAU","shapeType":"ADM2"}},{"arcs":[[770,-230]],"type":"Polygon","properties":{"shapeName":"Kharkheer","shapeISO":"None","shapeID":"SAU-ADM2-1590671490-B110","shapeGroup":"SAU","shapeType":"ADM2"}},{"arcs":[[771,772,-143,773,-137]],"type":"Polygon","properties":{"shapeName":"Al Mandaq","shapeISO":"None","shapeID":"SAU-ADM2-1590671490-B111","shapeGroup":"SAU","shapeType":"ADM2"}},{"arcs":[[-198,774]],"type":"Polygon","properties":{"shapeName":"Belqarn","shapeISO":"None","shapeID":"SAU-ADM2-1590671490-B112","shapeGroup":"SAU","shapeType":"ADM2"}},{"arcs":[[-157,775,-155,776]],"type":"Polygon","properties":{"shapeName":"Namas","shapeISO":"None","shapeID":"SAU-ADM2-1590671490-B113","shapeGroup":"SAU","shapeType":"ADM2"}},{"arcs":[[777,778,779]],"type":"Polygon","properties":{"shapeName":"Qilwah","shapeISO":"None","shapeID":"SAU-ADM2-1590671490-B114","shapeGroup":"SAU","shapeType":"ADM2"}},{"arcs":[[-778,-146,780]],"type":"Polygon","properties":{"shapeName":"Mikhwah","shapeISO":"None","shapeID":"SAU-ADM2-1590671490-B115","shapeGroup":"SAU","shapeType":"ADM2"}}]}}}